id,margin,epsilon,activation_case,kappa,threshold,asymptotic_threshold,threshold_ratio,uniform_ratio_upper,threshold_interval_width,raw_margin_at_threshold,raw_observation_distance,plus_threshold,plus_window_status,plus_eval_delta,plus_raw_margin,plus_raw_observation_distance,minus_status
E6_m2_zero,0.01,0.0,zero,1,0.01414213562373095,0.01414213562373095,1.0,1.0101010101010102,7.006492321624085e-46,-1.734723475976807e-18,0.014142135623730958,,no_failure_up_to_1/4,0.25,0.01,0.0,certified_first_failure_threshold
E6_m2_fixed_1,0.01,1.0,fixed_1,1,3.518053036332265e-05,3.5179659541948694e-05,1.0000247535475126,1.0101010101010102,7.006492321624085e-46,1.734723475976807e-18,3.518053036325483e-05,3.553412574481796e-05,first_failure_certified,3.553412574481796e-05,1.734723475976807e-18,3.55341257448357e-05,certified_first_failure_threshold
E6_m2_theta_0.1,0.01,0.01,theta_0.1,1,0.011591914445681107,0.01158244425549519,1.0008176331331293,1.0101010101010102,7.006492321624085e-46,1.734723475976807e-18,0.011591914445681114,,no_failure_up_to_1/4,0.25,0.0099000099980005,0.0001413789439674398,certified_first_failure_threshold
E6_m2_theta_1,0.01,0.1,theta_1,1,0.0024293578698777354,0.0024264068711928517,1.001216201091383,1.0101010101010102,7.006492321624085e-46,1.734723475976807e-18,0.0024293578698777007,,no_failure_up_to_1/4,0.25,9.804864072151392e-05,0.013731535905011156,certified_first_failure_threshold
E6_m2_theta_10,0.01,1.0,theta_10,1,3.518053036332265e-05,3.5179659541948694e-05,1.0000247535475126,1.0101010101010102,7.006492321624085e-46,1.734723475976807e-18,3.518053036325483e-05,3.553412574481796e-05,first_failure_certified,3.553412574481796e-05,1.734723475976807e-18,3.55341257448357e-05,certified_first_failure_threshold
E6_m3_zero,0.001,0.0,zero,1,0.001414213562373095,0.001414213562373095,1.0,1.001001001001001,7.006492321624085e-46,2.168404344971009e-19,0.001414213562373017,,no_failure_up_to_1/4,0.25,0.001,0.0,certified_first_failure_threshold
E6_m3_fixed_1,0.001,1.0,fixed_1,1,3.533768125620936e-07,3.5337672430612986e-07,1.0000002497503588,1.001001001001001,7.006492321624085e-46,0.0,3.5337681255577954e-07,3.537303663725321e-07,first_failure_certified,3.537303663725321e-07,0.0,3.5373036632793133e-07,certified_first_failure_threshold
E6_m3_theta_0.1,0.001,0.0031622776601683794,theta_0.1,1,0.0011583388463534267,0.0011582444255495191,1.0000815206201945,1.001001001001001,7.006492321624085e-46,2.168404344971009e-19,0.001158338846353437,,no_failure_up_to_1/4,0.25,0.0009900000999980001,1.4141711373850616e-05,certified_first_failure_threshold
E6_m3_theta_1,0.001,0.03162277660168379,theta_1,1,0.00024267013162404872,0.00024264068711928516,1.000121350236488,1.001001001001001,7.006492321624085e-46,2.168404344971009e-19,0.00024267013162411176,,no_failure_up_to_1/4,0.25,9.980049860420625e-07,0.0014099850145016092,certified_first_failure_threshold
E6_m3_theta_10,0.001,0.31622776601683794,theta_10,1,3.5179746620206136e-06,3.5179659541948697e-06,1.0000024752444614,1.001001001001001,7.006492321624085e-46,0.0,3.5179746620955324e-06,3.553331813167584e-06,first_failure_certified,3.553331813167584e-06,0.0,3.5533318131916035e-06,certified_first_failure_threshold
E6_m4_zero,0.0001,0.0,zero,1,0.0001414213562373095,0.0001414213562373095,1.0,1.000100010001,7.006492321624085e-46,0.0,0.00014142135623730173,,no_failure_up_to_1/4,0.25,0.0001,0.0,certified_first_failure_threshold
E6_m4_fixed_1,0.0001,1.0,fixed_1,1,3.5353571491227204e-09,3.5353571402852112e-09,1.00000000249975,1.000100010001,7.006492321624085e-46,1.3552527156068805e-20,3.5353571205787527e-09,3.535710702517512e-09,first_failure_certified,3.535710702517512e-09,1.3552527156068805e-20,3.535710689686996e-09,certified_first_failure_threshold
E6_m4_theta_0.1,0.0001,0.001,theta_0.1,1,0.00011582538648332872,0.00011582444255495191,1.0000081496474837,1.000100010001,7.006492321624085e-46,-1.3552527156068805e-20,0.000115825386483361,,no_failure_up_to_1/4,0.25,9.900000099999801e-05,1.414209319592163e-06,certified_first_failure_threshold
E6_m4_theta_1,0.0001,0.01,theta_1,1,2.4264363091694962e-05,2.4264068711928515e-05,1.0000121323332019,1.000100010001,7.006492321624085e-46,1.3552527156068805e-20,2.426436309170026e-05,,no_failure_up_to_1/4,0.25,9.99800049984712e-09,0.0001413789439674398,certified_first_failure_threshold
E6_m4_theta_10,0.0001,0.1,theta_10,1,3.5179668249735646e-07,3.51796595419487e-07,1.0000002475233434,1.000100010001,7.006492321624085e-46,0.0,3.517966824935249e-07,3.5533237374399734e-07,first_failure_certified,3.5533237374399734e-07,1.3552527156068805e-20,3.55332373799205e-07,certified_first_failure_threshold
E6_m5_zero,1e-05,0.0,zero,1,1.4142135623730951e-05,1.4142135623730951e-05,1.0,1.000010000100001,7.006492321624085e-46,0.0,1.414213562369877e-05,,no_failure_up_to_1/4,0.25,1e-05,0.0,certified_first_failure_threshold
E6_m5_fixed_1,1e-05,1.0,fixed_1,1,3.5355162284620797e-11,3.535516228373693e-11,1.0000000000249998,1.000010000100001,7.006492321624085e-46,1.6940658945086007e-21,3.535525213474519e-11,3.5355515838011435e-11,first_failure_certified,3.5355515838011435e-11,1.6940658945086007e-21,3.535558592064167e-11,certified_first_failure_threshold
E6_m5_theta_0.1,1e-05,0.00031622776601683794,theta_0.1,1,1.1582453694499438e-05,1.1582444255495191e-05,1.0000008149406154,1.000010000100001,7.006492321624085e-46,3.3881317890172014e-21,1.1582453694428472e-05,,no_failure_up_to_1/4,0.25,9.900000009999998e-06,1.4142131377037517e-07,certified_first_failure_threshold
E6_m5_theta_1,1e-05,0.0031622776601683794,theta_1,1,2.4264098149252547e-06,2.4264068711928514e-06,1.000001213206424,1.000010000100001,7.006492321624085e-46,1.6940658945086007e-21,2.4264098148481125e-06,,no_failure_up_to_1/4,0.25,9.999800005209278e-11,1.4141711373850616e-05,certified_first_failure_threshold
E6_m5_theta_10,1e-05,0.03162277660168379,theta_10,1,3.5179660412727006e-08,3.5179659541948695e-08,1.0000000247523233,1.000010000100001,7.006492321624085e-46,1.6940658945086007e-21,3.5179660413467485e-08,3.55332292987125e-08,first_failure_certified,3.55332292987125e-08,1.6940658945086007e-21,3.553322925983649e-08,certified_first_failure_threshold
E6_m6_zero,1e-06,0.0,zero,1,1.414213562373095e-06,1.414213562373095e-06,1.0,1.000001000001,7.006492321624085e-46,0.0,1.4142135623149237e-06,,no_failure_up_to_1/4,0.25,1e-06,0.0,certified_first_failure_threshold
E6_m6_fixed_1,1e-06,1.0,fixed_1,1,3.5355321381677736e-13,3.5355321381668895e-13,1.00000000000025,1.000001000001,7.006492321624085e-46,-2.117582368135751e-22,3.535690181093865e-13,3.5355356737016796e-13,first_failure_certified,3.5355356737016796e-13,-2.117582368135751e-22,3.535691948782242e-13,certified_first_failure_threshold
E6_m6_theta_0.1,1e-06,0.0001,theta_0.1,1,1.158244519939282e-06,1.158244425549519e-06,1.0000000814938201,1.000001000001,7.006492321624085e-46,0.0,1.1582445200246092e-06,,no_failure_up_to_1/4,0.25,9.900000001e-07,1.4142135223764042e-08,certified_first_failure_threshold
E6_m6_theta_1,1e-06,0.001,theta_1,1,2.426407165565439e-07,2.426406871192851e-07,1.0000001213203735,1.000001000001,7.006492321624085e-46,0.0,2.4264071658737204e-07,,no_failure_up_to_1/4,0.25,9.99997999971057e-13,1.414209319592163e-06,certified_first_failure_threshold
E6_m6_theta_10,1e-06,0.01,theta_10,1,3.5179659629026522e-09,3.51796595419487e-09,1.0000000024752322,1.000001000001,7.006492321624085e-46,2.117582368135751e-22,3.517966041414037e-09,3.5533228491144183e-09,first_failure_certified,3.5533228491144183e-09,0.0,3.5533229405584703e-09,certified_first_failure_threshold
