id,delta,theta,epsilon,full_upper,full_lower,full_scaled_upper,profile_upper,profile_lower,w0_upper,w0_lower,w0_profile_upper,scaled_profile_error,normalized_remainder,raw_matrix_upper,raw_matrix_lower,raw_observation_distance,raw_norm_error,raw_score_error,c_maximizer_midpoint,global_upper_scaled,global_lower_scaled,certificate_gap_scaled,status
E4_h4_theta_0,0.01,0.0,0.0,0.01414178206592083,-0.01414178206592083,1.414178206592083,1.4142135623730951,-1.4142135623730951,0.0,-0.0,0.0,3.535578101211451e-05,0.0003535578101211451,0.014141782065920832,-0.014141782065920832,0.010000000000000002,1.1102230246251565e-16,1.734723475976807e-18,0.0,1.414178206592083,1.414178206592083,6.325318765938314e-81,certified_global_scalar_maximum
E4_h4_theta_0.1,0.01,0.1,0.01,0.014625382120087111,-0.014625382120087111,1.4625382120087111,1.4633502004566528,-1.4633502004566528,0.0016758362463994477,-0.0016758362463994477,0.1681792830507429,0.0008119884479414873,0.008119884479414873,0.014625382120087113,-0.014625382120087113,0.009999999999999988,2.220446049250313e-16,1.734723475976807e-18,0.3243822242330978,1.4625382120087111,1.4625382120087111,2.353002583225999e-46,certified_global_scalar_maximum
E4_h4_theta_0.3,0.01,0.3,0.03,0.01623679823223036,-0.01623679823223036,1.623679823223036,1.6254728875429794,-1.6254728875429794,0.005027508739198343,-0.005027508739198343,0.5045378491522288,0.0017930643199432642,0.017930643199432644,0.01623679823223036,-0.01623679823223036,0.00999999999999999,0.0,0.0,0.46380558467578015,1.623679823223036,1.623679823223036,7.055165666501092e-46,certified_global_scalar_maximum
E4_h4_theta_1,0.01,1.0,0.1,0.024289103399656467,-0.024289103399656467,2.428910339965647,2.4341664474590723,-2.4341664474590723,0.016758362463994477,-0.016758362463994477,1.681792830507429,0.005256107493425517,0.05256107493425517,0.024289103399656467,-0.024289103399656467,0.009999999999999948,0.0,0.0,0.6537651404481908,2.428910339965647,2.428910339965647,2.3492680796786114e-45,certified_global_scalar_maximum
E4_h4_theta_3,0.01,3.0,0.3,0.053879102773669856,-0.053879102773669856,5.387910277366986,5.404858018904151,-5.404858018904151,0.05027508739198343,-0.05027508739198343,5.045378491522287,0.01694774153716529,0.1694774153716529,0.05387910277366986,-0.05387910277366986,0.00999999999999994,0.0,6.938893903907228e-18,0.7903261227885429,5.387910277366986,5.387910277366986,7.041044019765164e-45,certified_global_scalar_maximum
E4_h4_theta_10,0.01,10.0,1.0,0.16876451600178674,-0.16876451600178674,16.876451600178676,16.935619260219987,-16.935619260219987,0.16758362463994475,-0.16758362463994475,16.81792830507429,0.05916766004131222,0.5916766004131222,0.16876451600178677,-0.16876451600178677,0.009999999999999955,0.0,2.7755575615628914e-17,0.835052481877432,16.876451600178676,16.876451600178676,2.346190404995207e-44,certified_global_scalar_maximum
E4_h5_theta_0,0.0031622776601683794,0.0,0.0,0.0044721247746457166,-0.0044721247746457166,1.4142100268347697,1.4142135623730951,-1.4142135623730951,0.0,-0.0,0.0,3.5355383253611688e-06,6.28717500739326e-05,0.0044721247746457166,-0.0044721247746457166,0.00316227766016838,1.1102230246251565e-16,0.0,0.0,1.4142100268347697,1.4142100268347697,8.433758354584419e-81,certified_global_scalar_maximum
E4_h5_theta_0.1,0.0031622776601683794,0.1,0.005623413251903491,0.004626728091579852,-0.004626728091579852,1.4630998883676447,1.4633502004566528,-1.4633502004566528,0.0005312346533713566,-0.0005312346533713566,0.1681792830507429,0.00025031208900799036,0.004451248339667395,0.004626728091579852,-0.004626728091579852,0.0031622776601683794,0.0,0.0,0.3261361127860413,1.4630998883676447,1.4630998883676447,2.3537916657621604e-46,certified_global_scalar_maximum
E4_h5_theta_0.3,0.0031622776601683794,0.3,0.016870239755710472,0.00513842469827846,-0.00513842469827846,1.624912563182342,1.6254728875429794,-1.6254728875429794,0.0015937039601140695,-0.0015937039601140695,0.5045378491522288,0.0005603243606374276,0.009964132734647614,0.005138424698278459,-0.005138424698278459,0.0031622776601684045,1.1102230246251565e-16,8.673617379884035e-19,0.46505583299696296,1.624912563182342,1.624912563182342,7.060151204308652e-46,certified_global_scalar_maximum
E4_h5_theta_1,0.0031622776601683794,1.0,0.05623413251903491,0.007692277528199294,-0.007692277528199294,2.432511738323987,2.4341664474590723,-2.4341664474590723,0.0053123465337135654,-0.0053123465337135654,1.681792830507429,0.0016547091350853527,0.029425351845255975,0.007692277528199295,-0.007692277528199295,0.0031622776601684098,1.1102230246251565e-16,8.673617379884035e-19,0.6546206705898029,2.432511738323987,2.432511738323987,2.3525981338116035e-45,certified_global_scalar_maximum
E4_h5_theta_3,0.0031622776601683794,3.0,0.16870239755710473,0.01707474439937061,-0.01707474439937061,5.399508276721482,5.404858018904151,-5.404858018904151,0.015937039601140696,-0.015937039601140696,5.045378491522287,0.005349742182668654,0.09513336372456353,0.01707474439937061,-0.01707474439937061,0.003162277660168375,0.0,0.0,0.7907044011546696,5.399508276721482,5.399508276721482,7.055618240892542e-45,certified_global_scalar_maximum
E4_h5_theta_10,0.0031622776601683794,10.0,0.5623413251903491,0.05349603764855406,-0.05349603764855406,16.916932476354905,16.935619260219987,-16.935619260219987,0.053123465337135654,-0.053123465337135654,16.81792830507429,0.01868678386508114,0.3323032298712135,0.05349603764855407,-0.05349603764855407,0.003162277660168293,2.220446049250313e-16,6.938893903907228e-18,0.8351067625043026,16.916932476354905,16.916932476354905,2.3516071368202433e-44,certified_global_scalar_maximum
E4_h6_theta_0,0.001,0.0,0.0,0.0014142132088196602,-0.0014142132088196602,1.4142132088196602,1.4142135623730951,-1.4142135623730951,0.0,-0.0,0.0,3.5355343478745863e-07,1.1180341285041783e-05,0.0014142132088196605,-0.0014142132088196605,0.001,0.0,2.168404344971009e-19,0.0,1.4142132088196602,1.4142132088196602,6.325318765938314e-81,certified_global_scalar_maximum
E4_h6_theta_0.1,0.001,0.1,0.0031622776601683794,0.001463271689974242,-0.001463271689974242,1.463271689974242,1.4633502004566528,-1.4633502004566528,0.00016811981218006967,-0.00016811981218006967,0.1681792830507429,7.851048241084594e-05,0.002482719446168606,0.001463271689974242,-0.001463271689974242,0.0009999999999999983,0.0,0.0,0.32669103570887986,1.463271689974242,1.463271689974242,2.3540564153679972e-46,certified_global_scalar_maximum
E4_h6_theta_0.3,0.001,0.3,0.009486832980505138,0.0016252963650434668,-0.0016252963650434668,1.6252963650434669,1.6254728875429794,-1.6254728875429794,0.000504359436540209,-0.000504359436540209,0.5045378491522288,0.00017652249951257218,0.005582131567256906,0.0016252963650434668,-0.0016252963650434668,0.0009999999999999892,0.0,0.0,0.46545160314329603,1.6252963650434669,1.6252963650434669,7.06178144468843e-46,certified_global_scalar_maximum
E4_h6_theta_1,0.001,1.0,0.03162277660168379,0.002433643920594654,-0.002433643920594654,2.433643920594654,2.4341664474590723,-2.4341664474590723,0.0016811981218006968,-0.0016811981218006968,1.681792830507429,0.0005225268644183091,0.016523750301878505,0.0024336439205946536,-0.0024336439205946536,0.001000000000000001,0.0,4.336808689942018e-19,0.6548915744089574,2.433643920594654,2.433643920594654,2.353677769523293e-45,certified_global_scalar_maximum
E4_h6_theta_3,0.001,3.0,0.09486832980505137,0.005403167236302008,-0.005403167236302008,5.403167236302008,5.404858018904151,-5.404858018904151,0.00504359436540209,-0.00504359436540209,5.045378491522287,0.001690782602143136,0.053467240509586,0.005403167236302008,-0.005403167236302008,0.0010000000000000208,0.0,0.0,0.7908239495174362,5.403167236302008,5.403167236302008,7.060341358787034e-45,certified_global_scalar_maximum
E4_h6_theta_10,0.001,10.0,0.31622776601683794,0.01692971233860831,-0.01692971233860831,16.92971233860831,16.935619260219987,-16.935619260219987,0.016811981218006967,-0.016811981218006967,16.81792830507429,0.005906921611676981,0.18679326252971915,0.016929712338608308,-0.016929712338608308,0.0010000000000001334,1.1102230246251565e-16,3.469446951953614e-18,0.8351238817895361,16.92971233860831,16.92971233860831,2.353362643248158e-44,certified_global_scalar_maximum
E4_h7_theta_0,0.00031622776601683794,0.0,0.0,0.00044721358431961793,-0.00044721358431961793,1.4142135270177556,1.4142135623730951,-1.4142135623730951,0.0,-0.0,0.0,3.535533950126913e-08,1.9881768467698377e-06,0.00044721358431961793,-0.00044721358431961793,0.00031622776601683794,0.0,0.0,0.0,1.4142135270177556,1.4142135270177556,6.325318765938314e-81,certified_global_scalar_maximum
E4_h7_theta_0.1,0.00031622776601683794,0.1,0.0017782794100389228,0.0004627441341341895,-0.0004627441341341895,1.4633254377465075,1.4633502004566528,-1.4633502004566528,5.317701260144421e-05,-5.317701260144421e-05,0.1681792830507429,2.476271014529893e-05,0.0013925095238411902,0.0004627441341341895,-0.0004627441341341895,0.0003162277660168443,0.0,0.0,0.3268665488765591,1.4633254377465075,1.4633254377465075,2.354141712960098e-46,certified_global_scalar_maximum
E4_h7_theta_0.3,0.00031622776601683794,0.3,0.005334838230116768,0.0005140020287945763,-0.0005140020287945763,1.6254171329383125,1.6254728875429794,-1.6254728875429794,0.00015953103780433264,-0.00015953103780433264,0.5045378491522288,5.5754604666893035e-05,0.003135311827384465,0.0005140020287945763,-0.0005140020287945763,0.00031622776601683274,0.0,0.0,0.46557679872188085,1.6254171329383125,1.6254171329383125,7.062302427386396e-46,certified_global_scalar_maximum
E4_h7_theta_1,0.00031622776601683794,1.0,0.01778279410038923,0.0007696987884108651,-0.0007696987884108651,2.434001283650347,2.4341664474590723,-2.4341664474590723,0.0005317701260144421,-0.0005317701260144421,1.681792830507429,0.00016516380872535948,0.0092878435072104,0.0007696987884108651,-0.0007696987884108651,0.00031622776601685485,0.0,0.0,0.654977277845391,2.434001283650347,2.434001283650347,2.3540218541156545e-45,certified_global_scalar_maximum
E4_h7_theta_3,0.00031622776601683794,3.0,0.05334838230116768,0.0017089971288175604,-0.0017089971288175604,5.404323441751673,5.404858018904151,-5.404858018904151,0.0015953103780433264,-0.0015953103780433264,5.045378491522287,0.0005345771524773322,0.03006148243405863,0.0017089971288175606,-0.0017089971288175606,0.00031622776601696056,1.1102230246251565e-16,2.168404344971009e-19,0.7908617458581506,5.404323441751673,5.404323441751673,7.061846371514853e-45,certified_global_scalar_maximum
E4_h7_theta_10,0.00031622776601683794,10.0,0.1778279410038923,0.005354922427096471,-0.005354922427096471,16.933751563141808,16.935619260219987,-16.935619260219987,0.005317701260144421,-0.005317701260144421,16.81792830507429,0.001867697078181213,0.10502832499985663,0.005354922427096472,-0.005354922427096472,0.0003162277660168227,0.0,8.673617379884035e-19,0.8351292906561766,16.933751563141808,16.933751563141808,2.353922028821484e-44,certified_global_scalar_maximum
E4_h8_theta_0,0.0001,0.0,0.0,0.0001414213558837561,-0.0001414213558837561,1.414213558837561,1.4142135623730951,-1.4142135623730951,0.0,-0.0,0.0,3.535533910352155e-09,3.535533910352155e-07,0.0001414213558837561,-0.0001414213558837561,9.999999999999999e-05,0.0,0.0,0.0,1.414213558837561,1.414213558837561,6.325318765938314e-81,certified_global_scalar_maximum
E4_h8_theta_0.1,0.0001,0.1,0.001,0.00014633423762476028,-0.00014633423762476028,1.463342376247603,1.4633502004566528,-1.4633502004566528,1.6817333691005212e-05,-1.6817333691005212e-05,0.1681792830507429,7.824209049780784e-06,0.0007824209049780783,0.0001463342376247603,-0.0001463342376247603,0.00010000000000000323,0.0,2.710505431213761e-20,0.3269220541793182,1.463342376247603,1.463342376247603,2.354168845804624e-46,certified_global_scalar_maximum
E4_h8_theta_0.3,0.0001,0.3,0.003,0.00016254552630583837,-0.00016254552630583837,1.6254552630583838,1.6254728875429794,-1.6254728875429794,5.0452001073015636e-05,-5.0452001073015636e-05,0.5045378491522288,1.762448459560787e-05,0.001762448459560787,0.00016254552630583837,-0.00016254552630583837,0.00010000000000001223,0.0,0.0,0.4656163932902571,1.6254552630583838,1.6254552630583838,7.062467724919494e-46,certified_global_scalar_maximum
E4_h8_theta_1,0.0001,1.0,0.01,0.00024341142254425563,-0.00024341142254425563,2.4341142254425563,2.4341664474590723,-2.4341664474590723,0.00016817333691005213,-0.00016817333691005213,1.681792830507429,5.222201651616035e-05,0.0052222016516160355,0.00024341142254425563,-0.00024341142254425563,9.999999999999109e-05,0.0,0.0,0.655004383263516,2.4341142254425563,2.4341142254425563,2.3541309310989836e-45,certified_global_scalar_maximum
E4_h8_theta_3,0.0001,3.0,0.03,0.0005404688980284752,-0.0005404688980284752,5.404688980284751,5.404858018904151,-5.404858018904151,0.0005045200107301564,-0.0005045200107301564,5.045378491522287,0.00016903861939972573,0.016903861939972575,0.0005404688980284752,-0.0005404688980284752,9.999999999996158e-05,0.0,0.0,0.7908736972684935,5.404688980284751,5.404688980284751,7.062323441411931e-45,certified_global_scalar_maximum
E4_h8_theta_10,0.0001,10.0,0.1,0.0016935028666091125,-0.0016935028666091125,16.935028666091124,16.935619260219987,-16.935619260219987,0.0016817333691005213,-0.0016817333691005213,16.81792830507429,0.0005905941288613936,0.05905941288613936,0.0016935028666091125,-0.0016935028666091125,0.00010000000000004622,0.0,0.0,0.8351310006126341,16.935028666091124,16.935028666091124,2.35409934623716e-44,certified_global_scalar_maximum
E4_h9_theta_0,3.1622776601683795e-05,0.0,0.0,4.4721359538815455e-05,-4.4721359538815455e-05,1.4142135620195417,1.4142135623730951,-1.4142135623730951,0.0,-0.0,0.0,3.535533906374679e-10,6.287167149200572e-08,4.472135953881546e-05,-4.472135953881546e-05,3.16227766016838e-05,0.0,6.776263578034403e-21,0.0,1.4142135620195417,1.4142135620195417,6.325318765938314e-81,certified_global_scalar_maximum
E4_h9_theta_0.1,3.1622776601683795e-05,0.1,0.0005623413251903491,4.6275118257367115e-05,-4.6275118257367115e-05,1.4633477268692192,1.4633502004566528,-1.4633502004566528,5.318236436256841e-06,-5.318236436256841e-06,0.1681792830507429,2.4735874333921423e-06,0.00043987296017322723,4.6275118257367115e-05,-4.6275118257367115e-05,3.162277660168578e-05,0.0,0.0,0.326939606815462,1.4633477268692192,1.4633477268692192,2.3541774419562296e-46,certified_global_scalar_maximum
E4_h9_theta_0.3,3.1622776601683795e-05,0.3,0.0016870239755710473,5.1401789771108705e-05,-5.1401789771108705e-05,1.6254673148584857,1.6254728875429794,-1.6254728875429794,1.5954709308770522e-05,-1.5954709308770522e-05,0.5045378491522288,5.572684493677762e-06,0.0009909790093750345,5.14017897711087e-05,-5.14017897711087e-05,3.16227766016968e-05,0.0,6.776263578034403e-21,0.4656289146185526,1.6254673148584857,1.6254673148584857,7.062520051511521e-46,certified_global_scalar_maximum
E4_h9_theta_1,3.1622776601683795e-05,1.0,0.005623413251903491,7.697457958243619e-05,-7.697457958243619e-05,2.4341499341439103,2.4341664474590723,-2.4341664474590723,5.318236436256841e-05,-5.318236436256841e-05,1.681792830507429,1.6513315161942072e-05,0.0029365288343965144,7.69745795824362e-05,-7.69745795824362e-05,3.162277660168994e-05,0.0,1.3552527156068805e-20,0.6550129551104963,2.4341499341439103,2.4341499341439103,2.354165451073744e-45,certified_global_scalar_maximum
E4_h9_theta_3,3.1622776601683795e-05,3.0,0.016870239755710472,0.00017091492733952788,-0.00017091492733952788,5.404804565150908,5.404858018904151,-5.404858018904151,0.00015954709308770525,-0.00015954709308770525,5.045378491522287,5.345375324285834e-05,0.009505570878107628,0.00017091492733952788,-0.00017091492733952788,3.162277660170079e-05,0.0,0.0,0.7908774765512956,5.404804565150908,5.404804565150908,7.062474418465421e-45,certified_global_scalar_maximum
E4_h9_theta_10,3.1622776601683795e-05,10.0,0.05623413251903491,0.0005355453986102707,-0.0005355453986102707,16.935432500312288,16.935619260219987,-16.935619260219987,0.0005318236436256842,-0.0005318236436256842,16.81792830507429,0.00018675990769836996,0.0332111298480781,0.0005355453986102707,-0.0005355453986102707,3.162277660167139e-05,0.0,0.0,0.8351315413004616,16.935432500312288,16.935432500312288,2.354155461331179e-44,certified_global_scalar_maximum
E4_h10_theta_0,1e-05,0.0,0.0,1.4142135623377398e-05,-1.4142135623377398e-05,1.4142135623377396,1.4142135623730951,-1.4142135623730951,0.0,-0.0,0.0,3.535533905976932e-11,1.1180339887638703e-08,1.41421356233774e-05,-1.41421356233774e-05,1e-05,0.0,1.6940658945086007e-21,0.0,1.4142135623377396,1.4142135623377396,6.325318765938314e-81,certified_global_scalar_maximum
E4_h10_theta_0.1,1e-05,0.1,0.00031622776601683794,1.4633494183040952e-05,-1.4633494183040952e-05,1.4633494183040952,1.4633502004566528,-1.4633502004566528,1.6817868844613428e-06,-1.6817868844613428e-06,0.1681792830507429,7.821525575538589e-07,0.00024733835595961307,1.4633494183040952e-05,-1.4633494183040952e-05,9.999999999997236e-06,0.0,0.0,0.3269451574782552,1.4633494183040952,1.4633494183040952,2.3541801618990694e-46,certified_global_scalar_maximum
E4_h10_theta_0.3,1e-05,0.3,0.0009486832980505138,1.6254711253720993e-05,-1.6254711253720993e-05,1.6254711253720993,1.6254728875429794,-1.6254728875429794,5.045360653384028e-06,-5.045360653384028e-06,0.5045378491522288,1.7621708800508784e-06,0.0005572473607384146,1.6254711253720993e-05,-1.6254711253720993e-05,1.0000000000010211e-05,0.0,0.0,0.46563287425290933,1.6254711253720993,1.6254711253720993,7.062536604127864e-46,certified_global_scalar_maximum
E4_h10_theta_1,1e-05,1.0,0.0031622776601683794,2.434161225563951e-05,-2.434161225563951e-05,2.434161225563951,2.4341664474590723,-2.4341664474590723,1.6817868844613428e-05,-1.6817868844613428e-05,1.681792830507429,5.2218951210920694e-06,0.0016513082285171707,2.4341612255639514e-05,-2.4341612255639514e-05,9.999999999918155e-06,2.220446049250313e-16,3.3881317890172014e-21,0.6550156658026326,2.434161225563951,2.434161225563951,2.3541763699291472e-45,certified_global_scalar_maximum
E4_h10_theta_3,1e-05,3.0,0.009486832980505138,5.4048411154383456e-05,-5.4048411154383456e-05,5.404841115438346,5.404858018904151,-5.404858018904151,5.045360653384028e-05,-5.045360653384028e-05,5.045378491522287,1.690346580512177e-05,0.005345345229495668,5.404841115438346e-05,-5.404841115438346e-05,1.00000000000343e-05,1.1102230246251565e-16,6.776263578034403e-21,0.7908786716569293,5.404841115438346,5.404841115438346,7.062522173032251e-45,certified_global_scalar_maximum
E4_h10_theta_10,1e-05,10.0,0.03162277660168379,0.00016935560201787015,-0.00016935560201787015,16.935560201787016,16.935619260219987,-16.935619260219987,0.00016817868844613428,-0.00016817868844613428,16.81792830507429,5.905843297249094e-05,0.018675916323345972,0.00016935560201787015,-0.00016935560201787015,9.999999999905138e-06,2.220446049250313e-16,0.0,0.8351317122761724,16.935560201787016,16.935560201787016,2.354173210721975e-44,certified_global_scalar_maximum
E4_h11_theta_0,3.162277660168379e-06,0.0,0.0,4.472135954988399e-06,-4.472135954988399e-06,1.4142135623695595,1.4142135623730951,-1.4142135623730951,0.0,-0.0,0.0,3.535533905937157e-12,1.988176821920112e-09,4.4721359549884e-06,-4.4721359549884e-06,3.16227766016838e-06,0.0,8.470329472543003e-22,0.0,1.4142135623695595,1.4142135623695595,8.433758354584419e-81,certified_global_scalar_maximum
E4_h11_theta_0.1,3.162277660168379e-06,0.1,0.00017782794100389227,4.627518865774822e-06,-4.627518865774822e-06,1.4633499531247438,1.4633502004566528,-1.4633502004566528,5.31828995090609e-07,-5.31828995090609e-07,0.1681792830507429,2.473319089348387e-07,0.00013908495343227593,4.627518865774822e-06,-4.627518865774822e-06,3.162277660175405e-06,0.0,0.0,0.32694691275513965,1.4633499531247438,1.4633499531247438,2.354181022180675e-46,certified_global_scalar_maximum
E4_h11_theta_0.3,3.162277660168379e-06,0.3,0.0005334838230116769,5.14019483733676e-06,-5.14019483733676e-06,1.6254723303022873,1.6254728875429794,-1.6254728875429794,1.595486985271827e-06,-1.595486985271827e-06,0.5045378491522288,5.572406919794114e-07,0.00031335946917768935,5.14019483733676e-06,-5.14019483733676e-06,3.162277660153522e-06,0.0,0.0,0.4656341264035058,1.6254723303022873,1.6254723303022873,7.062541839074345e-46,certified_global_scalar_maximum
E4_h11_theta_1,3.162277660168379e-06,1.0,0.0017782794100389228,7.697504956059418e-06,-7.697504956059418e-06,2.434164796158208,2.4341664474590723,-2.4341664474590723,5.3182899509060895e-06,-5.3182899509060895e-06,1.681792830507429,1.651300864423612e-06,0.0009285947163879429,7.697504956059418e-06,-7.697504956059418e-06,3.162277660166963e-06,0.0,0.0,0.6550165230023627,2.434164796158208,2.434164796158208,2.3541798230425045e-45,certified_global_scalar_maximum
E4_h11_theta_3,3.162277660168379e-06,3.0,0.005334838230116768,1.709164486612681e-05,-1.709164486612681e-05,5.404852673568438,5.404858018904151,-5.404858018904151,1.595486985271827e-05,-1.595486985271827e-05,5.045378491522287,5.345335712876061e-06,0.0030059031683660233,1.7091644866126806e-05,-1.7091644866126806e-05,3.1622776601543e-06,0.0,3.3881317890172014e-21,0.7908790495816607,5.404852673568438,5.404852673568438,7.062537275495282e-45,certified_global_scalar_maximum
E4_h11_theta_10,3.162277660168379e-06,10.0,0.01778279410038923,5.3555071389352476e-05,-5.3555071389352476e-05,16.935600584327204,16.935619260219987,-16.935619260219987,5.31828995090609e-05,-5.31828995090609e-05,16.81792830507429,1.8675892781581038e-05,0.010502226295907156,5.355507138935247e-05,-5.355507138935247e-05,3.1622776602581397e-06,1.1102230246251565e-16,6.776263578034403e-21,0.8351317663429602,16.935600584327204,16.935600584327204,2.3541788239961596e-44,certified_global_scalar_maximum
E4_h12_theta_0,1e-06,0.0,0.0,1.4142135623727415e-06,-1.4142135623727415e-06,1.4142135623727414,1.4142135623730951,-1.4142135623730951,0.0,-0.0,0.0,3.5355339059331796e-13,3.53553390593318e-10,1.4142135623727415e-06,-1.4142135623727415e-06,1e-06,0.0,0.0,0.0,1.4142135623727414,1.4142135623727414,4.2168791772922093e-81,certified_global_scalar_maximum
E4_h12_theta_0.1,1e-06,0.1,0.0001,1.4633501222440803e-06,-1.4633501222440803e-06,1.4633501222440803,1.4633502004566528,-1.4633502004566528,1.6817922359037665e-07,-1.6817922359037665e-07,0.1681792830507429,7.821257232563844e-08,7.821257232563844e-05,1.4633501222440805e-06,-1.4633501222440805e-06,9.999999999891685e-07,0.0,2.117582368135751e-22,0.32694746782274653,1.4633501222440803,1.4633501222440803,2.3541812942416224e-46,certified_global_scalar_maximum
E4_h12_theta_0.3,1e-06,0.3,0.0003,1.6254727113286672e-06,-1.6254727113286672e-06,1.625472711328667,1.6254728875429794,-1.6254728875429794,5.0453767077113e-07,-5.0453767077113e-07,0.5045378491522288,1.7621431228404335e-07,0.00017621431228404335,1.6254727113286672e-06,-1.6254727113286672e-06,9.999999999987641e-07,0.0,0.0,0.46563452236871866,1.625472711328667,1.625472711328667,7.062543494564738e-46,certified_global_scalar_maximum
E4_h12_theta_1,1e-06,1.0,0.001,2.4341659252726255e-06,-2.4341659252726255e-06,2.4341659252726253,2.4341664474590723,-2.4341664474590723,1.6817922359037664e-06,-1.6817922359037664e-06,1.681792830507429,5.221864469726812e-07,0.0005221864469726812,2.434165925272625e-06,-2.434165925272625e-06,1.0000000000069077e-06,0.0,4.235164736271502e-22,0.6550167940730796,2.4341659252726253,2.4341659252726253,2.3541809150396386e-45,certified_global_scalar_maximum
E4_h12_theta_3,1e-06,3.0,0.003,5.404856328561532e-06,-5.404856328561532e-06,5.404856328561531,5.404858018904151,-5.404858018904151,5.0453767077113e-06,-5.0453767077113e-06,5.045378491522287,1.6903426194368234e-06,0.0016903426194368235,5.4048563285615325e-06,-5.4048563285615325e-06,9.999999999710615e-07,0.0,8.470329472543003e-22,0.790879169091869,5.404856328561531,5.404856328561531,7.062542051427733e-45,certified_global_scalar_maximum
E4_h12_theta_10,1e-06,10.0,0.01,1.693561335438649e-05,-1.693561335438649e-05,16.93561335438649,16.935619260219987,-16.935619260219987,1.6817922359037663e-05,-1.6817922359037663e-05,16.81792830507429,5.905833498521805e-06,0.005905833498521805,1.6935613354386493e-05,-1.6935613354386493e-05,1.000000000034636e-06,1.1102230246251565e-16,3.3881317890172014e-21,0.8351317834403317,16.93561335438649,16.93561335438649,2.3541805991117127e-44,certified_global_scalar_maximum
