case_index,a_exact,a,b,delta_exponent_twice,delta,delta_valid_max,fixed_branch_quartic_budget,reallocated_quartic_budget,full_set_leading_coefficient,fixed_branch_leading_coefficient,analytic_witness,analytic_full_set_upper,raw_trace,raw_hermitian_residual,raw_observation_distance,raw_score,raw_score_imaginary_residual,fixed_branch_raw_score,fixed_branch_raw_distance,negative_witness_raw_score,sign_symmetry_residual,raw_formula_score_residual,raw_feasibility_excess,endpoint_bracket_gap,relative_endpoint_gap,normalized_witness,normalized_global_upper,global_optimum_computed
0,1/10,0.1,0.9,4,0.01,0.2738612787525831,0.915,0.8333333333333334,0.6619501839293747,0.6466581003833891,0.06497522958821561,0.06942592099529873,1.0,0.0,0.009999999999999953,0.0649752295882156,0.0,0.06432690837371245,0.009999999999999879,-0.0649752295882156,0.0,1.3877787807814457e-17,-4.683753385137379e-17,0.004450691407083138,0.06849827904094623,0.6497522958821559,0.6942592099529873,False
0,1/10,0.1,0.9,5,0.0031622776601683794,0.2738612787525831,0.915,0.8333333333333334,0.6619501839293747,0.6466581003833891,0.0370086563665192,0.03780817967921115,1.0,0.0,0.0031622776601683295,0.0370086563665192,0.0,0.036304099288029704,0.0031622776601682844,-0.0370086563665192,0.0,0.0,-4.9873299934333204e-17,0.0007995233126919521,0.02160368387259962,0.6581173160978698,0.6723350745459319,False
0,1/10,0.1,0.9,6,0.001,0.2738612787525831,0.915,0.8333333333333334,0.6619501839293747,0.6466581003833891,0.020894450124474034,0.021037105943170372,1.0,0.0,0.0009999999999999606,0.020894450124474037,0.0,0.020438432922352638,0.0009999999999999087,-0.020894450124474037,0.0,3.469446951953614e-18,-3.946495907847236e-17,0.0001426558186963349,0.006827450248582499,0.6607405285012666,0.6652517015868311,False
0,1/10,0.1,0.9,7,0.00031622776601683794,0.2738612787525831,0.915,0.8333333333333334,0.6619501839293747,0.6466581003833891,0.01176452568553064,0.011789921231777349,1.0,0.0,0.00031622776601681425,0.01176452568553064,0.0,0.01149748690516596,0.0003162277660167928,-0.01176452568553064,0.0,0.0,-2.3689817468808272e-17,2.539554624670856e-05,0.002158654494498058,0.66156789642372,0.6629959929367507,False
0,1/10,0.1,0.9,8,0.0001,0.2738612787525831,0.915,0.8333333333333334,0.6619501839293747,0.6466581003833891,0.006618293178789625,0.006622810763189124,0.9999999999999999,0.0,9.999999999998693e-05,0.006618293178789626,0.0,0.006466242981395447,9.999999999993819e-05,-0.006618293178789626,0.0,8.673617379884035e-19,-1.3078188705606397e-17,4.517584399497433e-06,0.0006825905527992374,0.6618293178789626,0.6622810763189123,False
0,1/10,0.1,0.9,9,3.1622776601683795e-05,0.2738612787525831,0.915,0.8333333333333334,0.6619501839293747,0.6466581003833891,0.0037222045162176435,0.0037230079560767876,1.0000000000000002,0.0,3.162277660161656e-05,0.0037222045162176426,0.0,0.0036363656223866955,3.162277660164808e-05,-0.0037222045162176426,0.0,8.673617379884035e-19,-6.723408722125734e-17,8.034398591449422e-07,0.00021585054116300039,0.6619119651143723,0.6620548391702445,False
0,1/10,0.1,0.9,10,1e-05,0.2738612787525831,0.915,0.8333333333333334,0.6619501839293747,0.6466581003833891,0.0020932320607236383,0.0020933749396816934,0.9999999999999999,0.0,9.99999999997741e-06,0.0020932320607236383,0.0,0.002044901775652694,9.999999999918958e-06,-0.0020932320607236383,0.0,0.0,-2.259036870327219e-17,1.4287895805506143e-07,6.825758153430329e-05,0.6619380983174582,0.6619832806111747,False
0,1/10,0.1,0.9,11,3.162277660168379e-06,0.2738612787525831,0.915,0.8333333333333334,0.6619501839293747,0.6466581003833891,0.0011771255863564864,0.0011771509945031275,1.0,0.0,3.1622776601140217e-06,0.0011771255863564864,0.0,0.0011499368844549137,3.1622776601368073e-06,-0.0011771255863564864,0.0,0.0,-5.435749235709747e-17,2.540814664111872e-08,2.1584907282292303e-05,0.6619463621471733,0.6619606501980261,False
0,1/10,0.1,0.9,12,1e-06,0.2738612787525831,0.915,0.8333333333333334,0.6619501839293747,0.6466581003833891,0.0006619489753781125,0.0006619534936720199,1.0000000000000002,0.0,9.999999999024728e-07,0.0006619489753781124,0.0,0.000646657762369697,9.999999999012205e-07,-0.0006619489753781124,0.0,1.0842021724855044e-19,-9.752716178862333e-17,4.5182939075296205e-09,6.825743487175462e-06,0.6619489753781124,0.6619534936720198,False
1,1/3,0.3333333333333333,0.6666666666666667,4,0.01,0.9128709291752769,0.8333333333333334,0.8333333333333334,1.2085501589427072,1.2085501589427072,0.12019124288734362,0.12265444514084502,1.0000000000000002,0.0,0.009999999999999948,0.1201912428873436,0.0,0.12019124288734362,0.00999999999999995,-0.1201912428873436,0.0,1.3877787807814457e-17,-5.204170427930421e-17,0.002463202253501412,0.02049402430932672,1.201912428873436,1.22654445140845,False
1,1/3,0.3333333333333333,0.6666666666666667,5,0.0031622776601683794,0.9128709291752769,0.8333333333333334,0.8333333333333334,1.2085501589427072,1.2085501589427072,0.06784395443602183,0.06828337980883356,1.0,0.0,0.003162277660168365,0.06784395443602183,0.0,0.06784395443602183,0.003162277660168365,-0.06784395443602183,0.0,0.0,-1.431146867680866e-17,0.0004394253728117331,0.006477001178139164,1.2064550726919645,1.2142692836191622,False
1,1/3,0.3333333333333333,0.6666666666666667,6,0.001,0.9128709291752769,0.8333333333333334,0.8333333333333334,1.2085501589427072,1.2085501589427072,0.03819677324958802,0.038274995325153,0.9999999999999999,0.0,0.0010000000000000113,0.03819677324958802,0.0,0.03819677324958802,0.0010000000000000113,-0.03819677324958802,0.0,0.0,1.1275702593849246e-17,7.822207556498068e-05,0.0020478712967154722,1.2078880273768935,1.210361626597805,False
1,1/3,0.3333333333333333,0.6666666666666667,7,0.00031622776601683794,0.9128709291752769,0.8333333333333334,0.8333333333333334,1.2085501589427072,1.2085501589427072,0.0214876758946076,0.02150159048530375,1.0,0.0,0.0003162277660168345,0.0214876758946076,0.0,0.0214876758946076,0.0003162277660168345,-0.0214876758946076,0.0,0.0,-3.415236843329339e-18,1.3914590696148532e-05,0.0006475614563620835,1.2083408137834357,1.2091232887205912,False
1,1/3,0.3333333333333333,0.6666666666666667,8,0.0001,0.9128709291752769,0.8333333333333334,0.8333333333333334,1.2085501589427072,1.2085501589427072,0.012084839621113896,0.012087314278723983,1.0000000000000002,0.0,9.99999999998957e-05,0.012084839621113898,0.0,0.012084839621113898,9.99999999998957e-05,-0.012084839621113898,0.0,1.734723475976807e-18,-1.0430024899310553e-16,2.4746576100850154e-06,0.0002047737237456957,1.2084839621113899,1.2087314278723984,False
1,1/3,0.3333333333333333,0.6666666666666667,9,3.1622776601683795e-05,0.9128709291752769,0.8333333333333334,0.8333333333333334,1.2085501589427072,1.2085501589427072,0.006796059265130791,0.0067964993427227,1.0000000000000002,0.0,3.162277660161656e-05,0.006796059265130791,0.0,0.006796059265130791,3.162277660161656e-05,-0.006796059265130791,0.0,0.0,-6.723408722125734e-17,4.4007759190944906e-07,6.475481963016398e-05,1.2085292260586338,1.2086074841506849,False
1,1/3,0.3333333333333333,0.6666666666666667,10,1e-05,0.9128709291752769,0.8333333333333334,0.8333333333333334,1.2085501589427072,1.2085501589427072,0.003821750236057352,0.0038218284949550567,0.9999999999999999,0.0,1.0000000000028083e-05,0.0038217502360573525,0.0,0.0038217502360573525,9.999999999947004e-06,-0.0038217502360573525,0.0,4.336808689942018e-19,2.8082530333269073e-17,7.825889770420036e-08,2.0477240235598152e-05,1.2085435394227395,1.2085682870591314,False
1,1/3,0.3333333333333333,0.6666666666666667,11,3.162277660168379e-06,0.9128709291752769,0.8333333333333334,0.8333333333333334,1.2085501589427072,1.2085501589427072,0.0021491361412244235,0.0021491500578883754,1.0000000000000002,0.0,3.162277660098819e-06,0.0021491361412244235,0.0,0.0021491361412244235,3.162277660098819e-06,-0.0021491361412244235,0.0,0.0,-6.956003969441765e-17,1.3916663951871883e-08,6.475468763902117e-06,1.2085480656706156,1.2085558915858645,False
1,1/3,0.3333333333333333,0.6666666666666667,12,1e-06,0.9128709291752769,0.8333333333333334,0.8333333333333334,1.2085501589427072,1.2085501589427072,0.001208549496992342,0.001208551971766586,1.0,0.0,9.999999999784845e-07,0.001208549496992342,0.0,0.0012085494969923418,1.0000000000190243e-06,-0.001208549496992342,0.0,0.0,-2.1515483893206483e-17,2.474774244039246e-09,2.0477227041160466e-06,1.208549496992342,1.208551971766586,False
2,9/10,0.9,0.09999999999999998,4,0.01,0.13693063937629152,1.315,0.8333333333333334,1.9858505517881238,1.7718208671922848,0.19818179568358935,0.19968525780932375,1.0,0.0,0.009999999999999953,0.19818179568358935,0.0,0.17640784448437963,0.00999999999999988,-0.19818179568358935,0.0,0.0,-4.683753385137379e-17,0.001503462125734406,0.007586277642446964,1.9818179568358933,1.9968525780932374,False
2,9/10,0.9,0.09999999999999998,5,0.0031622776601683794,0.13693063937629152,1.315,0.8333333333333334,1.9858505517881238,1.7718208671922848,0.11160092210414713,0.11186859979054144,1.0,0.0,0.0031622776601683547,0.11160092210414713,0.0,0.09949933351867082,0.003162277660168344,-0.11160092210414713,0.0,0.0,-2.47198095326695e-17,0.00026767768639431033,0.002398525758994274,1.9845762191916252,1.9893362763740439,False
2,9/10,0.9,0.09999999999999998,6,0.001,0.13693063937629152,1.315,0.8333333333333334,1.9858505517881238,1.7718208671922848,0.0627853678338926,0.06283298651582016,1.0,0.0,0.0009999999999999606,0.06278536783389262,0.0,0.05600545993769241,0.000999999999999804,-0.06278536783389262,0.0,1.3877787807814457e-17,-3.946495907847236e-17,4.7618681927541484e-05,0.0007584359791205381,1.9854476608657299,1.986953495806391,False
2,9/10,0.9,0.09999999999999998,7,0.00031622776601683794,0.13693063937629152,1.315,0.8333333333333334,1.9858505517881238,1.7718208671922848,0.03531170601159892,0.035320174964113576,1.0,0.0,0.0003162277660168041,0.03531170601159893,0.0,0.03150358099316593,0.0003162277660167989,-0.03531170601159893,0.0,6.938893903907228e-18,-3.382710778154774e-17,8.468952514648076e-06,0.00023983413635881136,1.9857231553294556,1.9861993995274618,False
2,9/10,0.9,0.09999999999999998,8,0.0001,0.13693063937629152,1.315,0.8333333333333334,1.9858505517881238,1.7718208671922848,0.019858102663742064,0.01985960873754365,0.9999999999999999,0.0,0.0001000000000000072,0.019858102663742064,0.0,0.01771743610446914,9.999999999993726e-05,-0.019858102663742064,0.0,0.0,7.196391919872536e-18,1.506073801584712e-06,7.584177738866152e-05,1.9858102663742063,1.9859608737543648,False
2,9/10,0.9,0.09999999999999998,9,3.1622776601683795e-05,0.13693063937629152,1.315,0.8333333333333334,1.9858505517881238,1.7718208671922848,0.011167186670999961,0.011167454496232309,1.0,0.0,3.162277660162669e-05,0.01116718667099996,0.0,0.009963543562536701,3.162277660154816e-05,-0.01116718667099996,0.0,1.734723475976807e-18,-5.710357317209591e-17,2.6782523234944455e-07,2.3983232325197828e-05,1.9858378125100329,1.9858854393196506,False
2,9/10,0.9,0.09999999999999998,10,1e-05,0.13693063937629152,1.315,0.8333333333333334,1.9858505517881238,1.7718208671922848,0.006279798097102483,0.006279845724093703,0.9999999999999999,0.0,9.999999999967275e-06,0.006279798097102483,0.0,0.005602965115893695,9.99999999998368e-06,-0.006279798097102483,0.0,0.0,-3.272596495011715e-17,4.762699121977493e-08,7.584159631143263e-06,1.985846523283508,1.9858615842605436,False
2,9/10,0.9,0.09999999999999998,11,3.162277660168379e-06,0.13693063937629152,1.315,0.8333333333333334,1.9858505517881238,1.7718208671922848,0.0035313948822662013,0.003531403351686198,0.9999999999999999,0.0,3.1622776601393594e-06,0.0035313948822662013,0.0,0.0031507882220310124,3.1622776602240394e-06,-0.0035313948822662013,0.0,0.0,-2.9019772289405957e-17,8.469419996923189e-09,2.398321422351983e-06,1.9858492778639925,1.9858540405688572,False
2,9/10,0.9,0.09999999999999998,12,1e-06,0.13693063937629152,1.315,0.8333333333333334,1.9858505517881238,1.7718208671922848,0.00198585014893803,0.001985851655038124,1.0,0.0,9.999999999480798e-07,0.00198585014893803,0.0,0.001771820094641506,1.0000000000155528e-06,-0.00198585014893803,0.0,0.0,-5.192015505137322e-17,1.5061000940320979e-09,7.584157821966138e-07,1.9858501489380298,1.9858516550381238,False
