source,fold,validation_rows,classes,pairs,n,M,kappa,feature_vs_saved_features,feature_vs_saved_score,quadratic_vs_feature_score,standardized_reexpression_score,pairwise_score,direct_pair_operator_score,direct_pair_validation_rows,operator_vs_saved,standardizer_mean,standardizer_scale,sum_class_operators_frobenius,flag,basis_feature_vs_physical_score,basis_quadratic_vs_physical_score,operator_coordinate_transform,basis_defect_frobenius,imaginary_score,status
S1,leave_environment_A,400,10,45,256,512,11.335784048754634,0.0,0.0,5.900889581254603e-13,1.7474910407599964e-13,8.207960739576402e-13,3.660267752399155e-13,16,0.0,0.0,0.0,3.1310887512988003e-08,coordinate,9.237055564881302e-14,5.900889581254603e-13,0.0,0.0,1.6830981053317373e-13,PASS
S1,leave_environment_A,400,10,45,256,512,11.335784048754634,0.0,0.0,5.900889581254603e-13,1.7474910407599964e-13,8.207960739576402e-13,3.660267752399155e-13,16,0.0,0.0,0.0,3.1310887512988003e-08,dct,2.1316282072803006e-13,5.401220751896833e-13,8.90194073881834e-13,6.144350391607789e-16,1.936228954946273e-13,PASS
S1,leave_environment_A,400,10,45,256,512,11.335784048754634,0.0,0.0,5.900889581254603e-13,1.7474910407599964e-13,8.207960739576402e-13,3.660267752399155e-13,16,0.0,0.0,0.0,3.1310887512988003e-08,dft,1.9895196601282805e-13,5.765810497950526e-13,9.845120252765806e-13,5.438959822042073e-16,1.6830981053317373e-13,PASS
S1,leave_environment_A,400,10,45,256,512,11.335784048754634,0.0,0.0,5.900889581254603e-13,1.7474910407599964e-13,8.207960739576402e-13,3.660267752399155e-13,16,0.0,0.0,0.0,3.1310887512988003e-08,polynomial,2.1671553440683056e-13,5.614868403717688e-13,8.526531332818202e-13,1.6850001436918814e-15,1.6830981053317373e-13,PASS
S1,leave_environment_A,400,10,45,256,512,11.335784048754634,0.0,0.0,5.900889581254603e-13,1.7474910407599964e-13,8.207960739576402e-13,3.660267752399155e-13,16,0.0,0.0,0.0,3.1310887512988003e-08,random_orthogonal,2.2026824808563106e-13,6.183109822849937e-13,7.38972985318268e-13,1.4355295331320572e-15,1.7408297026122455e-13,PASS
S1,leave_environment_A,400,10,45,256,512,11.335784048754634,0.0,0.0,5.900889581254603e-13,1.7474910407599964e-13,8.207960739576402e-13,3.660267752399155e-13,16,0.0,0.0,0.0,3.1310887512988003e-08,permuted_polynomial,1.9895196601282805e-13,6.183157267668488e-13,9.149186213801313e-13,1.6673571527189293e-15,1.936228954946273e-13,PASS
S1,leave_environment_B,400,10,45,256,512,11.335784048754634,0.0,0.0,3.870185869658319e-13,1.5470957848151556e-13,6.275294815499218e-13,3.382229166129471e-13,16,0.0,0.0,0.0,3.8748813587847445e-08,coordinate,8.526512829121202e-14,3.870185869658319e-13,0.0,0.0,1.6120438317557273e-13,PASS
S1,leave_environment_B,400,10,45,256,512,11.335784048754634,0.0,0.0,3.870185869658319e-13,1.5470957848151556e-13,6.275294815499218e-13,3.382229166129471e-13,16,0.0,0.0,0.0,3.8748813587847445e-08,dct,1.8474111129762605e-13,4.76623386541518e-13,7.675177253299113e-13,6.144350391607789e-16,2.149391775674303e-13,PASS
S1,leave_environment_B,400,10,45,256,512,11.335784048754634,0.0,0.0,3.870185869658319e-13,1.5470957848151556e-13,6.275294815499218e-13,3.382229166129471e-13,16,0.0,0.0,0.0,3.8748813587847445e-08,dft,1.9895196601282805e-13,5.258466784581762e-13,6.909548609278005e-13,5.438959822042073e-16,1.6120438317557273e-13,PASS
S1,leave_environment_B,400,10,45,256,512,11.335784048754634,0.0,0.0,3.870185869658319e-13,1.5470957848151556e-13,6.275294815499218e-13,3.382229166129471e-13,16,0.0,0.0,0.0,3.8748813587847445e-08,polynomial,1.7053025658242404e-13,4.974096646499812e-13,7.438673224159175e-13,1.6850001436918814e-15,1.865174681370263e-13,PASS
S1,leave_environment_B,400,10,45,256,512,11.335784048754634,0.0,0.0,3.870185869658319e-13,1.5470957848151556e-13,6.275294815499218e-13,3.382229166129471e-13,16,0.0,0.0,0.0,3.8748813587847445e-08,random_orthogonal,2.3092638912203256e-13,3.6274912732013897e-13,8.526586843668268e-13,1.4355295331320572e-15,1.865174681370263e-13,PASS
S1,leave_environment_B,400,10,45,256,512,11.335784048754634,0.0,0.0,3.870185869658319e-13,1.5470957848151556e-13,6.275294815499218e-13,3.382229166129471e-13,16,0.0,0.0,0.0,3.8748813587847445e-08,permuted_polynomial,2.1316282072803006e-13,4.763173010489958e-13,8.695371059717647e-13,1.6673571527189293e-15,1.6120438317557273e-13,PASS
S1,leave_environment_B_antenna,400,10,45,256,512,11.335784048754634,0.0,0.0,6.539171015514016e-13,1.5076828674409626e-13,7.677962428991415e-13,3.040751404752761e-13,16,0.0,0.0,0.0,3.823668328520978e-08,coordinate,9.947598300641403e-14,6.539171015514016e-13,0.0,0.0,2.078337502098293e-13,PASS
S1,leave_environment_B_antenna,400,10,45,256,512,11.335784048754634,0.0,0.0,6.539171015514016e-13,1.5076828674409626e-13,7.677962428991415e-13,3.040751404752761e-13,16,0.0,0.0,0.0,3.823668328520978e-08,dct,2.4158453015843406e-13,5.427235291526869e-13,1.1015532368086975e-12,6.144350391607789e-16,2.078337502098293e-13,PASS
S1,leave_environment_B_antenna,400,10,45,256,512,11.335784048754634,0.0,0.0,6.539171015514016e-13,1.5076828674409626e-13,7.677962428991415e-13,3.040751404752761e-13,16,0.0,0.0,0.0,3.823668328520978e-08,dft,1.8829382497642655e-13,5.791138802559927e-13,6.834519954515513e-13,5.438959822042073e-16,2.078337502098293e-13,PASS
S1,leave_environment_B_antenna,400,10,45,256,512,11.335784048754634,0.0,0.0,6.539171015514016e-13,1.5076828674409626e-13,7.677962428991415e-13,3.040751404752761e-13,16,0.0,0.0,0.0,3.823668328520978e-08,polynomial,2.2026824808563106e-13,6.68250238479202e-13,8.601970165740087e-13,1.6850001436918814e-15,2.078337502098293e-13,PASS
S1,leave_environment_B_antenna,400,10,45,256,512,11.335784048754634,0.0,0.0,6.539171015514016e-13,1.5076828674409626e-13,7.677962428991415e-13,3.040751404752761e-13,16,0.0,0.0,0.0,3.823668328520978e-08,random_orthogonal,2.2026824808563106e-13,5.685701746626793e-13,1.1084466677857563e-12,1.4355295331320572e-15,2.078337502098293e-13,PASS
S1,leave_environment_B_antenna,400,10,45,256,512,11.335784048754634,0.0,0.0,6.539171015514016e-13,1.5076828674409626e-13,7.677962428991415e-13,3.040751404752761e-13,16,0.0,0.0,0.0,3.823668328520978e-08,permuted_polynomial,2.2026824808563106e-13,6.681463475228998e-13,9.095224569250403e-13,1.6673571527189293e-15,2.078337502098293e-13,PASS
S1,leave_environment_B_walk,400,10,45,256,512,11.335784048754634,0.0,0.0,5.700670911701924e-13,1.341149413747189e-13,6.976630179562568e-13,4.1568084423221447e-13,16,0.0,0.0,0.0,3.805283056272386e-08,coordinate,9.237055564881302e-14,5.700670911701924e-13,0.0,0.0,1.532107773982716e-13,PASS
S1,leave_environment_B_walk,400,10,45,256,512,11.335784048754634,0.0,0.0,5.700670911701924e-13,1.341149413747189e-13,6.976630179562568e-13,4.1568084423221447e-13,16,0.0,0.0,0.0,3.805283056272386e-08,dct,1.652011860642233e-13,4.0549120414619017e-13,8.242984809959336e-13,6.144350391607789e-16,1.652011860642233e-13,PASS
S1,leave_environment_B_walk,400,10,45,256,512,11.335784048754634,0.0,0.0,5.700670911701924e-13,1.341149413747189e-13,6.976630179562568e-13,4.1568084423221447e-13,16,0.0,0.0,0.0,3.805283056272386e-08,dft,2.0605739337042905e-13,4.4414604963141023e-13,7.583857986973234e-13,5.438959822042073e-16,1.723066134218243e-13,PASS
S1,leave_environment_B_walk,400,10,45,256,512,11.335784048754634,0.0,0.0,5.700670911701924e-13,1.341149413747189e-13,6.976630179562568e-13,4.1568084423221447e-13,16,0.0,0.0,0.0,3.805283056272386e-08,polynomial,1.7763568394002505e-13,5.5165551006744e-13,7.447152279942851e-13,1.6850001436918814e-15,1.687538997430238e-13,PASS
S1,leave_environment_B_walk,400,10,45,256,512,11.335784048754634,0.0,0.0,5.700670911701924e-13,1.341149413747189e-13,6.976630179562568e-13,4.1568084423221447e-13,16,0.0,0.0,0.0,3.805283056272386e-08,random_orthogonal,2.0961010704922955e-13,3.9082127619279114e-13,1.1368683772161603e-12,1.4355295331320572e-15,1.545430450278218e-13,PASS
S1,leave_environment_B_walk,400,10,45,256,512,11.335784048754634,0.0,0.0,5.700670911701924e-13,1.341149413747189e-13,6.976630179562568e-13,4.1568084423221447e-13,16,0.0,0.0,0.0,3.805283056272386e-08,permuted_polynomial,1.8474111129762605e-13,4.0504441754037824e-13,9.325450455155737e-13,1.6673571527189293e-15,1.7408297026122455e-13,PASS
S1,leave_environment_C,400,10,45,256,512,11.335784048754634,0.0,0.0,5.409582621614967e-13,1.8385293287792592e-13,8.495412728395979e-13,3.410954949609455e-13,16,0.0,0.0,0.0,3.6935391542793696e-08,coordinate,1.1368683772161603e-13,5.409582621614967e-13,0.0,0.0,1.6697754290362354e-13,PASS
S1,leave_environment_C,400,10,45,256,512,11.335784048754634,0.0,0.0,5.409582621614967e-13,1.8385293287792592e-13,8.495412728395979e-13,3.410954949609455e-13,16,0.0,0.0,0.0,3.6935391542793696e-08,dct,1.8118839761882555e-13,5.404687925619602e-13,8.883773493885077e-13,6.144350391607789e-16,1.6697754290362354e-13,PASS
S1,leave_environment_C,400,10,45,256,512,11.335784048754634,0.0,0.0,5.409582621614967e-13,1.8385293287792592e-13,8.495412728395979e-13,3.410954949609455e-13,16,0.0,0.0,0.0,3.6935391542793696e-08,dft,1.7763568394002505e-13,5.373855617291122e-13,9.689468887319654e-13,5.438959822042073e-16,1.7763568394002505e-13,PASS
S1,leave_environment_C,400,10,45,256,512,11.335784048754634,0.0,0.0,5.409582621614967e-13,1.8385293287792592e-13,8.495412728395979e-13,3.410954949609455e-13,16,0.0,0.0,0.0,3.6935391542793696e-08,polynomial,2.5934809855243657e-13,5.208278556047317e-13,1.0397258008561235e-12,1.6850001436918814e-15,1.6697754290362354e-13,PASS
S1,leave_environment_C,400,10,45,256,512,11.335784048754634,0.0,0.0,5.409582621614967e-13,1.8385293287792592e-13,8.495412728395979e-13,3.410954949609455e-13,16,0.0,0.0,0.0,3.6935391542793696e-08,random_orthogonal,2.0605739337042905e-13,5.897611715286169e-13,9.121293999758984e-13,1.4355295331320572e-15,1.6697754290362354e-13,PASS
S1,leave_environment_C,400,10,45,256,512,11.335784048754634,0.0,0.0,5.409582621614967e-13,1.8385293287792592e-13,8.495412728395979e-13,3.410954949609455e-13,16,0.0,0.0,0.0,3.6935391542793696e-08,permuted_polynomial,1.8474111129762605e-13,5.192502522781896e-13,8.54100742331054e-13,1.6673571527189293e-15,2.575717417130363e-13,PASS
S1,leave_environment_D,400,10,45,256,512,11.335784048754634,0.0,0.0,5.650608975773497e-13,2.2470914018413168e-13,8.63439518407075e-13,3.624724475111294e-13,16,0.0,0.0,0.0,3.6756077148891554e-08,coordinate,1.1368683772161603e-13,5.650608975773497e-13,0.0,0.0,1.687538997430238e-13,PASS
S1,leave_environment_D,400,10,45,256,512,11.335784048754634,0.0,0.0,5.650608975773497e-13,2.2470914018413168e-13,8.63439518407075e-13,3.624724475111294e-13,16,0.0,0.0,0.0,3.6756077148891554e-08,dct,1.9895196601282805e-13,5.766904930095521e-13,1.080118446774342e-12,6.144350391607789e-16,2.0961010704922955e-13,PASS
S1,leave_environment_D,400,10,45,256,512,11.335784048754634,0.0,0.0,5.650608975773497e-13,2.2470914018413168e-13,8.63439518407075e-13,3.624724475111294e-13,16,0.0,0.0,0.0,3.6756077148891554e-08,dft,2.1316282072803006e-13,6.895560081268057e-13,9.421019553424511e-13,5.438959822042073e-16,1.687538997430238e-13,PASS
S1,leave_environment_D,400,10,45,256,512,11.335784048754634,0.0,0.0,5.650608975773497e-13,2.2470914018413168e-13,8.63439518407075e-13,3.624724475111294e-13,16,0.0,0.0,0.0,3.6756077148891554e-08,polynomial,1.9895196601282805e-13,5.508715428797153e-13,7.679123022004601e-13,1.6850001436918814e-15,1.8118839761882555e-13,PASS
S1,leave_environment_D,400,10,45,256,512,11.335784048754634,0.0,0.0,5.650608975773497e-13,2.2470914018413168e-13,8.63439518407075e-13,3.624724475111294e-13,16,0.0,0.0,0.0,3.6756077148891554e-08,random_orthogonal,1.9895196601282805e-13,5.981926164342034e-13,8.527696984786814e-13,1.4355295331320572e-15,1.687538997430238e-13,PASS
S1,leave_environment_D,400,10,45,256,512,11.335784048754634,0.0,0.0,5.650608975773497e-13,2.2470914018413168e-13,8.63439518407075e-13,3.624724475111294e-13,16,0.0,0.0,0.0,3.6756077148891554e-08,permuted_polynomial,2.1316282072803006e-13,5.615563810876777e-13,7.988176176282521e-13,1.6673571527189293e-15,2.433608869978343e-13,PASS
S1,leave_environment_E,400,10,45,256,512,11.335784048754634,0.0,0.0,6.703719778116453e-13,1.4077627952246985e-13,8.395067594139058e-13,3.8525577211749084e-13,16,0.0,0.0,0.0,3.1844816788562355e-08,coordinate,8.526512829121202e-14,6.703719778116453e-13,0.0,0.0,1.6697754290362354e-13,PASS
S1,leave_environment_E,400,10,45,256,512,11.335784048754634,0.0,0.0,6.703719778116453e-13,1.4077627952246985e-13,8.395067594139058e-13,3.8525577211749084e-13,16,0.0,0.0,0.0,3.1844816788562355e-08,dct,1.9184653865522705e-13,6.981059778846615e-13,1.1368683772161603e-12,6.144350391607789e-16,1.794120407794253e-13,PASS
S1,leave_environment_E,400,10,45,256,512,11.335784048754634,0.0,0.0,6.703719778116453e-13,1.4077627952246985e-13,8.395067594139058e-13,3.8525577211749084e-13,16,0.0,0.0,0.0,3.1844816788562355e-08,dft,2.5579538487363607e-13,7.319609046924809e-13,8.668621376273222e-13,5.438959822042073e-16,1.6697754290362354e-13,PASS
S1,leave_environment_E,400,10,45,256,512,11.335784048754634,0.0,0.0,6.703719778116453e-13,1.4077627952246985e-13,8.395067594139058e-13,3.8525577211749084e-13,16,0.0,0.0,0.0,3.1844816788562355e-08,polynomial,2.4158453015843406e-13,7.603718028969091e-13,8.526808883454692e-13,1.6850001436918814e-15,1.9184653865522705e-13,PASS
S1,leave_environment_E,400,10,45,256,512,11.335784048754634,0.0,0.0,6.703719778116453e-13,1.4077627952246985e-13,8.395067594139058e-13,3.8525577211749084e-13,16,0.0,0.0,0.0,3.1844816788562355e-08,random_orthogonal,2.0605739337042905e-13,7.106881796062227e-13,9.812695510408996e-13,1.4355295331320572e-15,1.6697754290362354e-13,PASS
S1,leave_environment_E,400,10,45,256,512,11.335784048754634,0.0,0.0,6.703719778116453e-13,1.4077627952246985e-13,8.395067594139058e-13,3.8525577211749084e-13,16,0.0,0.0,0.0,3.1844816788562355e-08,permuted_polynomial,1.8474111129762605e-13,7.679112754214332e-13,7.563860084571424e-13,1.6673571527189293e-15,1.6697754290362354e-13,PASS
S1,leave_environment_F,400,10,45,256,512,11.335784048754634,0.0,0.0,6.004100898230425e-13,1.5959455978986625e-13,8.633881254078054e-13,3.268496584496461e-13,16,0.0,0.0,0.0,3.730816813307457e-08,coordinate,1.1723955140041653e-13,6.004100898230425e-13,0.0,0.0,1.794120407794253e-13,PASS
S1,leave_environment_F,400,10,45,256,512,11.335784048754634,0.0,0.0,6.004100898230425e-13,1.5959455978986625e-13,8.633881254078054e-13,3.268496584496461e-13,16,0.0,0.0,0.0,3.730816813307457e-08,dct,1.8829382497642655e-13,6.368131749358584e-13,8.261873662006924e-13,6.144350391607789e-16,1.9895196601282805e-13,PASS
S1,leave_environment_F,400,10,45,256,512,11.335784048754634,0.0,0.0,6.004100898230425e-13,1.5959455978986625e-13,8.633881254078054e-13,3.268496584496461e-13,16,0.0,0.0,0.0,3.730816813307457e-08,dft,2.2382096176443156e-13,6.644394208831261e-13,7.679123022004601e-13,5.438959822042073e-16,2.042810365310288e-13,PASS
S1,leave_environment_F,400,10,45,256,512,11.335784048754634,0.0,0.0,6.004100898230425e-13,1.5959455978986625e-13,8.633881254078054e-13,3.268496584496461e-13,16,0.0,0.0,0.0,3.730816813307457e-08,polynomial,1.9895196601282805e-13,6.089810030153644e-13,8.389220137783833e-13,1.6850001436918814e-15,1.8118839761882555e-13,PASS
S1,leave_environment_F,400,10,45,256,512,11.335784048754634,0.0,0.0,6.004100898230425e-13,1.5959455978986625e-13,8.633881254078054e-13,3.268496584496461e-13,16,0.0,0.0,0.0,3.730816813307457e-08,random_orthogonal,2.1316282072803006e-13,5.412538903339727e-13,1.0239969201310488e-12,1.4355295331320572e-15,1.794120407794253e-13,PASS
S1,leave_environment_F,400,10,45,256,512,11.335784048754634,0.0,0.0,6.004100898230425e-13,1.5959455978986625e-13,8.633881254078054e-13,3.268496584496461e-13,16,0.0,0.0,0.0,3.730816813307457e-08,permuted_polynomial,1.8829382497642655e-13,5.594369645536391e-13,8.569039341455968e-13,1.6673571527189293e-15,1.794120407794253e-13,PASS
S1,leave_environment_F_antenna,400,10,45,256,512,11.335784048754634,0.0,0.0,4.729741405558838e-13,1.1457501614131615e-13,6.980123227159096e-13,3.092511637349972e-13,16,0.0,0.0,0.0,4.4946758290171764e-08,coordinate,1.0658141036401503e-13,4.729741405558838e-13,0.0,0.0,2.007283228522283e-13,PASS
S1,leave_environment_F_antenna,400,10,45,256,512,11.335784048754634,0.0,0.0,4.729741405558838e-13,1.1457501614131615e-13,6.980123227159096e-13,3.092511637349972e-13,16,0.0,0.0,0.0,4.4946758290171764e-08,dct,2.1316282072803006e-13,4.2798371844243117e-13,1.422084321207637e-12,6.144350391607789e-16,2.469136006766348e-13,PASS
S1,leave_environment_F_antenna,400,10,45,256,512,11.335784048754634,0.0,0.0,4.729741405558838e-13,1.1457501614131615e-13,6.980123227159096e-13,3.092511637349972e-13,16,0.0,0.0,0.0,4.4946758290171764e-08,dft,1.723066134218243e-13,5.506828079105951e-13,1.8193363151601366e-12,5.438959822042073e-16,2.007283228522283e-13,PASS
S1,leave_environment_F_antenna,400,10,45,256,512,11.335784048754634,0.0,0.0,4.729741405558838e-13,1.1457501614131615e-13,6.980123227159096e-13,3.092511637349972e-13,16,0.0,0.0,0.0,4.4946758290171764e-08,polynomial,2.1316282072803006e-13,4.583586379963701e-13,2.1033985276606463e-12,1.6850001436918814e-15,2.2382096176443156e-13,PASS
S1,leave_environment_F_antenna,400,10,45,256,512,11.335784048754634,0.0,0.0,4.729741405558838e-13,1.1457501614131615e-13,6.980123227159096e-13,3.092511637349972e-13,16,0.0,0.0,0.0,4.4946758290171764e-08,random_orthogonal,1.9895196601282805e-13,5.740113729796619e-13,1.6718151039018203e-12,1.4355295331320572e-15,2.007283228522283e-13,PASS
S1,leave_environment_F_antenna,400,10,45,256,512,11.335784048754634,0.0,0.0,4.729741405558838e-13,1.1457501614131615e-13,6.980123227159096e-13,3.092511637349972e-13,16,0.0,0.0,0.0,4.4946758290171764e-08,permuted_polynomial,1.7408297026122455e-13,5.684681881714071e-13,1.5916157281026244e-12,1.6673571527189293e-15,2.007283228522283e-13,PASS
S1,leave_environment_F_walk,400,10,45,256,512,11.335784048754634,0.0,0.0,4.125830306611268e-13,1.4699352846037073e-13,6.652240972955598e-13,4.0177288558556904e-13,16,0.0,0.0,0.0,3.2324662081912875e-08,coordinate,1.2789769243681803e-13,4.125830306611268e-13,0.0,0.0,1.829647544582258e-13,PASS
S1,leave_environment_F_walk,400,10,45,256,512,11.335784048754634,0.0,0.0,4.125830306611268e-13,1.4699352846037073e-13,6.652240972955598e-13,4.0177288558556904e-13,16,0.0,0.0,0.0,3.2324662081912875e-08,dct,1.9184653865522705e-13,4.977812177157525e-13,1.0819165243229934e-12,6.144350391607789e-16,2.3447910280083306e-13,PASS
S1,leave_environment_F_walk,400,10,45,256,512,11.335784048754634,0.0,0.0,4.125830306611268e-13,1.4699352846037073e-13,6.652240972955598e-13,4.0177288558556904e-13,16,0.0,0.0,0.0,3.2324662081912875e-08,dft,1.9184653865522705e-13,4.055242145752806e-13,9.866059234417311e-13,5.438959822042073e-16,1.829647544582258e-13,PASS
S1,leave_environment_F_walk,400,10,45,256,512,11.335784048754634,0.0,0.0,4.125830306611268e-13,1.4699352846037073e-13,6.652240972955598e-13,4.0177288558556904e-13,16,0.0,0.0,0.0,3.2324662081912875e-08,polynomial,2.4158453015843406e-13,4.349211658596778e-13,1.023187707381646e-12,1.6850001436918814e-15,1.8829382497642655e-13,PASS
S1,leave_environment_F_walk,400,10,45,256,512,11.335784048754634,0.0,0.0,4.125830306611268e-13,1.4699352846037073e-13,6.652240972955598e-13,4.0177288558556904e-13,16,0.0,0.0,0.0,3.2324662081912875e-08,random_orthogonal,2.4513724383723456e-13,4.3893270687010473e-13,8.526512829121202e-13,1.4355295331320572e-15,1.829647544582258e-13,PASS
S1,leave_environment_F_walk,400,10,45,256,512,11.335784048754634,0.0,0.0,4.125830306611268e-13,1.4699352846037073e-13,6.652240972955598e-13,4.0177288558556904e-13,16,0.0,0.0,0.0,3.2324662081912875e-08,permuted_polynomial,2.2026824808563106e-13,3.98010618705524e-13,9.618344881242658e-13,1.6673571527189293e-15,1.900701818158268e-13,PASS
S1,leave_environment_moving_meeting_room,400,10,45,256,512,11.335784048754634,0.0,0.0,5.679149221682955e-13,1.8918200339612667e-13,8.455484867906556e-13,4.162840709284309e-13,16,0.0,0.0,0.0,5.543688202346168e-08,coordinate,1.0658141036401503e-13,5.679149221682955e-13,0.0,0.0,1.6342482922482304e-13,PASS
S1,leave_environment_moving_meeting_room,400,10,45,256,512,11.335784048754634,0.0,0.0,5.679149221682955e-13,1.8918200339612667e-13,8.455484867906556e-13,4.162840709284309e-13,16,0.0,0.0,0.0,5.543688202346168e-08,dct,1.8474111129762605e-13,7.24971248580887e-13,1.0803112410875736e-12,6.144350391607789e-16,2.433608869978343e-13,PASS
S1,leave_environment_moving_meeting_room,400,10,45,256,512,11.335784048754634,0.0,0.0,5.679149221682955e-13,1.8918200339612667e-13,8.455484867906556e-13,4.162840709284309e-13,16,0.0,0.0,0.0,5.543688202346168e-08,dft,2.0605739337042905e-13,6.465944995540543e-13,1.0247593068766006e-12,5.438959822042073e-16,1.7408297026122455e-13,PASS
S1,leave_environment_moving_meeting_room,400,10,45,256,512,11.335784048754634,0.0,0.0,5.679149221682955e-13,1.8918200339612667e-13,8.455484867906556e-13,4.162840709284309e-13,16,0.0,0.0,0.0,5.543688202346168e-08,polynomial,2.2026824808563106e-13,6.046721029615816e-13,9.096057172999542e-13,1.6850001436918814e-15,1.900701818158268e-13,PASS
S1,leave_environment_moving_meeting_room,400,10,45,256,512,11.335784048754634,0.0,0.0,5.679149221682955e-13,1.8918200339612667e-13,8.455484867906556e-13,4.162840709284309e-13,16,0.0,0.0,0.0,5.543688202346168e-08,random_orthogonal,2.1316282072803006e-13,7.057842414658309e-13,1.0800249583553523e-12,1.4355295331320572e-15,1.6342482922482304e-13,PASS
S1,leave_environment_moving_meeting_room,400,10,45,256,512,11.335784048754634,0.0,0.0,5.679149221682955e-13,1.8918200339612667e-13,8.455484867906556e-13,4.162840709284309e-13,16,0.0,0.0,0.0,5.543688202346168e-08,permuted_polynomial,2.0250467969162855e-13,5.438002480859956e-13,1.0923193605707276e-12,1.6673571527189293e-15,2.220446049250313e-13,PASS
S1,leave_environment_moving_office,400,10,45,256,512,11.335784048754634,0.0,0.0,5.222521206022822e-13,1.680877659282487e-13,7.647876367431773e-13,3.1941963449132243e-13,16,0.0,0.0,0.0,3.624494960530972e-08,coordinate,1.0658141036401503e-13,5.222521206022822e-13,0.0,0.0,1.4921397450962104e-13,PASS
S1,leave_environment_moving_office,400,10,45,256,512,11.335784048754634,0.0,0.0,5.222521206022822e-13,1.680877659282487e-13,7.647876367431773e-13,3.1941963449132243e-13,16,0.0,0.0,0.0,3.624494960530972e-08,dct,2.0605739337042905e-13,5.225287045549981e-13,7.499508457134857e-13,6.144350391607789e-16,1.5987211554602254e-13,PASS
S1,leave_environment_moving_office,400,10,45,256,512,11.335784048754634,0.0,0.0,5.222521206022822e-13,1.680877659282487e-13,7.647876367431773e-13,3.1941963449132243e-13,16,0.0,0.0,0.0,3.624494960530972e-08,dft,2.3447910280083306e-13,5.368155071132312e-13,8.810729923425242e-13,5.438959822042073e-16,1.4921397450962104e-13,PASS
S1,leave_environment_moving_office,400,10,45,256,512,11.335784048754634,0.0,0.0,5.222521206022822e-13,1.680877659282487e-13,7.647876367431773e-13,3.1941963449132243e-13,16,0.0,0.0,0.0,3.624494960530972e-08,polynomial,1.8474111129762605e-13,6.043858365132458e-13,7.105516174887867e-13,1.6850001436918814e-15,1.616484723854228e-13,PASS
S1,leave_environment_moving_office,400,10,45,256,512,11.335784048754634,0.0,0.0,5.222521206022822e-13,1.680877659282487e-13,7.647876367431773e-13,3.1941963449132243e-13,16,0.0,0.0,0.0,3.624494960530972e-08,random_orthogonal,2.007283228522283e-13,6.158465860863029e-13,9.099386826154683e-13,1.4355295331320572e-15,2.682298827494378e-13,PASS
S1,leave_environment_moving_office,400,10,45,256,512,11.335784048754634,0.0,0.0,5.222521206022822e-13,1.680877659282487e-13,7.647876367431773e-13,3.1941963449132243e-13,16,0.0,0.0,0.0,3.624494960530972e-08,permuted_polynomial,1.8474111129762605e-13,4.689595197842762e-13,8.810729923425242e-13,1.6673571527189293e-15,1.687538997430238e-13,PASS
S1,leave_environment_residential,400,10,45,256,512,11.335784048754634,0.0,0.0,5.04502751169395e-13,1.3444800828210646e-13,6.89323162207212e-13,3.134342074070357e-13,16,0.0,0.0,0.0,3.4006604193717726e-08,coordinate,1.0302869668521453e-13,5.04502751169395e-13,0.0,0.0,1.652011860642233e-13,PASS
S1,leave_environment_residential,400,10,45,256,512,11.335784048754634,0.0,0.0,5.04502751169395e-13,1.3444800828210646e-13,6.89323162207212e-13,3.134342074070357e-13,16,0.0,0.0,0.0,3.4006604193717726e-08,dct,1.7763568394002505e-13,5.641883932041236e-13,9.498975809417745e-13,6.144350391607789e-16,2.007283228522283e-13,PASS
S1,leave_environment_residential,400,10,45,256,512,11.335784048754634,0.0,0.0,5.04502751169395e-13,1.3444800828210646e-13,6.89323162207212e-13,3.134342074070357e-13,16,0.0,0.0,0.0,3.4006604193717726e-08,dft,1.8118839761882555e-13,7.109739352400733e-13,7.958078640513122e-13,5.438959822042073e-16,1.971756091734278e-13,PASS
S1,leave_environment_residential,400,10,45,256,512,11.335784048754634,0.0,0.0,5.04502751169395e-13,1.3444800828210646e-13,6.89323162207212e-13,3.134342074070357e-13,16,0.0,0.0,0.0,3.4006604193717726e-08,polynomial,1.7763568394002505e-13,6.324229516979082e-13,9.663381206337363e-13,1.6850001436918814e-15,2.291500322826323e-13,PASS
S1,leave_environment_residential,400,10,45,256,512,11.335784048754634,0.0,0.0,5.04502751169395e-13,1.3444800828210646e-13,6.89323162207212e-13,3.134342074070357e-13,16,0.0,0.0,0.0,3.4006604193717726e-08,random_orthogonal,2.0961010704922955e-13,6.256130312561188e-13,8.246046669474682e-13,1.4355295331320572e-15,1.794120407794253e-13,PASS
S1,leave_environment_residential,400,10,45,256,512,11.335784048754634,0.0,0.0,5.04502751169395e-13,1.3444800828210646e-13,6.89323162207212e-13,3.134342074070357e-13,16,0.0,0.0,0.0,3.4006604193717726e-08,permuted_polynomial,1.9184653865522705e-13,6.608819722446532e-13,9.676172958296655e-13,1.6673571527189293e-15,2.1671553440683056e-13,PASS
S4,leave_day1_out,168,10,45,128,256,8.031189202104505,0.0,0.0,3.712463614682655e-14,1.0658141036401503e-14,5.28895438759082e-14,1.0264084280835038e-14,16,0.0,0.0,0.0,1.4748835953813953e-10,coordinate,4.440892098500626e-15,3.712463614682655e-14,0.0,0.0,1.687538997430238e-14,PASS
S4,leave_day1_out,168,10,45,128,256,8.031189202104505,0.0,0.0,3.712463614682655e-14,1.0658141036401503e-14,5.28895438759082e-14,1.0264084280835038e-14,16,0.0,0.0,0.0,1.4748835953813953e-10,dct,8.659739592076221e-15,2.999657430470547e-14,1.093442869781314e-14,6.144350391607789e-16,2.0872192862952943e-14,PASS
S4,leave_day1_out,168,10,45,128,256,8.031189202104505,0.0,0.0,3.712463614682655e-14,1.0658141036401503e-14,5.28895438759082e-14,1.0264084280835038e-14,16,0.0,0.0,0.0,1.4748835953813953e-10,dft,1.1546319456101628e-14,3.4650343400122025e-14,1.0322089227061201e-14,5.438959822042073e-16,1.687538997430238e-14,PASS
S4,leave_day1_out,168,10,45,128,256,8.031189202104505,0.0,0.0,3.712463614682655e-14,1.0658141036401503e-14,5.28895438759082e-14,1.0264084280835038e-14,16,0.0,0.0,0.0,1.4748835953813953e-10,polynomial,1.0658141036401503e-14,4.1746859853847844e-14,1.3322676295501878e-14,1.6850001436918814e-15,1.687538997430238e-14,PASS
S4,leave_day1_out,168,10,45,128,256,8.031189202104505,0.0,0.0,3.712463614682655e-14,1.0658141036401503e-14,5.28895438759082e-14,1.0264084280835038e-14,16,0.0,0.0,0.0,1.4748835953813953e-10,random_orthogonal,1.2101430968414206e-14,3.4195756397456033e-14,1.2491643415107043e-14,1.4355295331320572e-15,1.687538997430238e-14,PASS
S4,leave_day1_out,168,10,45,128,256,8.031189202104505,0.0,0.0,3.712463614682655e-14,1.0658141036401503e-14,5.28895438759082e-14,1.0264084280835038e-14,16,0.0,0.0,0.0,1.4748835953813953e-10,permuted_polynomial,1.0547118733938987e-14,2.9774682971422016e-14,1.0395861869767154e-14,1.6673571527189293e-15,1.687538997430238e-14,PASS
S4,leave_day3_out,168,10,45,128,256,8.031189202104505,0.0,0.0,3.0208064785186915e-14,5.773159728050814e-15,4.000270831071899e-14,9.401932385817575e-15,16,0.0,0.0,0.0,1.3870874671131103e-10,coordinate,3.9968028886505635e-15,3.0208064785186915e-14,0.0,0.0,1.2878587085651816e-14,PASS
S4,leave_day3_out,168,10,45,128,256,8.031189202104505,0.0,0.0,3.0208064785186915e-14,5.773159728050814e-15,4.000270831071899e-14,9.401932385817575e-15,16,0.0,0.0,0.0,1.3870874671131103e-10,dct,9.325873406851315e-15,3.199773700303452e-14,1.0322089227061201e-14,6.144350391607789e-16,1.3100631690576847e-14,PASS
S4,leave_day3_out,168,10,45,128,256,8.031189202104505,0.0,0.0,3.0208064785186915e-14,5.773159728050814e-15,4.000270831071899e-14,9.401932385817575e-15,16,0.0,0.0,0.0,1.3870874671131103e-10,dft,1.1102230246251565e-14,3.5167968209249984e-14,1.065883275752849e-14,5.438959822042073e-16,1.3100631690576847e-14,PASS
S4,leave_day3_out,168,10,45,128,256,8.031189202104505,0.0,0.0,3.0208064785186915e-14,5.773159728050814e-15,4.000270831071899e-14,9.401932385817575e-15,16,0.0,0.0,0.0,1.3870874671131103e-10,polynomial,1.0658141036401503e-14,3.5115048512827324e-14,1.044140997623753e-14,1.6850001436918814e-15,1.3100631690576847e-14,PASS
S4,leave_day3_out,168,10,45,128,256,8.031189202104505,0.0,0.0,3.0208064785186915e-14,5.773159728050814e-15,4.000270831071899e-14,9.401932385817575e-15,16,0.0,0.0,0.0,1.3870874671131103e-10,random_orthogonal,1.1324274851176597e-14,4.3527680906133844e-14,1.2121276483828484e-14,1.4355295331320572e-15,1.2878587085651816e-14,PASS
S4,leave_day3_out,168,10,45,128,256,8.031189202104505,0.0,0.0,3.0208064785186915e-14,5.773159728050814e-15,4.000270831071899e-14,9.401932385817575e-15,16,0.0,0.0,0.0,1.3870874671131103e-10,permuted_polynomial,1.1102230246251565e-14,3.287778857117272e-14,1.165681306894467e-14,1.6673571527189293e-15,1.2878587085651816e-14,PASS
S4,leave_day5_out,144,10,45,128,256,8.031189202104505,0.0,0.0,6.794746317275243e-14,8.43769498715119e-15,7.780723042043668e-14,1.5569276079042292e-14,16,0.0,0.0,0.0,1.1304085207811111e-10,coordinate,7.993605777301127e-15,6.794746317275243e-14,0.0,0.0,1.7319479184152442e-14,PASS
S4,leave_day5_out,144,10,45,128,256,8.031189202104505,0.0,0.0,6.794746317275243e-14,8.43769498715119e-15,7.780723042043668e-14,1.5569276079042292e-14,16,0.0,0.0,0.0,1.1304085207811111e-10,dct,1.0658141036401503e-14,6.345971100748304e-14,1.2466178176511811e-14,6.144350391607789e-16,1.7319479184152442e-14,PASS
S4,leave_day5_out,144,10,45,128,256,8.031189202104505,0.0,0.0,6.794746317275243e-14,8.43769498715119e-15,7.780723042043668e-14,1.5569276079042292e-14,16,0.0,0.0,0.0,1.1304085207811111e-10,dft,1.0658141036401503e-14,5.336882612637306e-14,1.2560739669470201e-14,5.438959822042073e-16,1.7319479184152442e-14,PASS
S4,leave_day5_out,144,10,45,128,256,8.031189202104505,0.0,0.0,6.794746317275243e-14,8.43769498715119e-15,7.780723042043668e-14,1.5569276079042292e-14,16,0.0,0.0,0.0,1.1304085207811111e-10,polynomial,1.2434497875801753e-14,6.573985280584866e-14,1.1549654980999496e-14,1.6850001436918814e-15,1.9317880628477724e-14,PASS
S4,leave_day5_out,144,10,45,128,256,8.031189202104505,0.0,0.0,6.794746317275243e-14,8.43769498715119e-15,7.780723042043668e-14,1.5569276079042292e-14,16,0.0,0.0,0.0,1.1304085207811111e-10,random_orthogonal,1.1546319456101628e-14,4.463041323674983e-14,1.0659441999608837e-14,1.4355295331320572e-15,2.1760371282653068e-14,PASS
S4,leave_day5_out,144,10,45,128,256,8.031189202104505,0.0,0.0,6.794746317275243e-14,8.43769498715119e-15,7.780723042043668e-14,1.5569276079042292e-14,16,0.0,0.0,0.0,1.1304085207811111e-10,permuted_polynomial,1.3322676295501878e-14,6.048188944696279e-14,1.2442425513123377e-14,1.6673571527189293e-15,1.7319479184152442e-14,PASS
