source,method,k,n,lower_median,lower_q25,lower_q75,upper_median,upper_lower_ratio_median,censored
S1,baseline,0,130,6.884809670929845e-05,5.056772325271735e-05,8.657786952932526e-05,0.0001643547344484,2.4194021595304003,0
S1,centered_scores,1,130,8.581533621543449e-05,6.465397789888643e-05,0.0001051499156417,0.0002848813298298,3.2235418168782513,0
S1,centered_scores,2,130,0.0001160090747957,8.902153993412898e-05,0.000142609482659225,0.00078869599066815,6.60230494272774,0
S1,difference,1,130,8.870945057389935e-05,6.748145066907969e-05,0.00010823053211815001,0.00030904291685049997,3.4489548172788798,0
S1,difference,2,130,0.0001236980879812,9.531552956792988e-05,0.000147600140845475,0.0009890434461718501,7.951110387418883,0
S1,margin_differences,1,130,8.942534004514918e-05,6.744001317919338e-05,0.00010885893698182501,0.00031235798921805,3.4069223782435616,0
S1,margin_differences,2,130,0.00012402531280504998,9.460353487265818e-05,0.0001481307898494,0.00100343034170165,7.815911334293704,0
S1,random_17,1,130,8.142165294246394e-05,6.074115841264094e-05,0.000100932298955775,0.0002411774139139,2.969742123220631,0
S1,random_17,2,130,0.00011373615741515,8.624682286690142e-05,0.000138200925413925,0.0006847595020309,5.909371359396788,0
S1,random_29,1,130,8.036132927404028e-05,5.948745726844244e-05,9.946989688384573e-05,0.000234456985906,2.912097027492336,0
S1,random_29,2,130,0.00011068323040935,8.453095901583489e-05,0.0001332891496713,0.0005918090666879501,5.322043957185468,0
S1,random_43,1,130,8.598821533167762e-05,6.398636608984856e-05,0.000106789178201475,0.00028431998168565,3.277532585908967,0
S1,random_43,2,130,0.0001126072349184,8.62044426347477e-05,0.00013511774170855002,0.000653948111429,5.707216378185054,0
S1,raw_scores,1,130,8.581539600954362e-05,6.465392814667141e-05,0.000105149826152325,0.00028488131971564996,3.2235402337410997,0
S1,raw_scores,2,130,0.0001160090747957,8.902153993412578e-05,0.000142609482659225,0.0007886959906680999,6.602304942724137,0
S4,baseline,0,30,0.00039245045457435,0.00015988416058245,0.000717467421000625,0.0006421657176627999,1.6284995125663912,0
S4,centered_scores,1,30,0.00052491615704525,0.00023045408368142502,0.000989134557626375,0.00106533622479575,2.026007031778751,0
S4,centered_scores,2,30,0.000862902487627,0.00042817171343185,0.00141709525179135,0.0033738915832045,3.7954792105755555,0
S4,difference,1,30,0.00058282906603535,0.00028312409621857504,0.0010465350101836251,0.0012716402074581,2.1614037405125224,0
S4,difference,2,30,0.00092642001926195,0.000472455825714375,0.0015026581537308501,0.0042423623982695,3.964796708390615,0
S4,margin_differences,1,30,0.0005614320581724,0.00028170664973845,0.00102256940620185,0.00118749179502835,2.130771780062561,0
S4,margin_differences,2,30,0.0008809629341376499,0.00047204356269215,0.00150762263827655,0.00362027219094745,4.09572830453147,0
S4,random_17,1,30,0.0005165688162753999,0.0002388919079326,0.000895799716176625,0.00104642886687585,1.9977493783011147,0
S4,random_17,2,30,0.00079114259595345,0.000420813113483575,0.0012867855560447,0.00258542593709315,3.262209656385754,0
S4,random_29,1,30,0.0005221847363721,0.00022398992865885,0.0008734163200487251,0.00106230613227375,1.9643558445324127,0
S4,random_29,2,30,0.0008099899998860499,0.000414473067883275,0.0012508776034532748,0.0029306052368589,3.207188137242129,0
S4,random_43,1,30,0.00050421638470065,0.0002506775918615,0.000901824411639075,0.0009960451116383,1.9883285720084454,0
S4,random_43,2,30,0.0008125777036977,0.0004219802396711,0.0013436459829893749,0.0027725238128683003,3.186077555740335,0
S4,raw_scores,1,30,0.0005249161570172,0.00023045408366545,0.000989134557655175,0.0010653362247973,2.0260070318841557,0
S4,raw_scores,2,30,0.00086290248762695,0.00042817171343185,0.00141709525179135,0.0033738915832063,3.7954792105760307,0
