level,source,group,k,comparator,n,absolute_gain_median,relative_gain_median,relative_gain_q25,relative_gain_q75,formula_gain_median_lower,formula_gain_median_upper,formula_order_stable,lower_improves,separated_difference,separated_comparator
source,S1,all,1,centered_scores,130,3.338247896283654e-06,0.046532002480687895,0.02800829896477608,0.05778356332268958,0.04651712507944217,0.04654632609530629,118,118,0,0
source,S1,all,1,margin_differences,130,3.6154012773083636e-07,0.005834472221552978,0.00020691091284047447,0.01336896929610809,0.005818195060732778,0.005849949817025246,98,100,0,0
source,S1,all,1,random_mean,130,6.45903808619981e-06,0.0867283137729431,0.052562489748393726,0.10486078906911728,0.08671239364723837,0.08674395074755636,129,129,0,0
source,S1,all,1,raw_scores,130,3.3383583300936796e-06,0.04653153749254746,0.02801128840838113,0.05778219945603824,0.04651712507981043,0.04654586110085701,118,118,0,0
source,S1,all,2,centered_scores,130,6.106933856649994e-06,0.057989958076337,0.03729435021490912,0.07175339199094477,0.05797391420226827,0.05800610903494108,117,117,0,0
source,S1,all,2,margin_differences,130,3.51831233090352e-07,0.0032308045484126247,-0.0028138251196345443,0.006856886524562067,0.003204391337004564,0.0032572366851366663,95,97,0,0
source,S1,all,2,random_mean,130,1.0257263735720763e-05,0.10484194429808091,0.0799049851521797,0.11999515028134666,0.10482587639902585,0.10485825388529335,127,127,0,0
source,S1,all,2,raw_scores,130,6.106933856649994e-06,0.057989958076334225,0.03729435021490912,0.07175339199090269,0.05797391420226172,0.05800610903493819,117,117,0,0
source,S4,all,1,centered_scores,30,2.1624721403950013e-05,0.05303327264894797,0.024132939783453933,0.09761514839469321,0.05303121362787988,0.05303536369578399,28,28,1,0
source,S4,all,1,margin_differences,30,5.834099917200028e-06,0.011000831274717515,0.0007376001845344482,0.022798381430316483,0.010998830788772729,0.011002837440961422,24,25,0,0
source,S4,all,1,random_mean,30,4.658378549729999e-05,0.12546422044969974,0.0947961009649938,0.1648712714347743,0.12546238143541522,0.1254661152028611,28,28,0,0
source,S4,all,1,raw_scores,30,2.1624721097100022e-05,0.05303327264894797,0.02413293978347114,0.09761514562256896,0.05303121362787511,0.05303536369578399,28,28,1,0
source,S4,all,2,centered_scores,30,5.6513778243948105e-05,0.07600838498939533,0.047847307180308496,0.1505982946004356,0.07600620499364485,0.07601059013558875,28,28,1,0
source,S4,all,2,margin_differences,30,1.0244290355950077e-05,0.011003619362344619,0.0021299205721541647,0.024515267372796856,0.011001515507914728,0.011005726905637614,25,26,0,0
source,S4,all,2,random_mean,30,0.0001248732344090666,0.15795137483044597,0.12681307573736272,0.24799131692199428,0.15794893275602295,0.1579537195423688,27,27,0,0
source,S4,all,2,raw_scores,30,5.651377824394502e-05,0.07600838498939533,0.047847307180238385,0.1505982946004356,0.0760062049936473,0.07601059013558875,28,28,1,0
fold,S1,leave_environment_A,1,centered_scores,10,4.515381663368763e-06,0.053911878148821146,0.05133968762093266,0.0596998954180995,0.05389469389987189,0.05392717908703304,9,9,0,0
fold,S1,leave_environment_A,1,margin_differences,10,1.1622118223033568e-06,0.013277382216923095,0.011125042724243528,0.014344900107573277,0.013261613460510246,0.013292987654936694,9,9,0,0
fold,S1,leave_environment_A,1,random_mean,10,8.261612341418898e-06,0.10651101346162817,0.09389973569594795,0.10718057754777394,0.10649440352634021,0.10652813658352867,10,10,0,0
fold,S1,leave_environment_A,1,raw_scores,10,4.515369291911314e-06,0.05391053842772908,0.05133923409864316,0.05969896491818466,0.05389469390154267,0.05392583934674877,9,9,0,0
fold,S1,leave_environment_A,2,centered_scores,10,8.25400642025588e-06,0.0720399518829894,0.07015029288914315,0.07844849239917412,0.07202364178888865,0.07205639526652752,10,10,0,0
fold,S1,leave_environment_A,2,margin_differences,10,4.966611623499967e-07,0.004251801992716908,0.002481835314465608,0.005085943269046489,0.004236277015238654,0.004267334481757201,9,9,0,0
fold,S1,leave_environment_A,2,random_mean,10,1.4292587082666679e-05,0.13300383948350236,0.11697148278671982,0.13811533742490312,0.1329865877762596,0.1330213627937491,10,10,0,0
fold,S1,leave_environment_A,2,raw_scores,10,8.254006420256219e-06,0.0720399518829894,0.07015029288914315,0.07844849239917412,0.07202364178893073,0.07205639526652752,10,10,0,0
fold,S1,leave_environment_B,1,centered_scores,10,1.9324359963715824e-06,0.03085717479897121,0.018309012073017272,0.05616882094954839,0.030839609781783794,0.03087752405330202,9,9,0,0
fold,S1,leave_environment_B,1,margin_differences,10,8.059488123825876e-07,0.009698281145103627,-0.01633309959017995,0.010094253698975097,0.009684449144373497,0.009714494423521347,7,7,0,0
fold,S1,leave_environment_B,1,random_mean,10,5.558577514113503e-06,0.08402201022559519,0.04646042394001221,0.08847622664244753,0.08400348928221613,0.08404233683685713,10,10,0,0
fold,S1,leave_environment_B,1,raw_scores,10,1.932451473676933e-06,0.030856702525590918,0.018309271296308716,0.05616150214275639,0.030839609781883937,0.0308770517700937,9,9,0,0
fold,S1,leave_environment_B,2,centered_scores,10,5.859833091174143e-06,0.05078308541341536,0.024627534608636814,0.05588563946650427,0.05076813951174619,0.050798110640551175,10,10,0,0
fold,S1,leave_environment_B,2,margin_differences,10,4.374480084000002e-07,0.002942804324717052,-0.014020872729783557,0.0060992573244175174,0.0029285957885053504,0.0029570172222780355,7,7,0,0
fold,S1,leave_environment_B,2,random_mean,10,1.1252296394350015e-05,0.09825495050714395,0.0812970051532872,0.10946868342050659,0.0982360267639737,0.09827410432935546,10,10,0,0
fold,S1,leave_environment_B,2,raw_scores,10,5.8598330911771655e-06,0.05078308541341536,0.024627534608636814,0.05588563946650427,0.05076813951174908,0.050798110640551175,10,10,0,0
fold,S1,leave_environment_B_antenna,1,centered_scores,10,4.067908440576765e-06,0.05885031270896235,0.05229544559863025,0.06592499253220346,0.05883249862068185,0.05886928963303817,10,10,0,0
fold,S1,leave_environment_B_antenna,1,margin_differences,10,8.642481416589918e-08,0.0012479658656779913,0.0009574901715768136,0.0015245599008034683,0.001229054357667736,0.0012661888356684248,9,9,0,0
fold,S1,leave_environment_B_antenna,1,random_mean,10,6.670651498850327e-06,0.10549673441999907,0.10309006216019906,0.10886999654287072,0.10547901122210834,0.10551685528709087,10,10,0,0
fold,S1,leave_environment_B_antenna,1,raw_scores,10,4.067942113231748e-06,0.05884961194259275,0.05229345351888498,0.06592439842793785,0.05883249862176276,0.05886858885933832,10,10,0,0
fold,S1,leave_environment_B_antenna,2,centered_scores,10,6.745271878633272e-06,0.07419327474653648,0.06914537179680741,0.076047147969662,0.07417604128473121,0.07421066133116339,10,10,0,0
fold,S1,leave_environment_B_antenna,2,margin_differences,10,1.4160797986294434e-07,0.0014616443061412632,0.0013330839448195686,0.0018694016005733616,0.0014449925346869952,0.00147829924694165,9,9,0,0
fold,S1,leave_environment_B_antenna,2,random_mean,10,1.0416921678086787e-05,0.11841636185752158,0.11592828069550243,0.1236732549073114,0.11839774821574334,0.11843525696847945,10,10,0,0
fold,S1,leave_environment_B_antenna,2,raw_scores,10,6.745271878633123e-06,0.0741932747465438,0.06914537179677144,0.07604714796961559,0.07417604128470767,0.07421066133117071,10,10,0,0
fold,S1,leave_environment_B_walk,1,centered_scores,10,3.372157481289796e-06,0.04851413578986674,0.042760941415724174,0.051619445260426444,0.04849617273675977,0.048531556591688396,10,10,0,0
fold,S1,leave_environment_B_walk,1,margin_differences,10,3.5372957023195405e-07,0.005239584952441589,0.0043193926295168605,0.0072929674763894115,0.0052235235624849,0.005255311651061856,10,10,0,0
fold,S1,leave_environment_B_walk,1,random_mean,10,6.9449764935635265e-06,0.10403716219418269,0.09637037080067484,0.113563670586464,0.10401912020125426,0.10405427065440354,10,10,0,0
fold,S1,leave_environment_B_walk,1,raw_scores,10,3.372132029354193e-06,0.04851387654392736,0.04276003570958431,0.051622189150743625,0.04849617273778084,0.04853129734119277,10,10,0,0
fold,S1,leave_environment_B_walk,2,centered_scores,10,6.119367156651036e-06,0.06217433639215508,0.057891758517291225,0.06705682192302953,0.06215772328911895,0.06219107151051595,10,10,0,0
fold,S1,leave_environment_B_walk,2,margin_differences,10,5.620315077724575e-07,0.0056759377837452,0.004295258783661604,0.006375671927238369,0.005659528916037271,0.005692357278994642,10,10,0,0
fold,S1,leave_environment_B_walk,2,random_mean,10,1.0657273375696087e-05,0.11978977450028183,0.10089537151537947,0.12796054643104016,0.11977176908816567,0.1198080403208085,10,10,0,0
fold,S1,leave_environment_B_walk,2,raw_scores,10,6.119367156647865e-06,0.06217433639213832,0.05789175851725259,0.06705682192300888,0.06215772328913205,0.062191071510499074,10,10,0,0
fold,S1,leave_environment_C,1,centered_scores,10,2.987585237123984e-06,0.04064186681250215,0.030347110053479898,0.045868064757319194,0.040623938923998626,0.04065850586352482,9,9,0,0
fold,S1,leave_environment_C,1,margin_differences,10,1.124376511471826e-06,0.015242216260297092,0.004593445584880673,0.01822210264229185,0.015226153957848654,0.015258449440973432,8,8,0,0
fold,S1,leave_environment_C,1,random_mean,10,6.736851211637056e-06,0.08658955764762843,0.06710328328267456,0.0943783735178283,0.08657308249377282,0.08660501064348558,10,10,0,0
fold,S1,leave_environment_C,1,raw_scores,10,2.987561973335641e-06,0.040640928007416144,0.030346607106786494,0.04586750561248615,0.040623938925519965,0.04065756704382062,9,9,0,0
fold,S1,leave_environment_C,2,centered_scores,10,6.253803815155065e-06,0.051197825778414474,0.042047513686388815,0.06016168950800177,0.0511821817441398,0.051213554687767004,10,10,0,0
fold,S1,leave_environment_C,2,margin_differences,10,5.858295659863139e-07,0.00528225799654336,0.0018087104486712025,0.009245797150764457,0.005266783658595675,0.005297940890223618,8,8,0,0
fold,S1,leave_environment_C,2,random_mean,10,9.55637671688333e-06,0.09096527200897486,0.0867711735304994,0.1014669541698972,0.09094915005808046,0.09098155471108882,10,10,0,0
fold,S1,leave_environment_C,2,raw_scores,10,6.253803815157653e-06,0.051197825778414474,0.042047513686388815,0.06016168950800177,0.05118218174410405,0.051213554687767004,10,10,0,0
fold,S1,leave_environment_D,1,centered_scores,10,6.171799443739695e-06,0.06297917432595646,0.0540639682707868,0.06562379928051187,0.06296376574056606,0.06300161074610666,9,9,0,0
fold,S1,leave_environment_D,1,margin_differences,10,1.3505649232697361e-06,0.014907622763930761,0.012737092675000838,0.016939822366628443,0.014891747250615373,0.014923578678468719,8,8,0,0
fold,S1,leave_environment_D,1,random_mean,10,9.246332498947123e-06,0.10168385507469546,0.09537671608488246,0.10645201940224469,0.10166833159738708,0.10170292409308457,10,10,0,0
fold,S1,leave_environment_D,1,raw_scores,10,6.17168846872286e-06,0.06297883937127124,0.054062682031655485,0.06562253035158061,0.06296376574069018,0.06300127578425929,9,9,0,0
fold,S1,leave_environment_D,2,centered_scores,10,9.608415175499997e-06,0.0725764821312298,0.06528552402597865,0.07594473705578858,0.07256047568398138,0.07259262223059693,10,10,0,0
fold,S1,leave_environment_D,2,margin_differences,10,9.7097668635e-07,0.007752960775150086,0.0057910175628187455,0.009343100987805053,0.00773690758277612,0.007769028457346616,8,8,0,0
fold,S1,leave_environment_D,2,random_mean,10,1.5158778183866663e-05,0.11835531763461826,0.10541348344261209,0.12483748291197916,0.11833982149614364,0.11837101628035074,10,10,0,0
fold,S1,leave_environment_D,2,raw_scores,10,9.608415175499997e-06,0.0725764821312298,0.06528552402597865,0.07594473705578558,0.07256047568396207,0.07259262223059693,10,10,0,0
fold,S1,leave_environment_E,1,centered_scores,10,3.2650738880310866e-06,0.032369465728891655,0.01221285034111258,0.04648396544562744,0.032355359355302205,0.03238340965928321,9,9,0,0
fold,S1,leave_environment_E,1,margin_differences,10,7.457850355030687e-08,0.001320569680923922,-0.01169681834877534,0.011270431258236568,0.0013071266174572438,0.0013342739850710217,5,5,0,0
fold,S1,leave_environment_E,1,random_mean,10,4.400174329393123e-06,0.04488021795842845,0.027172765661020337,0.0612671368757049,0.044866006857360974,0.04489433079973226,10,10,0,0
fold,S1,leave_environment_E,1,raw_scores,10,3.2650205369480476e-06,0.03236902943537778,0.012212432606098556,0.046483965582225506,0.03235535935557776,0.03238297335983953,9,9,0,0
fold,S1,leave_environment_E,2,centered_scores,10,5.081397560700012e-06,0.04310967097863472,0.032493321808606535,0.046297144210102115,0.04309502320060732,0.043124381859351635,8,8,0,0
fold,S1,leave_environment_E,2,margin_differences,10,8.099350311000034e-07,0.006953271660647187,-0.01743786080882395,0.009897775958492283,0.006938653815996787,0.006967899896459184,6,6,0,0
fold,S1,leave_environment_E,2,random_mean,10,1.2790254731483341e-05,0.10942874662815949,0.09267366306854868,0.1124262096240603,0.10941379023745357,0.10944386442105858,10,10,0,0
fold,S1,leave_environment_E,2,raw_scores,10,5.081397560700012e-06,0.04310967097863472,0.032493321808606535,0.04629714421069131,0.043095023200636295,0.043124381859351635,8,8,0,0
fold,S1,leave_environment_F,1,centered_scores,10,4.010750242599996e-06,0.03844389583554042,0.03302629712246885,0.059694264470062874,0.03842869094566426,0.038458310732362944,8,8,0,0
fold,S1,leave_environment_F,1,margin_differences,10,1.3538501536499985e-06,0.011594253596258541,-0.0021724984880095166,0.0191533783686495,0.011579910950875849,0.011607775763961325,7,7,0,0
fold,S1,leave_environment_F,1,random_mean,10,7.657903495115838e-06,0.07232085376685948,0.06669217018639317,0.08635670233698256,0.07230529628730331,0.07233558049902744,10,10,0,0
fold,S1,leave_environment_F,1,raw_scores,10,4.010911255299995e-06,0.038444572913896136,0.03302635393452363,0.05969398970433709,0.03842869094472823,0.03845898781928814,8,8,0,0
fold,S1,leave_environment_F,2,centered_scores,10,6.559162079499998e-06,0.04467394514150236,0.03178878612328473,0.06520683494051266,0.04465924371516894,0.04468871876071834,10,10,0,0
fold,S1,leave_environment_F,2,margin_differences,10,-1.3077090639499904e-06,-0.008757569932447029,-0.013520015985981071,0.004764198051556701,-0.008769920639957629,-0.008745228588558196,4,4,0,0
fold,S1,leave_environment_F,2,random_mean,10,1.2946890572049985e-05,0.10143637851141529,0.07111917013094676,0.10953173702254537,0.1014204543657774,0.10145248574559884,10,10,0,0
fold,S1,leave_environment_F,2,raw_scores,10,6.559162079499998e-06,0.04467394514150236,0.03178878612328473,0.0652068349399681,0.04465924371511232,0.04468871876071834,10,10,0,0
fold,S1,leave_environment_F_antenna,1,centered_scores,10,2.7395347913429174e-07,0.07492069610974827,0.046804471962831884,0.0926855505465527,0.0748828761765743,0.07496118035011412,9,9,0,0
fold,S1,leave_environment_F_antenna,1,margin_differences,10,1.3131859076977804e-10,0.00010933948141766958,-0.010617145900002262,0.0021562688030837274,6.616395679115428e-05,0.0001478827857123166,5,6,0,0
fold,S1,leave_environment_F_antenna,1,random_mean,10,3.0861377360328586e-07,0.11979739454267746,0.03566430326154213,0.13712197289730294,0.11976030397781079,0.11983959049625315,9,9,0,0
fold,S1,leave_environment_F_antenna,1,raw_scores,10,2.739378293152832e-07,0.07491839304401304,0.04680494518356948,0.09268592026298261,0.07488287618174516,0.07495887722876005,9,9,0,0
fold,S1,leave_environment_F_antenna,2,centered_scores,10,3.9118336067170766e-08,0.020725257697720156,-0.033603661162900006,0.026309919796636994,0.02068119640065369,0.020769593860562652,6,6,0,0
fold,S1,leave_environment_F_antenna,2,margin_differences,10,5.832221376393175e-10,0.00021816048059686288,-0.034485169311851416,0.0018415350670702435,0.00016595498503213513,0.0002703723277965864,5,6,0,0
fold,S1,leave_environment_F_antenna,2,random_mean,10,4.348684059105398e-07,0.20378046062375554,-0.015845225873740154,0.2317077447331995,0.2037367082730437,0.2038265617056847,7,7,0,0
fold,S1,leave_environment_F_antenna,2,raw_scores,10,3.911833606694027e-08,0.02072525769739786,-0.03360366116282626,0.02630991979656977,0.0206811964009761,0.020769593860240354,6,6,0,0
fold,S1,leave_environment_F_walk,1,centered_scores,10,5.282539130444438e-06,0.05083437796264001,0.047476990613300296,0.05398068371733061,0.05081956951994837,0.05084879241155427,10,10,0,0
fold,S1,leave_environment_F_walk,1,margin_differences,10,1.3601365424499953e-06,0.012573826964181523,0.0076274236913495,0.017843988261047827,0.012559832977742658,0.012588080498884713,8,8,0,0
fold,S1,leave_environment_F_walk,1,random_mean,10,8.297452569263903e-06,0.08167838077462952,0.07971277203885324,0.08293635206553807,0.08166163443445884,0.08169433213402888,10,10,0,0
fold,S1,leave_environment_F_walk,1,raw_scores,10,5.282457553479684e-06,0.05083377086820817,0.04747857285658369,0.053979902777206434,0.05081956952019351,0.050848185308764116,10,10,0,0
fold,S1,leave_environment_F_walk,2,centered_scores,10,8.40003856350001e-06,0.05903335704308388,0.05258482478116133,0.07305560264819982,0.05901829096107736,0.05904852207632527,9,9,0,0
fold,S1,leave_environment_F_walk,2,margin_differences,10,7.280542585500019e-07,0.005007790960729563,0.0021337252740177837,0.019848091866869033,0.0049934075485523755,0.005022182316831714,8,8,0,0
fold,S1,leave_environment_F_walk,2,random_mean,10,1.00754647093e-05,0.07572221241830834,0.0711580249976696,0.11130537649528799,0.07570730655558722,0.07573722602157551,10,10,0,0
fold,S1,leave_environment_F_walk,2,raw_scores,10,8.40003856350001e-06,0.05903335704308388,0.05258482478116133,0.07305560264819982,0.059018290961083464,0.05904852207632527,9,9,0,0
fold,S1,leave_environment_moving_meeting_room,1,centered_scores,10,1.1092190567681191e-06,0.03673564048779121,0.0293531365948565,0.03992943708063729,0.03671095832335203,0.03676054926893524,10,10,0,0
fold,S1,leave_environment_moving_meeting_room,1,margin_differences,10,1.4688847373573137e-07,0.005974152133646382,0.0037703424624419,0.007388312151785648,0.0059514141159942024,0.005998484365687395,9,9,0,0
fold,S1,leave_environment_moving_meeting_room,1,random_mean,10,1.4753179215638514e-06,0.04910780405099047,0.043775886788663565,0.055271950209007825,0.04908315673620778,0.04913315871781876,10,10,0,0
fold,S1,leave_environment_moving_meeting_room,1,raw_scores,10,1.1092259567751046e-06,0.03673969604154226,0.029354390665320695,0.03993041659712965,0.03671095831435234,0.03676460492093403,10,10,0,0
fold,S1,leave_environment_moving_meeting_room,2,centered_scores,10,2.4606716222844715e-06,0.06099051298087077,0.03784217483751301,0.07556312059275927,0.06096782129268108,0.06101344288886934,9,9,0,0
fold,S1,leave_environment_moving_meeting_room,2,margin_differences,10,1.4387017672181843e-07,0.003135392278941218,0.001684930348726743,0.007848636069611725,0.0031122328409092237,0.0031585637986392134,8,8,0,0
fold,S1,leave_environment_moving_meeting_room,2,random_mean,10,3.655875607690515e-06,0.08178154433548057,0.06632661080659857,0.09592075484589668,0.08175802276087463,0.08180540855723306,10,10,0,0
fold,S1,leave_environment_moving_meeting_room,2,raw_scores,10,2.460671622284031e-06,0.060990512980885536,0.037842174837582176,0.07556312059264148,0.06096782129266731,0.061013442888884106,9,9,0,0
fold,S1,leave_environment_moving_office,1,centered_scores,10,1.1692588657144394e-06,0.03294489924704613,0.024889454264107547,0.05537964964972014,0.032922988659358055,0.032966760034740306,10,10,0,0
fold,S1,leave_environment_moving_office,1,margin_differences,10,1.0222147910237509e-07,0.002706110858999855,0.0004043331945600692,0.005184821182341259,0.0026845403343744856,0.0027258577597111255,8,9,0,0
fold,S1,leave_environment_moving_office,1,random_mean,10,4.26712545082957e-06,0.09719142969617733,0.08808705957677188,0.10985992242893655,0.09717283386966413,0.09721064390842993,10,10,0,0
fold,S1,leave_environment_moving_office,1,raw_scores,10,1.169268322415114e-06,0.032944733552415895,0.024889352207955295,0.055378675448486514,0.03292298865945753,0.032966594334867594,10,10,0,0
fold,S1,leave_environment_moving_office,2,centered_scores,10,5.2849393690136076e-06,0.07459294070687317,0.0662902595443351,0.08931223153637008,0.0745741163885193,0.07461195813527632,10,10,0,0
fold,S1,leave_environment_moving_office,2,margin_differences,10,1.6178341122788823e-07,0.0024964927715882546,0.0006530553422009477,0.002789854809460701,0.0024818204314148717,0.0025111694338250112,8,9,0,0
fold,S1,leave_environment_moving_office,2,random_mean,10,8.518789295365336e-06,0.12081583430890463,0.08359103878028007,0.14605926258237784,0.12079568044213629,0.12083631944815043,10,10,0,0
fold,S1,leave_environment_moving_office,2,raw_scores,10,5.284939369011924e-06,0.07459294070690115,0.0662902595443351,0.08931223153633822,0.07457411638849432,0.07461195813530441,10,10,0,0
fold,S1,leave_environment_residential,1,centered_scores,10,2.0305322734000036e-06,0.01611988755719551,-0.008855700583176918,0.029460690859734684,0.016106557254773834,0.016132656382063737,6,6,0,0
fold,S1,leave_environment_residential,1,margin_differences,10,3.443877693732269e-07,0.004327495576822438,-0.014218584711269217,0.017596755764000882,0.004313926121492062,0.004341763088468176,5,5,0,0
fold,S1,leave_environment_residential,1,random_mean,10,5.302627747616676e-06,0.0409175179303124,0.011596883120395252,0.06434940300572023,0.04090459409968816,0.04092999749341131,10,10,0,0
fold,S1,leave_environment_residential,1,raw_scores,10,2.030589937200008e-06,0.016120458562366657,-0.008855027387348058,0.029462909948540117,0.016106557253861342,0.016133227394987237,6,6,0,0
fold,S1,leave_environment_residential,2,centered_scores,10,2.5572848046999884e-06,0.016190654413016536,-0.00717438277343857,0.04425640571853895,0.016178108528514312,0.0162026671327834,5,5,0,0
fold,S1,leave_environment_residential,2,margin_differences,10,-1.6341975946499977e-06,-0.007157841838426049,-0.0265778545784304,0.01060998560546822,-0.007170774835592086,-0.0071449123436915785,5,5,0,0
fold,S1,leave_environment_residential,2,random_mean,10,1.0373839952700008e-05,0.06231196362162206,0.044535914380612274,0.07812383054556071,0.06229929792883182,0.062324700725771676,10,10,0,0
fold,S1,leave_environment_residential,2,raw_scores,10,2.5572848046999884e-06,0.016190654413016536,-0.00717438277343857,0.04425640571853895,0.016178108528513868,0.0162026671327834,5,5,0,0
fold,S4,leave_day1_out,1,centered_scores,10,2.0218112136850006e-05,0.04800171690849664,0.027912686193062863,0.0820295092703025,0.04799955636995823,0.04800390655849007,10,10,0,0
fold,S4,leave_day1_out,1,margin_differences,10,7.735811788800006e-06,0.013363628568660024,0.00670418871422751,0.020120971211133154,0.0133617654040189,0.01336546714494935,9,9,0,0
fold,S4,leave_day1_out,1,random_mean,10,5.485753284730001e-05,0.1343039288887744,0.11572254487489325,0.156653386974973,0.13430158748460685,0.13430637060985162,10,10,0,0
fold,S4,leave_day1_out,1,raw_scores,10,2.0218112136850006e-05,0.04800171690849664,0.027912686192254843,0.08202950925181862,0.04799955636995146,0.04800390655849007,10,10,0,0
fold,S4,leave_day1_out,2,centered_scores,10,7.409323737884993e-05,0.10878917239344843,0.057935421960913336,0.16257598581630262,0.10878671322408462,0.10879167920823996,10,10,0,0
fold,S4,leave_day1_out,2,margin_differences,10,1.0244290355950077e-05,0.011003619362344619,0.0037831389540842197,0.0196503550508777,0.011001515507914728,0.011005726905637614,9,9,0,0
fold,S4,leave_day1_out,2,random_mean,10,0.0001370318236802667,0.2164457353332403,0.15628130579310628,0.2837168750451642,0.21644314717881274,0.21644842608407056,10,10,0,0
fold,S4,leave_day1_out,2,raw_scores,10,7.409323737879995e-05,0.10878917239344843,0.057935421960913336,0.16257598581630262,0.10878671322408029,0.10879167920823996,10,10,0,0
fold,S4,leave_day3_out,1,centered_scores,10,2.8099847941049966e-05,0.06168619718342039,0.02721008724559454,0.10219414683347522,0.06168359610464347,0.06168887308262305,8,8,1,0
fold,S4,leave_day3_out,1,margin_differences,10,3.090699486352802e-06,0.004267869344521502,-0.00869974513802374,0.01956099089695601,0.004265377045249985,0.004270363839107061,6,7,0,0
fold,S4,leave_day3_out,1,random_mean,10,7.735554748350003e-05,0.09952825133220888,0.07646588691604456,0.11525094858109047,0.09952563895291477,0.09953083813833441,9,9,0,0
fold,S4,leave_day3_out,1,raw_scores,10,2.809984794099993e-05,0.061686197183362435,0.027210087238442426,0.10219414691725887,0.061683596104655014,0.06168887308256521,8,8,1,0
fold,S4,leave_day3_out,2,centered_scores,10,5.121869005649991e-05,0.06519520402926027,0.036823158403683165,0.13152268545420337,0.06519308722799788,0.06519717243083656,8,8,1,0
fold,S4,leave_day3_out,2,margin_differences,10,2.1718625937249946e-05,0.015019470112858424,0.00043099041732014287,0.03506668569649368,0.015017609817823852,0.015021334366917882,7,8,0,0
fold,S4,leave_day3_out,2,random_mean,10,9.457214432431667e-05,0.1338143568410256,0.07734031380892964,0.18207162860024512,0.13381206787687205,0.13381669244841043,8,8,0,0
fold,S4,leave_day3_out,2,raw_scores,10,5.121869005649991e-05,0.0651952040292243,0.036823158403683165,0.13152268545423268,0.06519308722800554,0.06519717243080048,8,8,1,0
fold,S4,leave_day5_out,1,centered_scores,10,1.4149960656385298e-05,0.057083798942798025,0.021997277311151864,0.092972981655836,0.05708159208364649,0.05708604813915985,10,10,0,0
fold,S4,leave_day5_out,1,margin_differences,10,3.146607350899987e-06,0.011870630604571275,0.0029740137481341633,0.0322061011357857,0.011868518523117433,0.011872750364032791,9,9,0,0
fold,S4,leave_day5_out,1,random_mean,10,2.731079346095454e-05,0.17062971972698715,0.12537612564478823,0.21155776192349512,0.1706277307645787,0.17063179660050454,9,9,0,0
fold,S4,leave_day5_out,1,raw_scores,10,1.414996034970075e-05,0.0570837990533678,0.021997275698969643,0.0929729788741615,0.057081592083682575,0.05708604824973007,10,10,0,0
fold,S4,leave_day5_out,2,centered_scores,10,4.745410925724798e-05,0.09227050416203464,0.05572079524947393,0.12135293424722199,0.09226844894132347,0.09227258239570568,10,10,0,0
fold,S4,leave_day5_out,2,margin_differences,10,6.7016344249e-06,0.011865863803564358,0.005323865901500802,0.02130518017296018,0.011862767148351105,0.011868858581390751,9,9,0,0
fold,S4,leave_day5_out,2,random_mean,10,7.232579536205322e-05,0.16658180608597095,0.133465976971964,0.45819509176660606,0.16657940702002783,0.16658427578792168,9,9,0,0
fold,S4,leave_day5_out,2,raw_scores,10,4.74541092572449e-05,0.09227050416203464,0.0557207952492636,0.12135293424720817,0.09226844894131148,0.09227258239570568,10,10,0,0
device,S1,31,1,centered_scores,13,4.124071665431242e-06,0.0610663606659918,0.04643902210216533,0.06592223299372035,0.06105144390848949,0.06108102962750639,12,12,0,0
device,S1,31,1,margin_differences,13,1.1099145305572462e-06,0.01292552040011663,0.00549553967109917,0.016041130006829052,0.012912094172939925,0.012939523827259825,11,12,0,0
device,S1,31,1,random_mean,13,6.765109747838076e-06,0.09220536184401706,0.07966434953708434,0.10619736452363293,0.09218572646924383,0.09222434281224201,13,13,0,0
device,S1,31,1,raw_scores,13,4.124083509547235e-06,0.06106532012411914,0.04643809203172955,0.06592238607499645,0.06105144390889694,0.061079989071248564,12,12,0,0
device,S1,31,2,centered_scores,13,5.1616619558000025e-06,0.0568267999072003,0.036127321285367886,0.06992443663359071,0.05681010554538979,0.05684360088765472,12,12,0,0
device,S1,31,2,margin_differences,13,1.0841362180349446e-07,0.002145156211404764,-0.003958814664310251,0.0059305580422504,0.0021294685681589876,0.0021608478589827396,8,9,0,0
device,S1,31,2,random_mean,13,9.439785239141073e-06,0.09119973692869698,0.08434372769317289,0.1313212238923629,0.09118313517425758,0.09121651968753852,13,13,0,0
device,S1,31,2,raw_scores,13,5.1616619558000025e-06,0.0568267999072003,0.036127321285367886,0.06992443663359071,0.05681010554540844,0.05684360088765472,12,12,0,0
device,S1,32,1,centered_scores,13,4.029464069500003e-06,0.05173272722891986,0.0386393915381571,0.05493561979519379,0.051716347230651216,0.05174878505364622,13,13,0,0
device,S1,32,1,margin_differences,13,8.938791883000092e-07,0.008321392534092142,0.004232583966561565,0.01239396710386842,0.008308432874365224,0.008334953123140476,11,11,0,0
device,S1,32,1,random_mean,13,6.93158981173456e-06,0.0895069682007903,0.07478463288835857,0.09600166944408439,0.08949249246596591,0.08952161285999405,13,13,0,0
device,S1,32,1,raw_scores,13,4.029483630700007e-06,0.051736960305521995,0.03863958636256082,0.054933582821268256,0.051716347222054315,0.051753018194878875,13,13,0,0
device,S1,32,2,centered_scores,13,6.499529623699992e-06,0.054037047641613656,0.04580374373495677,0.060665169519889206,0.054020263703178584,0.054053935518748375,11,11,0,0
device,S1,32,2,margin_differences,13,2.651649958999977e-07,0.002799384183430176,0.001258899589064777,0.005744504069674861,0.0027794977924262554,0.00281927852521191,10,10,0,0
device,S1,32,2,random_mean,13,1.247664831306665e-05,0.1146479059831631,0.09784408811812884,0.1192600764931786,0.114633178581383,0.11466279833958137,12,12,0,0
device,S1,32,2,raw_scores,13,6.499529623699992e-06,0.054037047641603,0.04580374373495677,0.060665169519889206,0.054020263703189686,0.054053935518737495,11,11,0,0
device,S1,33,1,centered_scores,13,2.740679970760244e-06,0.038977991750972496,0.015949914821430156,0.05172014438034145,0.03895876552111588,0.03899455228812965,12,12,0,0
device,S1,33,1,margin_differences,13,2.67415881566126e-07,0.003673961819533167,0.0025878682713751378,0.012248647836173188,0.0036585264110491345,0.0036899596366866128,10,10,0,0
device,S1,33,1,random_mean,13,6.472506293466666e-06,0.08259025687976473,0.05600952909467671,0.0951966090985692,0.0825750612417393,0.08260526230576626,13,13,0,0
device,S1,33,1,raw_scores,13,2.7404496001187087e-06,0.03897458772244966,0.01595035906871911,0.051718340625725334,0.038958765525770156,0.0389911482053491,12,12,0,0
device,S1,33,2,centered_scores,13,6.4298407347e-06,0.05805459738346119,0.041721261730636616,0.07365682761668357,0.058037078349254756,0.058072237949500005,12,12,0,0
device,S1,33,2,margin_differences,13,2.175709116999968e-07,0.002483855917242428,-0.0037517877729750237,0.0073635057844554375,0.0024581316188718727,0.002509593986472325,9,9,0,0
device,S1,33,2,random_mean,13,1.1613541697299998e-05,0.10440505184605042,0.0762099164957426,0.11168456039350083,0.10438967853208347,0.10442071653285656,13,13,0,0
device,S1,33,2,raw_scores,13,6.4298407347e-06,0.05805459738345564,0.041721261730736314,0.07365682761668357,0.05803707834926097,0.05807223794949423,12,12,0,0
device,S1,34,1,centered_scores,13,3.2826106642673086e-06,0.055070649200772204,0.027843968977202316,0.06029052294356685,0.055052039814087905,0.05508652940883363,13,13,0,0
device,S1,34,1,margin_differences,13,3.230517192652401e-07,0.005840324527034424,0.0008614703982094962,0.014523421793066982,0.005824129657669985,0.005855463753627443,10,10,0,0
device,S1,34,1,random_mean,13,7.284126086284974e-06,0.08945707993663543,0.043124915414996856,0.1025744673854696,0.08944037537436134,0.08947347770593805,13,13,0,0
device,S1,34,1,raw_scores,13,3.28256031208735e-06,0.05506659937578773,0.027845633762321187,0.06028981372299769,0.055052039820515875,0.05508247952289391,13,13,0,0
device,S1,34,2,centered_scores,13,6.242946505700001e-06,0.06565858359698074,0.026816002089222524,0.06761225657206338,0.06564130273744917,0.06567599354226861,10,10,0,0
device,S1,34,2,margin_differences,13,4.626691138213398e-07,0.00349187262364814,0.001335317551145021,0.005788640258029609,0.0034763219712847793,0.003507429494083114,10,10,0,0
device,S1,34,2,random_mean,13,1.0150792701733331e-05,0.11336152689573598,0.07977950321179783,0.12326929780146889,0.11334600365335645,0.11337724511968461,13,13,0,0
device,S1,34,2,raw_scores,13,6.242946505700001e-06,0.06565858359694676,0.02681600208914281,0.0676122565720938,0.06564130273748292,0.06567599354223486,10,10,0,0
device,S1,35,1,centered_scores,13,4.037641341347856e-06,0.04724900396478038,0.03523550401336539,0.05792801284169746,0.04723351267425957,0.04726424174549515,12,12,0,0
device,S1,35,1,margin_differences,13,8.305929862233201e-07,0.009595516358873013,0.0002111446893826585,0.016045678235125482,0.009581684999468543,0.009613309916528978,11,11,0,0
device,S1,35,1,random_mean,13,6.958363175392493e-06,0.09504895376405731,0.06733487951341943,0.11059199465557112,0.09503266458179338,0.09506488704808658,13,13,0,0
device,S1,35,1,raw_scores,13,4.037536299094518e-06,0.047249769944188946,0.03523463027076201,0.05792641850374558,0.04723351267350173,0.047265007736049025,12,12,0,0
device,S1,35,2,centered_scores,13,6.688483424299995e-06,0.05135178124235096,0.04512390364634711,0.07157927669762665,0.05133685389638187,0.051366789087881504,13,13,0,0
device,S1,35,2,margin_differences,13,5.46951420565898e-07,0.0049444426728209034,0.0020806187773616536,0.008397601829448043,0.004930136650916461,0.004958756570376144,12,12,0,0
device,S1,35,2,random_mean,13,1.2698614747766668e-05,0.11152886111423244,0.10604135142720161,0.12765065453296254,0.11151323025716864,0.11154469314391724,13,13,0,0
device,S1,35,2,raw_scores,13,6.688483424299995e-06,0.05135178124235096,0.04512390364634711,0.07157927669762665,0.051336853896343015,0.051366789087881504,13,13,0,0
device,S1,36,1,centered_scores,13,2.992913418373722e-06,0.035763004029547574,0.02362393783299832,0.04662498285921046,0.03574533700872773,0.03577841138007942,11,11,0,0
device,S1,36,1,margin_differences,13,4.807297590561307e-07,0.006579210404836999,-0.013214209467738991,0.017616002399056585,0.00656528977479498,0.006593106953050043,8,8,0,0
device,S1,36,1,random_mean,13,5.0522341198904174e-06,0.06554409608019851,0.046962316792816594,0.08305171712746251,0.06552974246513155,0.06555996057860147,13,13,0,0
device,S1,36,1,raw_scores,13,2.9927507745943096e-06,0.03576099106166142,0.023623812108360953,0.04662498295336537,0.035745337011392264,0.035776398382249885,11,11,0,0
device,S1,36,2,centered_scores,13,5.995590371548278e-06,0.05874455807210088,0.04313402227603502,0.06554374385947304,0.05872843764826219,0.05876077942718827,12,12,0,0
device,S1,36,2,margin_differences,13,5.893651805999832e-07,0.004672142935154389,-0.009906135717401732,0.00916303107436045,0.0046569340175031115,0.004687359696177618,8,8,0,0
device,S1,36,2,random_mean,13,9.47112253200759e-06,0.08255570292864944,0.0754469092488903,0.10990245576430113,0.08253926392621458,0.08257228910170245,12,12,0,0
device,S1,36,2,raw_scores,13,5.995590371554323e-06,0.05874455807210088,0.04313402227603502,0.06554374385943951,0.05872843764828506,0.05876077942718827,12,12,0,0
device,S1,37,1,centered_scores,13,2.8918881302074826e-06,0.034237362779234726,0.007047877833241234,0.05438934767287851,0.034219634271609234,0.034255154482390804,10,10,0,0
device,S1,37,1,margin_differences,13,1.0282219456801006e-07,0.0018387275721587493,-0.004050577873342731,0.007340208018519645,0.001825530197442804,0.001850850035600704,9,9,0,0
device,S1,37,1,random_mean,13,5.061964334082935e-06,0.08149666507747932,0.0609103382897942,0.0984436068359893,0.08147987962063774,0.08151306634526412,12,12,0,0
device,S1,37,1,raw_scores,13,2.891905198614053e-06,0.034237087404278554,0.00704787307285315,0.05438415195688595,0.03421963427170782,0.03425487910269731,10,10,0,0
device,S1,37,2,centered_scores,13,5.530974444767277e-06,0.05326704543101113,0.031511238858178414,0.07196846381225197,0.05325124297943362,0.053282942223388474,11,11,0,0
device,S1,37,2,margin_differences,13,2.059759789636983e-07,0.0018734879801374227,-0.012829834496467796,0.005267493826612846,0.0018593574335186158,0.0018876215261474094,9,9,0,0
device,S1,37,2,random_mean,13,8.887030071072e-06,0.10034062397158672,0.08598181597983445,0.11585193160976526,0.10032150976190057,0.100359978159684,13,13,0,0
device,S1,37,2,raw_scores,13,5.53097444476767e-06,0.05326704543101113,0.031511238858178414,0.07196846381225752,0.0532512429794223,0.053282942223388474,11,11,0,0
device,S1,38,1,centered_scores,13,2.8627432941152366e-06,0.03569235718825148,0.02850128892749737,0.05121286870112973,0.03567830860458132,0.0357061244054131,12,12,0,0
device,S1,38,1,margin_differences,13,2.2464996798953526e-07,0.004213790623987412,-0.007741625459959156,0.011211561684919102,0.004198366199127834,0.004228359394393033,9,9,0,0
device,S1,38,1,random_mean,13,6.065623644209906e-06,0.08874085601198667,0.043270165329977184,0.10678096207194465,0.08872500563385866,0.08875665107047981,13,13,0,0
device,S1,38,1,raw_scores,13,2.8625246679233387e-06,0.035694445474083736,0.02850825234656096,0.051212865256282436,0.035678308602038245,0.035708212719004706,12,12,0,0
device,S1,38,2,centered_scores,13,6.160432527302083e-06,0.06908464856523944,0.03496283612216167,0.07082786165580046,0.06906991971167709,0.0690994857138798,12,12,0,0
device,S1,38,2,margin_differences,13,4.7098536019999683e-07,0.006390799107556466,0.0013878698465275008,0.007864837343138475,0.006376841336453998,0.0064047661679726975,10,10,0,0
device,S1,38,2,random_mean,13,1.0208242576500005e-05,0.09672914137734412,0.08279255177394496,0.11897559608100705,0.09671115787403739,0.09674732733337388,12,12,0,0
device,S1,38,2,raw_scores,13,6.16043252729574e-06,0.06908464856523944,0.03496283612216167,0.07082786165580046,0.06906991971166243,0.0690994857138798,12,12,0,0
device,S1,39,1,centered_scores,13,3.4617042983122836e-06,0.050008102964432366,0.038602989612367855,0.0551199609495554,0.04999017564134833,0.05003002432406345,12,12,0,0
device,S1,39,1,margin_differences,13,3.8399418907356824e-07,0.0057851826874095735,0.001276919994689374,0.00995329622996155,0.005768733986070362,0.005799768471596467,10,10,0,0
device,S1,39,1,random_mean,13,6.445569878932953e-06,0.08786912743170028,0.058950433712890105,0.10547743395750264,0.08785449468207829,0.08788490358806977,13,13,0,0
device,S1,39,1,raw_scores,13,3.461703746621036e-06,0.050010101065876444,0.03861163055861794,0.05511995168089734,0.04999017563771613,0.0500320224672226,12,12,0,0
device,S1,39,2,centered_scores,13,6.3819751613731655e-06,0.057800008886225385,0.0468542803776808,0.07165313363638437,0.057782568632929854,0.057817569794203605,12,12,0,0
device,S1,39,2,margin_differences,13,3.461301452807147e-07,0.0030432762448431294,0.0014579560151790627,0.004500117734156817,0.003004560646148846,0.0030820247517373556,10,10,0,0
device,S1,39,2,random_mean,13,1.007514561067704e-05,0.1031099116887002,0.08490339147655313,0.11781700742755707,0.10309433363028386,0.103125674060907,13,13,0,0
device,S1,39,2,raw_scores,13,6.381975161370414e-06,0.05780000888617387,0.046854280378466395,0.07165313363635128,0.057782568632981146,0.05781756979415187,12,12,0,0
device,S1,40,1,centered_scores,13,3.4669322386451224e-06,0.046748804175600345,0.023071127932669855,0.060705903546959705,0.04673492197616125,0.04676513126296067,11,11,0,0
device,S1,40,1,margin_differences,13,1.0075196472061643e-07,0.003906388339104394,1.3179308842259374e-05,0.01225344416628471,0.0038811078148563993,0.0039303308054878805,9,10,0,0
device,S1,40,1,random_mean,13,5.0092333176168194e-06,0.08122280304714424,0.046300977054696046,0.1098619986096232,0.08120688898187778,0.08124412659247815,13,13,0,0
device,S1,40,1,raw_scores,13,3.4668374336904777e-06,0.0467509178760499,0.023071107871531327,0.0607075936935495,0.04673492197393947,0.04676724499637941,11,11,0,0
device,S1,40,2,centered_scores,13,5.4042663454999945e-06,0.05880492892483713,0.04079543700353283,0.07951013102631554,0.05878902220593041,0.05882094169687768,12,12,0,0
device,S1,40,2,margin_differences,13,1.7857333280000198e-07,0.0027612666875522773,1.956476388365047e-05,0.006379349601853823,0.0027401297400169167,0.0027824125277173817,9,10,0,0
device,S1,40,2,random_mean,13,1.0233327975433333e-05,0.11089155772197756,0.0802814309733253,0.13081661067141326,0.11087569492311489,0.11090776233804989,13,13,0,0
device,S1,40,2,raw_scores,13,5.4042663454999945e-06,0.05880492892483713,0.04079543700353283,0.07951013102631554,0.058789022205922636,0.05882094169687768,12,12,0,0
device,S4,2,1,centered_scores,3,6.2758815746999895e-06,0.04434503332632089,0.031408033558069204,0.11026007205332022,0.04434274786075143,0.044347349233358146,3,3,1,0
device,S4,2,1,margin_differences,3,1.509861756600014e-06,0.005262623605800654,0.0029563535395547014,0.008117701057863802,0.005260397925772375,0.005264852844902634,3,3,0,0
device,S4,2,1,random_mean,3,2.7555110538833366e-05,0.11353267189345684,0.10958271832264965,0.11941035136666678,0.11352909389819521,0.11353642363567928,3,3,0,0
device,S4,2,1,raw_scores,3,6.275881574999988e-06,0.04434503332632089,0.031408033558518844,0.11026007205335753,0.04434274786073922,0.044347349233358146,3,3,1,0
device,S4,2,2,centered_scores,3,2.523762725689996e-05,0.14143388426636538,0.09442778290409382,0.2120818041655803,0.1414309860122902,0.1414368558337311,3,3,0,0
device,S4,2,2,margin_differences,3,1.1849409801599963e-05,0.021586592399456705,0.011654262073587218,0.02329749305394735,0.021583942873238282,0.021589251960751454,3,3,0,0
device,S4,2,2,random_mean,3,6.728105759159998e-05,0.21934685484199057,0.17830620368935068,0.25522005487244215,0.21934111230750797,0.21935302233964582,3,3,0,0
device,S4,2,2,raw_scores,3,2.523762725689996e-05,0.14143388426636538,0.09442778290409382,0.2120818041656407,0.14143098601227488,0.1414368558337311,3,3,0,0
device,S4,3,1,centered_scores,3,1.0046819427370601e-05,0.09123663075799548,0.031126076157299343,0.1481219375437508,0.0912345967724899,0.09123870699785641,2,2,0,0
device,S4,3,1,margin_differences,3,6.878426171604826e-09,0.00011649053018758515,-0.03137402479674117,0.006920456842134826,0.00011353640766165185,0.00011944479259473617,2,2,0,0
device,S4,3,1,random_mean,3,1.5601885115087704e-05,0.11358373247264852,0.0504868220396531,0.23632166003644484,0.11358166691032667,0.11358585123119158,2,2,0,0
device,S4,3,1,raw_scores,3,1.0046819427701486e-05,0.09123663073335031,0.031126076144933734,0.14812193753549618,0.09123459677247259,0.09123870697321124,2,2,0,0
device,S4,3,2,centered_scores,3,5.0608244021400147e-05,0.051956459461798055,0.009050516474029546,0.32003956551278,0.05195432187365068,0.051958613176270596,2,2,0,0
device,S4,3,2,margin_differences,3,1.1716586799999807e-07,0.0007821853189478034,-0.02600760342916203,0.0056093343456775635,0.0007782045579403096,0.0007861668579645098,2,2,0,0
device,S4,3,2,random_mean,3,7.109725557483978e-05,0.11963091071886156,0.05588393807597686,0.5108664029233821,0.11962865840834214,0.11963320298606961,2,2,0,0
device,S4,3,2,raw_scores,3,5.0608244021400147e-05,0.051956459461798055,0.009050516474029546,0.32003956551272805,0.051954321873632026,0.051958613176270596,2,2,0,0
device,S4,7,1,centered_scores,3,0.00010541298270840005,0.11099288546348962,0.09183042463302815,0.12826021260430187,0.11099116529436115,0.11099464765358058,3,3,0,0
device,S4,7,1,margin_differences,3,2.8794355951800108e-05,0.045091399070541716,0.03657330604492259,0.045720389798300176,0.04508942672254501,0.04509340288641206,3,3,0,0
device,S4,7,1,random_mean,3,0.0001497148897919334,0.16535307838864566,0.1454967442240842,0.1662841501927642,0.165351295069307,0.16535492680160502,3,3,0,0
device,S4,7,1,raw_scores,3,0.00010541298267600007,0.11099288542558816,0.09183042458265434,0.12826021077367467,0.11099116529434538,0.1109946476156789,3,3,0,0
device,S4,7,2,centered_scores,3,0.00012421684959999996,0.1514959925890198,0.08788880925848286,0.15948112006626447,0.1514940814753969,0.1514979458550565,3,3,0,0
device,S4,7,2,margin_differences,3,1.0613256825500132e-05,0.011570755352281914,0.007982341263211179,0.01879671842813946,0.01156861326280434,0.01157290172997949,3,3,0,0
device,S4,7,2,random_mean,3,0.0002485442468240001,0.19319428695077256,0.1626968693672438,0.19343688730389685,0.19319183923048366,0.1931968187021038,3,3,0,0
device,S4,7,2,raw_scores,3,0.00012421684959999996,0.1514959925890198,0.08788880925848286,0.15948112006626447,0.15149408147538024,0.1514979458550565,3,3,0,0
device,S4,8,1,centered_scores,3,2.5528508185932575e-06,0.058770741049805286,0.05658944292851442,0.0706232561787078,0.05876791554321659,0.05877363378685718,3,3,0,0
device,S4,8,1,margin_differences,3,8.529739405758706e-07,0.018897309574082533,0.009448982810098538,0.019883789592772483,0.018894547755132995,0.018900093370314508,2,3,0,0
device,S4,8,1,random_mean,3,8.150568647832803e-06,0.21431854748242296,0.15275121359256694,0.21485783959029536,0.21431625823800804,0.21432098750301298,3,3,0,0
device,S4,8,1,raw_scores,3,2.55285082757407e-06,0.05877074126870907,0.056589443037966314,0.07062325628817079,0.05876791554324501,0.05877363400576163,3,3,0,0
device,S4,8,2,centered_scores,3,1.3388207617700011e-05,0.14790520063468304,0.1370080188542947,0.1796576518787315,0.14790249215493656,0.14790798716980902,3,3,1,0
device,S4,8,2,margin_differences,3,1.5983111576000052e-06,0.013550507425649894,0.00677559203308542,0.027158521020964388,0.013546640520648134,0.013554389442607562,2,3,0,0
device,S4,8,2,random_mean,3,4.127688705770182e-05,0.34277344466009385,0.2835624793454594,0.4350574455093249,0.3427703900427541,0.3427767042370762,3,3,0,0
device,S4,8,2,raw_scores,3,1.3388207617700011e-05,0.14790520063468304,0.1370080188542947,0.17965765187875105,0.147902492154925,0.14790798716980902,3,3,1,0
device,S4,9,1,centered_scores,3,4.2088310760999854e-05,0.03187641766995131,0.0252745893921974,0.05867812256047489,0.03187484577469624,0.03187799974494898,3,3,0,0
device,S4,9,1,margin_differences,3,1.5111954838799985e-05,0.017873076010145317,0.009436613164178431,0.02065708069003991,0.017871520984689138,0.017874636615191397,3,3,0,0
device,S4,9,1,random_mean,3,9.268038360126668e-05,0.16342585057316028,0.1453240635491474,0.1930623689691121,0.16342360191213512,0.163428183320236,3,3,0,0
device,S4,9,1,raw_scores,3,4.2088310756599944e-05,0.031876417666512724,0.02527458831568996,0.05867812256161298,0.03187484577470734,0.03187799974151018,3,3,0,0
device,S4,9,2,centered_scores,3,6.265017400059988e-05,0.06770485531147052,0.05448173318047578,0.15145316209283033,0.06770256942819519,0.06770716372539765,3,3,0,0
device,S4,9,2,margin_differences,3,3.879703864089986e-05,0.04087359956513659,0.028493327579678485,0.06187088975837729,0.040871362360886954,0.04087584996898341,3,3,0,0
device,S4,9,2,random_mean,3,0.00012331291575699995,0.15308259770983645,0.1478468471683212,0.35239152541668395,0.15308075571361957,0.1530844750059681,3,3,0,0
device,S4,9,2,raw_scores,3,6.265017400059988e-05,0.06770485531147052,0.054481733180448466,0.15145316209283033,0.06770256942819253,0.06770716372539765,3,3,0,0
device,S4,10,1,centered_scores,3,7.38125765460001e-06,0.009597371146441214,-0.0006488811825811069,0.06501505363978555,0.009595667066307545,0.009599079161055846,2,2,0,0
device,S4,10,1,margin_differences,3,-2.7796903591999905e-06,-0.0073233652047057785,-0.009461622035387807,-0.005445244504251823,-0.007325424746421616,-0.0073215830190089815,0,0,0,0
device,S4,10,1,random_mean,3,3.6095749481666656e-05,0.07239266365701114,0.02759224763044732,0.10978139291989253,0.07239100789046637,0.07239434744971884,2,2,0,0
device,S4,10,1,raw_scores,3,7.38125765460001e-06,0.009597371146441214,-0.0006488812003203615,0.06501505363978555,0.009595667066293334,0.009599079161055846,2,2,0,0
device,S4,10,2,centered_scores,3,8.16574937783e-05,0.08629850808563289,-0.005209185286181306,0.134235457074519,0.08629648027678205,0.08630055860259245,2,2,0,0
device,S4,10,2,margin_differences,3,-1.6923003878199913e-05,-0.022247273834061554,-0.09449763284324258,-0.017151415536716397,-0.022249388218913757,-0.0222451702440859,0,0,0,0
device,S4,10,2,random_mean,3,7.359774933970005e-05,0.10430609184243655,0.023339084385646913,0.13279880237378094,0.1043040353678999,0.10430817635084089,2,2,0,0
device,S4,10,2,raw_scores,3,8.16574937783e-05,0.08629850808563289,-0.005209185286181306,0.134235457074519,0.08629648027676451,0.08630055860259245,2,2,0,0
device,S4,11,1,centered_scores,3,2.499634092250003e-05,0.051658400490672385,0.045279216353334095,0.07569986071546575,0.05165636487916503,0.051660463883622,3,3,0,0
device,S4,11,1,margin_differences,3,2.5373549238000054e-06,0.01102888403950808,-0.005995103941926094,0.01189868336936184,0.011026905537345755,0.011030867715833281,2,2,0,0
device,S4,11,1,random_mean,3,7.011933167483337e-05,0.10787262296170685,0.09151707394736197,0.1338435491003731,0.10787075039400218,0.10787429910519641,3,3,0,0
device,S4,11,1,raw_scores,3,2.499634092250003e-05,0.051658400490672385,0.04527921633902987,0.07569985887149044,0.051656364879163696,0.051660463883622,3,3,0,0
device,S4,11,2,centered_scores,3,6.153342931969992e-05,0.06268555274705001,0.05590486842140863,0.0692789311026546,0.06268360502780057,0.06268718113627547,3,3,0,0
device,S4,11,2,margin_differences,3,1.1912586413299962e-05,0.023035888365873447,0.018438765685507064,0.030558621063266345,0.02303320674942766,0.023038583694555914,3,3,0,0
device,S4,11,2,random_mean,3,0.00018092078589019992,0.15304977498189576,0.1501489132059064,0.20731875522693566,0.15304683623689952,0.15305281285003502,3,3,0,0
device,S4,11,2,raw_scores,3,6.153342931969992e-05,0.06268555274697807,0.055904868421232434,0.06927893110261862,0.06268360502781856,0.06268718113620331,3,3,0,0
device,S4,13,1,centered_scores,3,6.0990445788100035e-05,0.10776558662763414,0.06497932633834769,0.2085836353005499,0.10776350356664399,0.10776772431970705,3,3,0,0
device,S4,13,1,margin_differences,3,1.955076642409998e-05,0.04128981540235266,0.03673887023543276,0.0682986463322155,0.04128772686985438,0.04129193192959879,3,3,0,0
device,S4,13,1,random_mean,3,3.986133578956665e-05,0.12213898208162743,0.09171394826830015,0.13988535338706465,0.12213684223748977,0.12214119857493078,3,3,0,0
device,S4,13,1,raw_scores,3,6.0990445844200016e-05,0.10776558673744074,0.06497932639325099,0.2085836354178291,0.1077635035665836,0.10776772442951388,3,3,0,0
device,S4,13,2,centered_scores,3,3.182631845060003e-05,0.07160276404975408,0.055542937325955166,0.07355669638017404,0.07160052964082264,0.07160502285055093,3,3,0,0
device,S4,13,2,margin_differences,3,4.568709701100013e-06,0.010181220181478823,0.0067675536134711445,0.04891746177812417,0.010178893776054077,0.01018332772017394,3,3,0,0
device,S4,13,2,random_mean,3,6.58313728916334e-05,0.07198916509188535,0.035371470691151985,0.1558431744037967,0.07198693002439027,0.0719914247071658,2,2,0,0
device,S4,13,2,raw_scores,3,3.182631845060003e-05,0.07160276404987131,0.055542937326013786,0.07355669638023266,0.07160052964075714,0.07160502285066794,3,3,0,0
device,S4,14,1,centered_scores,3,3.0869183245000003e-05,0.03197082590127698,0.018827193982220325,0.036433724480253726,0.031968982740363305,0.0319726809634735,3,3,0,0
device,S4,14,1,margin_differences,3,9.524374980500005e-06,0.013002833983237982,0.01046177073062926,0.02482259948646237,0.013001030411587067,0.013004582374449791,3,3,0,0
device,S4,14,1,random_mean,3,8.155435695256664e-05,0.11582370747696835,0.09944211955560167,0.15793168003822278,0.11582174322167882,0.11582572520764178,3,3,0,0
device,S4,14,1,raw_scores,3,3.086918324489993e-05,0.03197082590127698,0.018827193982220325,0.03643372448018467,0.03196898274035709,0.0319726809634735,3,3,0,0
device,S4,14,2,centered_scores,3,8.596411944400005e-05,0.07614446052053148,0.05913150338475337,0.08719348037948393,0.07614244043587903,0.0761465025827488,3,3,0,0
device,S4,14,2,margin_differences,3,1.1745852965900022e-05,0.010073478926219792,0.007572186803083136,0.028230339688149586,0.010071505938290093,0.010075454914163284,3,3,0,0
device,S4,14,2,random_mean,3,0.00016268771288103319,0.1546112367557666,0.13981442690550594,0.20268363237326148,0.1546090942378462,0.1546134277143869,3,3,0,0
device,S4,14,2,raw_scores,3,8.596411944400005e-05,0.07614446052053148,0.05913150338475337,0.08719348037948393,0.0761424404358857,0.0761465025827488,3,3,0,0
device,S4,15,1,centered_scores,3,2.5330512637099928e-05,0.026591442367433382,0.024952440644780416,0.04099414960161207,0.026588632820131908,0.026594280219607747,3,3,0,0
device,S4,15,1,margin_differences,3,8.699070227399883e-06,0.007885655215734255,0.0044818853963888294,0.008390629626818136,0.007884040461291875,0.007887272789532496,3,3,0,0
device,S4,15,1,random_mean,3,9.057258265993324e-05,0.1413855812524143,0.11503556897277956,0.16250664800694337,0.14138258318482388,0.14138873643510896,3,3,0,0
device,S4,15,1,raw_scores,3,2.5330512637099928e-05,0.026591442367502216,0.024952440644814833,0.040994149602764374,0.026588632820063074,0.02659428021967658,3,3,0,0
device,S4,15,2,centered_scores,3,5.4836575497599826e-05,0.10707922576716888,0.07106862744454401,0.15174505205200595,0.10707746497083726,0.10708100962112699,3,3,0,0
device,S4,15,2,margin_differences,3,1.789039235990022e-05,0.008113682083581875,0.0045915195643448925,0.014039571691539465,0.008112059230930724,0.00811530647282166,3,3,0,0
device,S4,15,2,random_mean,3,0.0001382893692713999,0.18011383719004614,0.13675379857505432,0.2558690478046586,0.18011197780315613,0.18011573872580833,3,3,0,0
device,S4,15,2,raw_scores,3,5.4836575497599826e-05,0.1070792257671136,0.07106862744451636,0.1517450520519783,0.10707746497088566,0.1070810096210717,3,3,0,0
