method,solver_success,count,relative_gap_median,relative_gap_max,fallback_known,fallback_count
baseline,False,1222,1.5436049041221726e-05,7.269843762558421e-05,0,0
baseline,True,218,1.3512583970318648e-06,2.1488440082813302e-05,0,0
centered_scores,False,1649,2.111174748622765e-05,4.719706273486406e-05,1649,484
centered_scores,True,1231,2.5727590541892337e-05,4.752013072923028e-05,1231,877
difference,False,1608,2.1477563170506775e-05,6.378028046423654e-05,0,0
difference,True,1272,2.45351022279798e-05,6.076269481715776e-05,0,0
margin_differences,False,1673,2.163321764882451e-05,4.763041386649963e-05,1673,511
margin_differences,True,1207,2.5134625913104607e-05,4.541876735751108e-05,1207,824
random_17,False,1652,2.023216564815211e-05,4.699007618674542e-05,0,0
random_17,True,1228,2.3314002303715155e-05,4.7534263581358226e-05,0,0
random_29,False,1696,2.0121754451518016e-05,4.506244323198677e-05,0,0
random_29,True,1184,2.2405173806381806e-05,0.00011193052177709762,0,0
random_43,False,1661,2.08785140331679e-05,4.470769661433364e-05,0,0
random_43,True,1219,2.29387637005699e-05,4.453706707755642e-05,0,0
raw_scores,False,1655,2.1058203891784126e-05,4.668307799199587e-05,0,0
raw_scores,True,1225,2.545462175007342e-05,9.75289995020269e-05,0,0
