source,fold,flag,rows,median_resolved_mass,q25_resolved_mass,q75_resolved_mass,median_residual_mass,q25_residual_mass,q75_residual_mass,median_cross_block_frobenius,q25_cross_block_frobenius,q75_cross_block_frobenius,median_alignment,q25_alignment,q75_alignment,median_phase,q25_phase,q75_phase,median_radius,q25_radius,q75_radius,median_center,q25_center,q75_center,median_lower,q25_lower,q75_lower,maximum_radius_identity_residual,maximum_score_identity_residual
S1,leave_environment_A,coordinate,400,0.8777718480241035,0.8775163681290583,0.8780130282025738,0.12222815197589637,0.12198697179742632,0.1224836318709418,11495.647736166688,10259.064526798562,13032.40431130211,0.004519123935663164,0.0013758219214175887,0.006145862682245661,0.054636284175517025,-0.2774849084962833,0.2096069036048736,33.788746504821674,10.824336056496781,51.6672877745165,-31.69114052188454,-50.729582133485756,-2.7921149810856916,-65.5441036666708,-102.58193979461004,-9.97554199053496,7.105427357601002e-15,2.4158453015843406e-13
S1,leave_environment_A,dct,400,0.9982996079587259,0.9982428459920079,0.9983610829598584,0.0017003920412742804,0.001638917040141971,0.0017571540079921934,12052.28342898503,11368.494348506596,13249.688495507246,0.0026650119858327445,0.0019440699396759504,0.004043297126185804,0.3893874800956911,-0.20110995392598335,0.6688577133339579,2.4599715664284587,1.9944054700825848,3.737729294474246,-0.9559942785975952,-2.553628470387811,0.03504920821120305,-3.2370580665484,-6.3459001638768875,-1.7622737579475733,8.881784197001252e-16,1.8030021919912542e-13
S1,leave_environment_A,dft,400,0.9975594947132034,0.996649662220191,0.9996728323325935,0.002440505286796712,0.0003271676674063405,0.003350337779808993,12612.04676370041,11440.465192686248,14360.403170300053,0.003541721013728541,0.002769844052694401,0.004368827098237268,-0.5827178785301906,-0.9552835010757382,0.7196459814250868,3.44323391699292,1.98367429537528,4.952060142973737,-0.8233765151315344,-2.3839111562514974,-0.19010907766362606,-4.0904397072003285,-7.27142635534172,-2.039137283967568,8.881784197001252e-16,1.5143442055887135e-13
S1,leave_environment_A,polynomial,400,0.9999881964953814,0.9999856293023275,0.9999905072337654,1.1803504618574128e-05,9.492766234599797e-06,1.4370697672191262e-05,11743.260310920632,10369.679785863973,13771.406421283973,0.0013818287390565637,0.0008828462712220794,0.00191428098851427,-0.1386959818311227,-1.1770953257032557,1.0125863063988978,0.10927702218525023,0.06757565457933745,0.1603257186699241,0.42691464437083404,0.19985607067522082,0.714894377314421,0.3246416733621095,0.09850844133806125,0.5971942190195195,5.551115123125783e-17,1.867117571663357e-13
S1,leave_environment_A,random_orthogonal,400,0.9962192949790301,0.9961419145641212,0.9962831849573051,0.003780705020969588,0.0037168150426949422,0.003858085435878366,11554.049620867858,10523.579072371487,14685.132259714854,0.00361781672350164,0.0025867551888988315,0.004394477098089226,-0.4622358079458538,-0.8482958876330772,0.5204489823719833,5.1959552830342215,3.8847209172092283,5.991238882566701,-2.9006908752762675,-4.383950244768115,-0.6179301935757495,-7.900806832520027,-10.762102193953677,-4.551057848004147,8.881784197001252e-16,1.9539925233402755e-13
S1,leave_environment_A,permuted_polynomial,400,0.9976874876420461,0.9965952593790197,0.9996518324730593,0.00231251235795389,0.00034816752694041017,0.003404740620979842,13814.706582326824,12067.519530513364,14886.578529397904,0.0019521162249140417,0.0015453068428601295,0.0023240213738035596,-0.2517936626487832,-0.5316844306667531,0.08738233307626454,1.7657905750900396,1.2300559166560059,2.637777194587577,-0.6779478304945379,-1.4533930332748972,-0.09930897434292163,-2.345681327867108,-4.186221249866095,-1.2843340378241441,4.440892098500626e-16,2.049471703458039e-13
S1,leave_environment_B,coordinate,400,0.8776825415201555,0.8773242424915741,0.878096777189304,0.12231745847984453,0.12190322281069596,0.12267575750842602,11588.626128467504,10535.93150854973,12591.285814806157,0.004792398344509603,0.0014341852685487283,0.006753224202538384,0.05777047982677586,-0.2536148501414094,0.23496491284859478,37.35638394497175,10.840361041220461,55.196316910238046,-35.38711640960875,-54.2951073320196,-2.357227818755171,-72.72351430884038,-109.46568875365952,-10.559784612094603,7.105427357601002e-15,2.3447910280083306e-13
S1,leave_environment_B,dct,400,0.9983049812227733,0.9982448346079482,0.9983589570171771,0.0016950187772265847,0.001641042982823187,0.0017551653920519202,12306.593036267774,10567.504202399698,13659.685248097858,0.0025763747808569175,0.001727630386293273,0.0037845731214422094,0.3298029203334409,-0.23758102839964634,0.6538713074469228,2.382949723943545,1.811672799151037,3.4585336229616366,-0.9945377884757853,-2.362307840456212,-0.11182756912541159,-2.984884695941574,-5.7761797396181365,-1.573090615877534,8.881784197001252e-16,1.758593271006248e-13
S1,leave_environment_B,dft,400,0.9975199472809734,0.9968199951145995,0.9996827140614106,0.002480052719026389,0.0003172859385893176,0.0031800048854001726,12401.34323780797,11568.615435153204,14284.806486922735,0.0035774784562612578,0.0026971838413320875,0.004288492096290438,-0.48283012000866093,-0.8953248109099623,0.7077916374773621,3.636598737361579,1.7770220309235083,5.156368885291335,-1.0025552477826762,-2.7096558641853297,-0.22663027176916972,-4.33971533259624,-7.648938580508914,-2.375769192242611,8.881784197001252e-16,1.609823385706477e-13
S1,leave_environment_B,polynomial,400,0.9999869511465174,0.9999833118909192,0.9999893931792719,1.3048853482742541e-05,1.0606820727862533e-05,1.6688109080889117e-05,12124.795572027038,10767.469454443915,12859.832045020086,0.0013611043856762177,0.000934486403501152,0.0019266552703548552,-0.07321875564631729,-1.2363008560387214,1.3328562283512877,0.12194380566694021,0.07586156066645493,0.16654039429172782,0.37349236363634297,0.17549984246059136,0.6444926929657973,0.23837511728711142,0.07518434480605109,0.5097844890314774,5.551115123125783e-17,1.909444824477191e-13
S1,leave_environment_B,random_orthogonal,400,0.996199155727689,0.9961166301002949,0.9962765064341934,0.003800844272310551,0.0037234935658062305,0.0038833698997047875,11834.41685377014,10385.428696199911,15140.04445845324,0.00333759530603277,0.002378971076577156,0.004317815744572342,-0.40336676145645217,-0.8343722941540949,0.4892851809985907,5.02657019474749,3.7027300199590116,6.217427959084601,-2.656732249736238,-4.49524636163023,-0.9390258014553843,-7.580715813119578,-11.084546980120372,-4.1742365097627605,8.881784197001252e-16,1.6076029396572267e-13
S1,leave_environment_B,permuted_polynomial,400,0.9976118156375899,0.9968267438113579,0.9996549172695945,0.002388184362410216,0.00034508273040550434,0.0031732561886421567,14198.984602396196,10403.099726096118,14922.907188565956,0.0018100894641493825,0.0015441221755266238,0.0022762345193875033,-0.280212716553325,-0.5057340875813372,0.0243316897860934,1.834742519755582,1.198678331683983,2.6345308932264464,-0.7433385574755924,-1.4587966390057914,-0.2201723223895069,-2.5020017226586226,-4.094818468739591,-1.371555606500629,4.440892098500626e-16,1.5498713423767185e-13
S1,leave_environment_B_antenna,coordinate,400,0.8776838848693163,0.8772099944432612,0.8782841518584298,0.12231611513068391,0.1217158481415706,0.1227900055567391,11555.746451668372,10895.322903962704,12644.221057034472,0.004737486224198794,0.001997935321436943,0.006618884974003948,0.06312141718114923,-0.1520086666541273,0.22527515789109637,37.02272912206563,14.592801621221598,56.44810703720019,-35.97697287616118,-55.45878585929441,-5.828633761934399,-72.67356967046035,-111.90270198572279,-17.965723386512217,1.4210854715202004e-14,2.4158453015843406e-13
S1,leave_environment_B_antenna,dct,400,0.9982856676002341,0.9982358005680075,0.9983342614902535,0.0017143323997662625,0.0016657385097467794,0.001764199431992798,11764.948664867074,10915.563694845841,13379.688668179797,0.002788314243919271,0.0020237652787291993,0.004246354975457931,0.33741028307023924,-0.2502843607221836,0.6280826332962393,2.635732054402968,2.0460732212182497,3.92194964087628,-1.2539264778477879,-2.807714160187174,-0.06455860809264591,-3.567747568572659,-6.70264123107684,-1.989185028459691,8.881784197001252e-16,1.3944401189291966e-13
S1,leave_environment_B_antenna,dft,400,0.9974968767806116,0.9969099327496449,0.9996571756240402,0.0025031232193881816,0.00034282437595968746,0.003090067250355229,12492.080878468727,11164.890967413534,14608.487511565325,0.003474789159335907,0.0026796007909515433,0.004183990929904716,-0.5019521595152002,-0.9639740243490027,0.7534894488230499,3.451578302143223,1.8395243965116095,4.807828964091421,-0.8302253163435491,-2.651567388691757,-0.2892974790978191,-4.126597926580606,-7.188757966677637,-2.2328158438851187,8.881784197001252e-16,2.2604140781368187e-13
S1,leave_environment_B_antenna,polynomial,400,0.9999868641398975,0.999982959918388,0.9999894231801636,1.313586010241544e-05,1.0576819836128032e-05,1.7040081611990257e-05,11734.997602533862,10971.171837865197,12738.091807207533,0.0014247349817675145,0.0009656243130457547,0.0019363569974197913,-0.12634617038610071,-1.196715317159938,1.1965748868034587,0.12318780515638521,0.08225132477770905,0.1836535256701264,0.28789553999505824,0.10770449368800161,0.5687861274375079,0.1591998113081464,-0.01933382411795735,0.44606515197156915,2.7755575615628914e-17,2.200403487889746e-13
S1,leave_environment_B_antenna,random_orthogonal,400,0.9961669980276524,0.9960780535584643,0.9962662357125174,0.0038330019723474226,0.0037337642874823796,0.003921946441535473,11804.35225789005,10173.672151390669,13002.345032102297,0.0038698093715603048,0.0027397039994628246,0.004700064280557502,-0.26749114503203797,-0.7952241702837566,0.5980359650919245,5.4628769922571685,4.306840681323803,6.836244331470844,-3.079269929412674,-4.873316363607122,-0.8688479925942336,-8.376350432296995,-11.55081515979884,-4.069315094455863,8.881784197001252e-16,1.723066134218243e-13
S1,leave_environment_B_antenna,permuted_polynomial,400,0.9975581693276301,0.9969303999162474,0.999627445313582,0.002441830672369769,0.00037255468641795995,0.0030696000837525652,14468.8843291633,10980.40302211981,15084.511672043373,0.0015916798678646763,0.0012861257992390416,0.0021021673139792543,-0.39007543170201,-0.6174591540221781,-0.09776873856105965,1.4784813949435034,1.152550315064848,2.1593456113616813,-0.4416033054507018,-0.9290812263754993,-0.01586860094055753,-1.8106337913138328,-3.1025670708398954,-1.224940508313653,4.440892098500626e-16,1.6298074001497298e-13
S1,leave_environment_B_walk,coordinate,400,0.8779402423799438,0.8754547834510858,0.8804763100403685,0.12205975762005604,0.11952368995963186,0.12454521654891433,12069.967559866658,11043.110740436081,14157.364909606029,0.004974338383964357,0.0024374061354190983,0.008449375992965817,0.19766867252698364,0.040193142182384345,0.3886308076613811,46.19630374829231,18.966783171585966,69.82768391229982,-44.432769766788326,-67.82328372736535,-3.728994860478247,-91.30287180309193,-138.0430568861781,-14.74406361594193,1.4210854715202004e-14,2.5579538487363607e-13
S1,leave_environment_B_walk,dct,400,0.9983003741483547,0.9982121046676506,0.9984029591701626,0.0016996258516452111,0.001597040829837542,0.0017878953323494217,12565.056686280297,11947.594771481952,14027.636943210397,0.0023346089807001523,0.0017075664578238147,0.003444625635878769,0.3640838881083312,-0.23513453655603664,0.7609048736577647,2.3196513654001834,1.7211925872899476,3.3118653320551363,-0.6830801718304564,-1.965865187947553,0.43128862128352874,-2.416475739553632,-5.190737294576921,-1.5000081427997074,8.881784197001252e-16,1.8918200339612667e-13
S1,leave_environment_B_walk,dft,400,0.9975964748139132,0.996805421262972,0.9996615001686883,0.0024035251860866236,0.00033849983131161853,0.003194578737027861,12622.536495111364,11867.6111018122,14766.669095681755,0.0033542736127848533,0.0027246622906754387,0.00428486302183016,-0.26733392063891587,-0.8197928109522983,0.8885551206151148,3.783126638727435,1.9160144043786396,5.001955167458519,-1.0440843696485302,-2.4966141195724934,-0.1530561007230018,-4.6684582449631975,-7.432931783759072,-2.083095180150223,8.881784197001252e-16,1.3167245072054357e-13
S1,leave_environment_B_walk,polynomial,400,0.9999875450975965,0.9999844867414209,0.9999899460879348,1.245490240369418e-05,1.0053912064792306e-05,1.55132585785646e-05,12231.803281112854,10670.469805441422,13766.59438340697,0.001416431960386795,0.0009012292019244556,0.002029646990220389,0.012649449593552561,-1.3485294063937243,1.266456333719999,0.12291143341778907,0.07894701213425301,0.1758997049521596,0.41062086440973644,0.20962497873437025,0.696722653030055,0.2784115892291635,0.0641168808988138,0.5665013433947592,5.551115123125783e-17,2.0365566871793916e-13
S1,leave_environment_B_walk,random_orthogonal,400,0.9962008004707854,0.9960059643899,0.9964093662446418,0.0037991995292143855,0.003590633755357762,0.003994035610099791,12341.716194081184,10311.756391291538,15706.246422221664,0.0035555896402709123,0.0025542047498229243,0.004444516101324746,-0.5087255125904112,-0.8649568571598318,0.28552980409605755,5.414718293107545,4.126623074678944,6.25605467723236,-2.9763286534196918,-4.7177870221754254,-1.1210585865719378,-8.33762623904823,-10.895586179018505,-4.781642390723109,8.881784197001252e-16,1.305622276959184e-13
S1,leave_environment_B_walk,permuted_polynomial,400,0.997753360521834,0.9967706962821891,0.9996014206805905,0.0022466394781658072,0.0003985793194093446,0.0032293037178109155,14698.465793764475,12586.894358584563,15167.339350232025,0.0019111789857878987,0.0015658369697068996,0.0024382114687356727,-0.29974687753987517,-0.5550977890775202,0.13846949535372427,1.9403719054039605,1.3216103286170453,2.785366939945333,-0.7780886491943328,-1.6849187319044616,-0.12143690027685161,-2.6964466518520163,-4.42951344491246,-1.331378074592374,4.440892098500626e-16,1.6081580511695392e-13
S1,leave_environment_C,coordinate,400,0.8777574499529499,0.8774366788324501,0.8780898530431157,0.12224255004705023,0.12191014695688458,0.12256332116755014,11169.903625193743,10650.24286685808,12892.516957345668,0.005192777245044922,0.0014323022014003494,0.006379372564479926,0.006801004107759581,-0.4717684361503007,0.18666352870875377,39.40321815047848,11.363492239426076,54.17455243124347,-37.579918762577734,-53.35198005706206,-0.9821641627605278,-77.00835166402443,-107.51775773115406,-9.31752102858032,1.4210854715202004e-14,2.0605739337042905e-13
S1,leave_environment_C,dct,400,0.9983232553659402,0.9982739576306092,0.9983837945143739,0.0016767446340601238,0.001616205485626232,0.0017260423693907364,12191.167054260834,11278.98537514293,13445.413459433115,0.002543447606946978,0.0017555686955174807,0.0035664346123043572,0.4120484128742832,-0.22192491783379306,0.8062115906850464,2.36416884109415,1.7920127392768563,3.421653259492147,-0.8128015595498752,-2.1445764560813236,0.28956365089298064,-2.832040460933392,-5.525763877014031,-1.6460763676923615,8.881784197001252e-16,1.6697754290362354e-13
S1,leave_environment_C,dft,400,0.9984237577096877,0.9972309651887751,0.9997010140333629,0.001576242290312115,0.00029898596663723156,0.002769034811224799,12798.975227277275,11660.059578818478,14245.490368527386,0.003644436185178476,0.0028684199929173396,0.00435743418251423,-0.5322546232704392,-0.8923189439103588,0.8815218447408429,3.1412073592334404,1.7311695780950098,4.393665526333836,-0.9721862219071395,-2.032167946781234,-0.39579918934594627,-3.9538847431428605,-6.82435736161788,-2.2469967231431465,8.881784197001252e-16,1.766364832178624e-13
S1,leave_environment_C,polynomial,400,0.9999879001649957,0.9999854043094937,0.9999902954893929,1.2099835004274426e-05,9.704510606751481e-06,1.4595690506249776e-05,11945.586625379612,10645.460110449088,13763.12812169307,0.0014169391856471416,0.000936779286090954,0.0019336358878069078,-0.3953077317303763,-1.350858384231823,0.8492537934860973,0.11528832976704183,0.07724424454097473,0.15775079668051206,0.3257330712018254,0.1232998517332029,0.6204130974113728,0.20087914020873943,0.0059688739556672255,0.48535097408194705,2.7755575615628914e-17,1.8826606940081092e-13
S1,leave_environment_C,random_orthogonal,400,0.9962263517354298,0.9961531348056356,0.9963243670294577,0.003773648264570132,0.0036756329705420598,0.003846865194364349,11512.502261819882,10621.134577301205,14801.719499170316,0.0036607794098777536,0.0027431196403392014,0.004475268008624208,-0.6177601374569907,-0.8742769561836461,0.22530411712439305,5.327285054185516,4.0248610145033075,6.063184901355314,-3.0438005863607938,-4.822103538306479,-1.5852505715067018,-8.298059666084717,-10.60883981198564,-5.328966958576057,8.881784197001252e-16,2.4069635173873394e-13
S1,leave_environment_C,permuted_polynomial,400,0.998551278762066,0.9972562467871844,0.9996791205105483,0.0014487212379340302,0.0003208794894515555,0.00274375321281553,13970.420830169622,12431.059559894256,14893.79697880764,0.0017308853666713046,0.0014018325626202297,0.0021773988308170333,-0.3191826932474834,-0.5740402999212437,-0.00506023382414614,1.3871784033630838,1.0075517743935773,2.2863059445869087,-0.5244341850173821,-1.197962590639147,-0.0922739090614546,-1.8941306282830994,-3.561316521169605,-1.151637632013069,4.440892098500626e-16,1.6930901125533637e-13
S1,leave_environment_D,coordinate,400,0.8777411825339956,0.8774676221105269,0.8780104250994851,0.12225881746600448,0.12198957490051489,0.1225323778894735,11753.629291608646,10281.385736824943,13334.576287427668,0.004913287159546905,0.0016065064683964422,0.007761656446998697,0.11975922666529511,-0.030675167983213934,0.22233184915119697,39.42962318150171,12.083303814662983,57.14217092366958,-37.623202235096116,-55.66973566196388,-6.851126001600727,-77.2285212764428,-112.57025337637671,-15.983021839949828,1.4210854715202004e-14,2.9043434324194095e-13
S1,leave_environment_D,dct,400,0.9983011872102265,0.998249542489019,0.9983610090329267,0.0016988127897735903,0.0016389909670735446,0.0017504575109813457,12318.451405651525,10740.196887813325,13663.461351092035,0.002632177883282923,0.0019393979956388921,0.0038841554633158104,0.4902374276372191,-0.14286429054513852,0.7574827960191887,2.427068999750788,2.0046677525501106,3.622315447516077,-0.8713916116521077,-2.26055711442703,-0.17274504950397218,-3.0433474239254643,-5.919931243368717,-2.2198713611772942,4.440892098500626e-16,1.9984014443252818e-13
S1,leave_environment_D,dft,400,0.9975463468034392,0.9969178397585124,0.9996701079413177,0.002453653196560961,0.00032989205868213546,0.003082160241487275,12801.563331741088,11848.804754158878,14455.464695563185,0.003468374049674136,0.0025664592146737823,0.00408236735336627,-0.47051193450177875,-0.8163853067980719,0.8095197183490285,3.238849962978453,1.9020708127683228,4.460132217959659,-0.8646856568091718,-2.4730304288532743,-0.2111237014661795,-3.967633959430789,-6.897515910218065,-2.1162402492247088,8.881784197001252e-16,2.7999130791656057e-13
S1,leave_environment_D,polynomial,400,0.9999858742300377,0.9999829270146815,0.9999882073032806,1.4125769962393667e-05,1.1792696719243721e-05,1.7072985318627723e-05,12061.761945099635,10924.725825210899,13902.941652354024,0.0014459459796634178,0.000955636061607464,0.0020335614301237514,-0.13279253340411323,-1.2869135714881186,1.1973438827461378,0.13179070415000757,0.08798240951398528,0.181933888207177,0.36830146696750177,0.16691122721213425,0.6480729717202394,0.22440678606165998,0.03807893259018205,0.499850084816677,5.551115123125783e-17,2.378652830259398e-13
S1,leave_environment_D,random_orthogonal,400,0.9962201090623108,0.9961382836750077,0.9962941156684566,0.0037798909376891556,0.00370588433154297,0.0038617163249919408,11691.585658091835,10098.890727081412,14594.520323857972,0.0034702577811555765,0.0025596352982264507,0.004171115282081923,-0.4968699985897901,-0.8830525361209884,0.322269864961192,5.00089790569165,3.9277613006500305,5.9035444430062824,-2.6685594854144163,-4.23686292897644,-0.9602952812334422,-7.762701803413703,-9.731000518971918,-4.117511517001923,8.881784197001252e-16,1.758593271006248e-13
S1,leave_environment_D,permuted_polynomial,400,0.9976218401997403,0.9969125627689776,0.9996498689388221,0.0023781598002596167,0.0003501310611779673,0.0030874372310226426,14378.344610239643,12109.16912255275,14782.35068806156,0.0017511187994199286,0.0013903557521957309,0.0021463648259436056,-0.24048779182503427,-0.4730054044584909,0.05277281746550397,1.6613851395394401,1.1819736596906187,2.368528471807693,-0.6073088345958002,-1.3767576762140867,-0.039092577715616805,-2.272324013788902,-3.7404520000133505,-1.2496484641571606,4.440892098500626e-16,1.8274270985330077e-13
S1,leave_environment_E,coordinate,400,0.877740867163305,0.8772651646356702,0.8781158507791995,0.12225913283669511,0.12188414922080049,0.12273483536432987,12187.635285714898,11310.175367064172,13316.67490823409,0.00501999431597294,0.0019700004950153113,0.006913260953095336,0.0412993954651848,-0.2111228492455247,0.21699103470082243,42.055494138859274,14.316579879291949,57.99015908957966,-40.748130511567965,-56.04963755091258,-7.578985380106693,-82.71545700028445,-114.09313197785222,-21.316118285184405,1.4210854715202004e-14,2.2737367544323206e-13
S1,leave_environment_E,dct,400,0.9982597095757282,0.9981857569167798,0.998324234631009,0.0017402904242719809,0.0016757653689908833,0.001814243083219964,13297.742191786361,11337.978584951677,14164.388731649075,0.002512851180014362,0.0016371808472982153,0.0038791244785404146,0.23287065087928335,-0.23293427481462964,0.5008255023967654,2.446977543897419,1.9039129973398785,3.858464661672818,-1.2549554117096127,-2.8182574885603873,0.006263552413807272,-3.4863179093368313,-6.674798247142486,-1.8217715860438792,8.881784197001252e-16,1.729727472365994e-13
S1,leave_environment_E,dft,400,0.9972157449256268,0.9965948122430159,0.9994024494347652,0.0027842550743733575,0.0005975505652349016,0.0034051877569840168,13386.110695480182,11459.398801402647,13748.19636198224,0.0038370347927629434,0.002983259313140527,0.004387961389656929,0.14071041990709596,-0.8393634981185719,0.8644516705254691,4.241999666174512,2.2021759981969646,5.8592339424193085,-1.2102454526903454,-3.0249652722208893,-0.3989318888594474,-5.8321489693165605,-8.54463537508814,-2.6732682444287623,8.881784197001252e-16,1.8052226380405045e-13
S1,leave_environment_E,polynomial,400,0.9999761750701381,0.9999592407823834,0.9999839424207967,2.382492986196013e-05,1.605757920325678e-05,4.075921761646647e-05,12315.076783530452,11041.482851816721,14024.386367301671,0.0016778611489693446,0.0011973537743389974,0.0023142423756643228,0.07797387297735181,-1.262393494570857,1.1396336866655816,0.20660116029174552,0.12962079558293055,0.3214394159816633,0.393846009729482,0.1623155107707397,0.6899807467925613,0.1741158413738312,-0.04588255632440687,0.4373135505853012,1.1102230246251565e-16,2.0349000262598338e-13
S1,leave_environment_E,random_orthogonal,400,0.9961672959527103,0.9960708951123491,0.9962535025978624,0.003832704047289575,0.0037464974021374177,0.003929104887650751,12576.920736796697,11533.107572077623,13274.34853585752,0.003836961589133482,0.00265157383639123,0.004722785440380139,-0.41583226706463905,-0.8511056954226113,0.7066774882718125,5.84236125785622,4.187453908110227,6.709943032196239,-2.9797736843274776,-4.518972754297716,-0.42743484774566287,-8.632430750097136,-11.47083127406783,-4.099580969467666,8.881784197001252e-16,1.376676550535194e-13
S1,leave_environment_E,permuted_polynomial,400,0.9972607579098371,0.996557711290091,0.9995252921944727,0.0027392420901629147,0.0004747078055270922,0.0034422887099089285,13899.675418895116,12048.47271729071,14950.770423435213,0.0018924103043857258,0.0014987665387226022,0.0024691024761036846,-0.2475563598401547,-0.5075293228922106,-0.02729580758029573,1.8246786213679917,1.2177382149235325,3.1399887416813277,-0.7359403429683289,-1.6649836774105156,-0.1395638247001073,-2.5106273726954065,-4.717501400594693,-1.3711636155499378,4.440892098500626e-16,1.7763568394002505e-13
S1,leave_environment_F,coordinate,400,0.8777145020062969,0.8774751693606195,0.8779811023975977,0.1222854979937032,0.12201889760240232,0.12252483063938059,12172.13003427141,10537.614852248245,13441.29003648701,0.00446743566455178,0.001554516394633349,0.0060605332395855015,0.0643160803573628,-0.24472505245337212,0.22374608359623305,33.90153078403245,12.39290145779103,53.53677034495182,-33.015716634368104,-52.20020626857731,-5.176906780960704,-66.9593841865546,-105.77842440472389,-12.847829540883874,7.105427357601002e-15,2.3447910280083306e-13
S1,leave_environment_F,dct,400,0.9982909490085337,0.9982358714917124,0.9983554597640759,0.0017090509914664286,0.0016445402359240508,0.0017641285082874503,12155.95303706624,11422.062100089483,13565.076427410602,0.0021293339976996683,0.0017108897738351329,0.0036555593355713603,0.5117072602922768,-0.17695304225545977,0.7382529961576922,2.1009823183310044,1.7207315718154934,3.3135013831564244,-0.519976846193857,-2.2388559724997936,0.3076448357284569,-2.349324781262836,-5.537921966887793,-1.4267522861792354,8.881784197001252e-16,1.6187051699034782e-13
S1,leave_environment_F,dft,400,0.9971625632330939,0.996648990195875,0.9996587436910582,0.0028374367669062976,0.00034125630894144904,0.003351009804124915,12800.010731475753,11500.280031089389,14641.681084698443,0.0035751366750831266,0.0027107980679109745,0.004195496076328733,-0.5263202431118856,-0.9561564774887155,0.859514686109571,3.7687997726722235,2.051116462892196,4.916849103332131,-0.8028002622183754,-2.704310086224679,0.015972011810051256,-4.676156085609933,-7.775609112130497,-2.0397041231248263,8.881784197001252e-16,2.0694557179012918e-13
S1,leave_environment_F,polynomial,400,0.9999867956334146,0.9999841370397882,0.9999892572954032,1.3204366585473482e-05,1.0742704596880537e-05,1.5862960211769097e-05,11651.228406935035,10701.916626624203,13439.076416298914,0.001382317994675341,0.0009999828357014418,0.0018895456879531088,0.10214880032663338,-1.3822692907171423,1.3307943831686957,0.1254650799351042,0.08232174440668855,0.17017674224255092,0.3993300127803572,0.20716045442908193,0.6945727164642772,0.26839198108988405,0.0771964023623794,0.5329007531612999,2.7755575615628914e-17,1.9337309531408664e-13
S1,leave_environment_F,random_orthogonal,400,0.9962328387101884,0.9961563648033039,0.9963083944247342,0.0037671612898114645,0.003691605575265607,0.0038436351966958096,11674.086566654143,11040.132545373846,15833.618243187471,0.003334950767438658,0.002474903641682099,0.0041827021153837485,-0.45883031818984493,-0.8741332706245906,0.28909735739686315,5.102002802616599,3.7278652568152273,6.007056925581286,-2.685430230834635,-4.348482552204924,-0.42877162039983974,-7.569694540418801,-10.549602371987268,-3.957276926469126,8.881784197001252e-16,1.545430450278218e-13
S1,leave_environment_F,permuted_polynomial,400,0.9972825824656898,0.9966187103057085,0.9996423316506025,0.002717417534310127,0.00035766834939747206,0.0033812896942915782,14356.975396245009,12076.157711062528,15334.531899779338,0.0018832594613233727,0.0014907222615134085,0.00228540469716833,-0.2381262917768147,-0.4122050632915175,0.09894137135825859,1.9950148921895337,1.2009625271030993,2.960144177066217,-0.8058217829116865,-1.7583218328334151,-0.14892005833440125,-2.755648127930367,-4.719022070728576,-1.1986607249021104,4.440892098500626e-16,1.5698553568199713e-13
S1,leave_environment_F_antenna,coordinate,400,0.8777165852135762,0.8773517851322501,0.8780987055920844,0.12228341478642393,0.12190129440791597,0.12264821486775014,15733.774899815802,13693.97097877802,17888.19400729012,0.013741294717736736,0.011937524871595382,0.015407003249333967,0.008316836092664608,-0.043335009859466235,0.041562312222151857,145.41638047165904,114.01825931650961,172.31975756270367,-136.98990106467465,-168.7982107281835,-11.887490831941243,-275.55636189427526,-338.13215897537265,-25.705247375222203,2.842170943040401e-14,7.389644451905042e-13
S1,leave_environment_F_antenna,dct,400,0.9982727642264639,0.9982023259830279,0.9983268651170975,0.001727235773536246,0.001673134882902364,0.0017976740169720188,17189.23973722671,15425.201850340265,17653.7942846105,0.0017561362474895889,0.0014073220402933749,0.003007772028444285,0.36276994803844786,-0.2512775408523726,0.6959285766463217,2.3524774452526973,1.900271539680995,3.920569299829795,-0.912092955559634,-2.5926179495325696,0.6411705397132392,-2.93176202464109,-6.421993911507479,-1.2908081872089474,8.881784197001252e-16,1.3722356584366935e-13
S1,leave_environment_F_antenna,dft,400,0.9973059306784912,0.9966084420759177,0.9992070637647652,0.002694069321508594,0.0007929362352348359,0.0033915579240824303,15576.947377909188,13465.06943341002,17621.214124193477,0.0027497918403227356,0.0019943584361574607,0.003575915232641828,-0.42356348817638806,-1.2675548527984328,0.5162136644777954,3.7188279146709524,2.179551957159183,5.318643749454684,-0.6714555298423823,-2.569906366781955,0.44729105161752003,-3.4438017485974584,-7.438238310172932,-2.032462171096185,8.881784197001252e-16,1.7763568394002505e-13
S1,leave_environment_F_antenna,polynomial,400,0.9999740234442618,0.9999685806968552,0.9999785793100873,2.5976555738095554e-05,2.1420689912886635e-05,3.141930314445163e-05,13817.019979129176,12180.97184544935,16150.522118565133,0.001305549522566854,0.0008905077582431552,0.0019343795743331075,0.09962696875654838,-1.0923049482535585,1.2527424080800507,0.19876891339864644,0.12744909368990795,0.28440938197721655,0.2524807471673991,0.08805462540551368,0.5018920318567432,0.057455413846461155,-0.1270288877994598,0.2984446489125835,5.551115123125783e-17,1.4421797089880783e-13
S1,leave_environment_F_antenna,random_orthogonal,400,0.9961952831145333,0.9961102542240865,0.9962811869631102,0.003804716885466157,0.0037188130368893497,0.003889745775913286,13655.577243653308,10471.422271850895,15238.705007769275,0.00345337722079016,0.0024303490203803494,0.004475761226284628,-0.5046932772456618,-0.8708830475212535,0.2180049228375319,5.640531166134219,4.217297342305294,6.538129091831392,-3.08298120468959,-4.700993112518928,-1.3426715152075146,-8.841765895505308,-10.958810506491563,-5.143669146586276,8.881784197001252e-16,2.184918912462308e-13
S1,leave_environment_F_antenna,permuted_polynomial,400,0.9974668690840816,0.9966094893532966,0.9993452500950328,0.0025331309159184094,0.0006547499049671228,0.0033905106467033803,16153.712649519388,14328.16334875887,19133.274337401417,0.0015901070757699302,0.0010530054114099407,0.0020713100955360186,-0.2416324032371036,-0.5778792091457983,0.1779482668643188,1.8460528552171203,1.2703320572894155,2.8985841828688153,-0.5641394173080525,-1.438091921914077,0.03199159613432612,-2.2329756899017617,-4.372602447076133,-1.2119216968995317,4.440892098500626e-16,1.3933298959045715e-13
S1,leave_environment_F_walk,coordinate,400,0.8776763241355032,0.8767228149478938,0.8787337070136594,0.12232367586449695,0.1212662929863407,0.12327718505210619,13058.123606478986,10829.902059515756,14110.07606658237,0.004999060312666538,0.0015736294402789854,0.007508390950433685,0.014718172998748582,-0.24554579745132588,0.16785761089719978,40.00904082483292,12.454889740082532,66.93541369761044,-38.261049439954405,-65.70653711985597,-4.3442246931026585,-78.20589045029128,-132.30397658343566,-11.782000790778323,1.4210854715202004e-14,2.4158453015843406e-13
S1,leave_environment_F_walk,dct,400,0.9982989379472216,0.9982305749047499,0.9983637368625667,0.0017010620527785568,0.0016362631374332755,0.0017694250952499302,12862.351217501044,11756.03532961778,13876.29445812967,0.002214415457673413,0.0017234219298633592,0.0035885149243255845,0.5382471489528273,-0.190640613874692,0.8558961806315146,2.4056275111473493,1.8282038105470355,3.3432121811041693,-0.4232489148678287,-2.067889462430929,0.3313414541305475,-2.401913898803743,-5.444956803274996,-1.6912216669859104,8.881784197001252e-16,1.4566126083082054e-13
S1,leave_environment_F_walk,dft,400,0.9974243474650982,0.9966687763345488,0.9993421299693915,0.002575652534901907,0.0006578700306084362,0.003331223665450992,13697.750115414312,12230.828312463274,15949.041645984134,0.0034331238316325516,0.0025515861736550797,0.004024874198738948,-0.6539825924097161,-0.9678889376971725,0.6180508260606263,3.941653079756432,2.1042453840123745,5.018705294044393,-1.1247668134865878,-2.691693213801639,-0.04301948273962819,-5.018033992883236,-7.590843200218939,-2.195821801219084,8.881784197001252e-16,1.7225110227059304e-13
S1,leave_environment_F_walk,polynomial,400,0.9999850266306871,0.9999816322217621,0.9999882892096381,1.4973369312708145e-05,1.171079036166723e-05,1.83677782377651e-05,11628.16899970422,11112.778525213087,13943.700015144672,0.0013168801925837414,0.0008328450861566126,0.0018123182367901151,0.12451804831470475,-1.156288797477187,1.3064395282596584,0.12172979834029468,0.07851368158470023,0.16785047840831385,0.31950870102486206,0.15206892866941502,0.5843558842508525,0.1809861755023605,0.012516051694976372,0.4302706423676095,5.551115123125783e-17,1.550287676010953e-13
S1,leave_environment_F_walk,random_orthogonal,400,0.9962308541396311,0.9961287610084056,0.9963460673743381,0.003769145860368769,0.003653932625661508,0.00387123899159401,11757.88382384716,10184.329166057718,15081.040873444465,0.003818424283033098,0.0026950698753163745,0.004633994854429714,-0.5007494037170064,-0.8309818287786508,0.01105005946608371,5.318655706957456,3.9332060873452948,6.232608093785745,-3.425403779039071,-4.732800606142625,-0.9941910843867907,-8.857743971169308,-11.032539091962185,-4.84697857603671,8.881784197001252e-16,1.234568003383174e-13
S1,leave_environment_F_walk,permuted_polynomial,400,0.9976997926099177,0.9967117108217303,0.9994477324214723,0.0023002073900820533,0.0005522675785273605,0.0032882891782694233,14444.425313335856,12861.067997561648,15923.845824816926,0.0018462611883796856,0.0013416302893203742,0.0021800786261703094,-0.13788150017184747,-0.32003906561396417,0.25687330098379757,1.8473497287922545,1.2006993419585035,2.9030704555053255,-0.7962202639178189,-1.6359410960851026,-0.24530912693107965,-2.6237420878499274,-4.466103555379511,-1.4115233705012504,4.440892098500626e-16,1.5765166949677223e-13
S1,leave_environment_moving_meeting_room,coordinate,400,0.877851734507918,0.873084155635682,0.8833190770003008,0.12214826549208208,0.11668092299969927,0.12691584436431824,13161.480233821065,10910.91299906439,13989.383152782257,0.006464546036465494,0.0042273082500763615,0.009296080707078087,0.04998290775014807,-0.048043847106613274,0.13696235098123893,53.299336066667365,32.79667289935145,78.96240378729352,-45.01637817591549,-73.57137923091982,-21.241165729471426,-91.70065205634631,-149.0058162419498,-44.17510462899881,1.4210854715202004e-14,3.410605131648481e-13
S1,leave_environment_moving_meeting_room,dct,400,0.9983029118774532,0.9981589250351404,0.9984248403688758,0.0016970881225466838,0.001575159631124237,0.0018410749648597716,13222.58564271791,12137.812607609156,14485.768319612305,0.002401161628304567,0.0017334382503335346,0.003659173906048189,0.5367745617210187,-0.20435563848619745,0.9525071986570264,2.5703072568453873,1.8810657802741597,3.643274263238636,-0.6897125846889178,-2.1122677694942773,0.4141211060465291,-2.9440600727703936,-5.689776232351618,-1.6594698917736093,8.881784197001252e-16,2.0961010704922955e-13
S1,leave_environment_moving_meeting_room,dft,400,0.997244251906723,0.9965187166850376,0.9993712393216133,0.002755748093276993,0.00062876067838672,0.003481283314962269,13826.751975524487,12164.008284603795,16321.961856343902,0.0033026623770703654,0.0025651239728835423,0.0041080410319806,-0.34343423455136723,-0.8674566406688269,0.5917218877118361,4.134864144095577,2.3495104354522627,5.6456281859019875,-1.556334989194461,-3.2206395302942763,-0.16473459234908328,-5.3809209185713005,-8.606105388857605,-2.544199046678567,7.105427357601002e-15,2.4358293160275934e-13
S1,leave_environment_moving_meeting_room,polynomial,400,0.999981028468512,0.9999704843261721,0.9999855098867988,1.8971531488118668e-05,1.4490113201253654e-05,2.951567382775238e-05,12323.84731102727,11274.230058930798,14721.511692636523,0.0014393622931163064,0.0009263795236442887,0.0020537160335253415,-0.12713216392461799,-1.2581974825506408,1.0485090454583972,0.16124200911634606,0.10247479667194401,0.26056051017594734,0.33478327014461584,0.12636074475428716,0.6369421499216403,0.1703073896666302,-0.01895630965138982,0.4391751409024267,1.1102230246251565e-16,1.989935993762515e-13
S1,leave_environment_moving_meeting_room,random_orthogonal,400,0.9962597909951233,0.9958572648237303,0.9965516246037073,0.0037402090048765995,0.00344837539629223,0.004142735176269402,13471.251400466821,11666.412221101533,16701.034722334567,0.003267793675645717,0.0026283973901344367,0.004406121481118752,-0.21101496802281106,-0.6707111937948174,0.4688811687474393,5.666431873602919,4.30913096174471,6.936203289728461,-3.341444088988462,-5.017955035820078,-1.1416336358709036,-8.631561184086266,-11.830369453257486,-4.789962584678426,1.7763568394002505e-15,1.794120407794253e-13
S1,leave_environment_moving_meeting_room,permuted_polynomial,400,0.9972390336440904,0.9963102060886053,0.9991127440417322,0.002760966355909835,0.000887255958267939,0.0036897939113946167,14855.489392100042,12744.761510567585,16132.393576270284,0.0018625275470600222,0.0014117663762764552,0.002381359390697517,-0.2192140565321454,-0.5764094280758993,0.1761388427031863,2.321135536608901,1.485663774326036,3.3950107708850767,-0.9729276101726656,-1.8809033290870087,-0.19873430659871572,-3.2271607499755817,-4.983464898024388,-1.7202270378274096,4.440892098500626e-16,1.5343282200319663e-13
S1,leave_environment_moving_office,coordinate,400,0.8772956112011556,0.8735753843596307,0.8808873870497457,0.12270438879884443,0.11911261295025444,0.12642461564036958,11522.545204154818,9738.688553008293,12150.385471180314,0.00495716986354908,0.002067279148858638,0.006442206874339025,-0.00302562773250036,-0.16624287908905025,0.180695142324214,37.74085277733832,11.431423190556647,49.43257231053997,-36.25891649672907,-49.01851973055662,-8.84568956284286,-74.26663019862013,-98.50553392388326,-20.109637742333824,1.4210854715202004e-14,2.2737367544323206e-13
S1,leave_environment_moving_office,dct,400,0.9983723827493661,0.9982611913033741,0.9984655659927094,0.00162761725063408,0.001534434007290668,0.001738808696625996,11423.360926608773,11397.266149009205,13606.806240070824,0.0030289678930427305,0.002044657926928446,0.0037559766501629238,0.5693085692352771,0.19924164344557996,0.8090563765052243,2.781102662061598,2.089840414020107,3.477428958299063,-1.2413737619339162,-2.281994384726068,-0.223916364791378,-3.8933863570665834,-5.701321968800684,-2.243418117416923,8.881784197001252e-16,2.1294077612310502e-13
S1,leave_environment_moving_office,dft,400,0.9988644412043313,0.9979959923406134,0.999619392394336,0.0011355587956686521,0.00038060760566407844,0.002004007659386412,12121.458725282817,11428.978417087317,13907.445967476406,0.003399538630663658,0.0024897395685167705,0.004251079560302554,-0.26083280986404533,-0.7552156531333176,0.6003935133484485,2.6903107640347534,1.7736722979928266,3.552128188098291,-1.0122479914808695,-1.9559111031136962,-0.10121920836259124,-3.4094860961119675,-5.337721213718835,-2.091255897109936,8.881784197001252e-16,1.9984014443252818e-13
S1,leave_environment_moving_office,polynomial,400,0.9999874200951508,0.99998427888838,0.9999896302240727,1.2579904849200093e-05,1.0369775927078643e-05,1.5721111619856743e-05,11623.140483318191,10228.914244924552,14194.99102199335,0.0013220152241925271,0.0008533821723312749,0.0018014184520243042,-0.18440683236820377,-1.2630515709848393,0.9723687244784143,0.11144740582316917,0.07387227602995355,0.15452882233951787,0.2510000359433986,0.10689812099580609,0.4766822339626602,0.12354092863205515,-0.005227341272305164,0.3646132206372661,2.7755575615628914e-17,2.2531282395377161e-13
S1,leave_environment_moving_office,random_orthogonal,400,0.9962837749974904,0.9959748513586898,0.99650558424768,0.0037162250025094103,0.003494415752319735,0.004025148641309898,11431.471433023093,10177.918005811416,14651.378937615122,0.004019235700171719,0.0026676774162492857,0.004615267695889625,-0.4080354234642379,-0.7431357369189271,0.2852317332042676,5.391663050963373,3.7865288876007503,6.216284705616072,-3.5807015530662936,-4.993474246028374,-1.1070998398797505,-8.600821656583399,-11.044952581762386,-4.073429138234625,8.881784197001252e-16,1.509903313490213e-13
S1,leave_environment_moving_office,permuted_polynomial,400,0.9989006118134869,0.9981480402528631,0.999586049050305,0.0010993881865128219,0.0004139509496947594,0.0018519597471370309,13779.573432803574,11259.207483709284,14776.930032505143,0.002267818006647939,0.0017878092850750374,0.0027638183084109265,-0.23645444198377857,-0.6386321193998888,0.3466985056493087,1.6929977077211045,1.1990714536737506,2.3780368266122616,-0.5596960688543642,-1.3330406057605773,0.03613369444445247,-2.12701402120062,-3.505158638293839,-1.1486811395685246,4.440892098500626e-16,1.7719159473017498e-13
S1,leave_environment_residential,coordinate,400,0.8777343302837929,0.8773324904064939,0.8780958012110518,0.1222656697162072,0.12190419878894833,0.12266750959350628,11249.759353812753,9952.918127830035,12576.835241631763,0.004814553298832286,0.001174102077044202,0.0067976863710389815,0.09170622924546101,-0.14628376353957723,0.3230594925209682,36.31475228988781,9.887018861214385,55.682750577284935,-34.82572579132942,-53.90462047595906,-1.6842510288902615,-71.15499912680143,-109.61522105444972,-7.186199594822917,7.105427357601002e-15,2.5579538487363607e-13
S1,leave_environment_residential,dct,400,0.998283089761556,0.998219337052394,0.9983422098669382,0.0017169102384441176,0.0016577901330618186,0.0017806629476061606,12134.761125606708,11027.307059165625,13286.365707679275,0.002478082324037274,0.0017868836334677732,0.0036106817910225826,0.43356161216027456,-0.22001342120840384,0.7676964605789575,2.364059054161533,1.8542275842893097,3.337480153057848,-0.7704412783777714,-1.9211631910353457,0.12803426507391924,-2.8177091113875297,-5.2672002297253675,-1.5016070150476373,8.881784197001252e-16,1.6786572132332367e-13
S1,leave_environment_residential,dft,400,0.9973712692892848,0.9965175828279306,0.9996746522011298,0.002628730710715113,0.0003253477988701584,0.003482417172069442,12161.13339577454,11216.528074027947,14365.087201754472,0.0035976348042948006,0.0026701996040714147,0.004447010873150815,-0.5370525354695512,-0.9492599976633312,0.7074302674904763,3.854757864734116,1.9109912037315115,5.317695081006908,-1.0178399779636251,-3.1021728793931835,-0.2741937812526194,-4.703645548953794,-8.14823786513728,-2.365399868970046,8.881784197001252e-16,1.9517720772910252e-13
S1,leave_environment_residential,polynomial,400,0.9999880319487433,0.9999852902338131,0.999990065124489,1.1968051256582378e-05,9.934875511077416e-06,1.4709766186920547e-05,11688.175930161158,10732.012482486642,12770.107475585279,0.0013206448993618608,0.000899869413921169,0.0018113541585505315,0.10310195705001614,-1.1600197823223615,1.2748823243996876,0.10652297338959546,0.0692799924111422,0.1512768227172333,0.3746208709420715,0.151126789737825,0.6411755066302862,0.27317128906380084,0.041721672089141154,0.544514086341833,2.7755575615628914e-17,1.9984014443252818e-13
S1,leave_environment_residential,random_orthogonal,400,0.9962124189263333,0.9961253582400474,0.9963019603369585,0.003787581073666572,0.00369803966304126,0.0038746417599523396,11602.219257379034,9934.270307515251,15234.869192812663,0.003576718332385231,0.002526882545828993,0.004750359141318269,-0.46988563917336257,-0.8293052487710844,0.4990003259584885,5.209394277042214,3.746796204854872,6.557401933656076,-3.08945360745917,-4.543091888765389,-0.910629252419362,-8.548320469950996,-11.175600793469993,-4.248815231719183,8.881784197001252e-16,1.5987211554602254e-13
S1,leave_environment_residential,permuted_polynomial,400,0.9975488217869989,0.9964384335078229,0.9996455772285873,0.0024511782130007837,0.0003544227714128216,0.003561566492176944,13959.366381413804,11625.943379971675,15132.667231730136,0.0018466752084668,0.0015326875417877197,0.002237566349925372,-0.24196906211283764,-0.49960678545671905,0.12196796497286748,1.975757797546199,1.3063820835720512,2.854059289498973,-0.8322667732403497,-1.791124356646443,-0.09964870531466552,-2.7272458645437396,-4.616202279008066,-1.3621704670651584,4.440892098500626e-16,2.0261570199409107e-13
S4,leave_day1_out,coordinate,168,0.8754236543386755,0.8748276817964349,0.8766692487087515,0.12457634566132479,0.12333075129124868,0.12517231820356522,133.22306203124754,116.66726299363539,186.96014950519432,0.00964709431179784,0.005664108615611925,0.015184135103318862,-0.06456308840490696,-1.0914045842531663,1.103361904730951,0.9492882658969652,0.5044353988252206,1.5099688147524841,0.9904877309349098,0.4037748179729987,1.619578474051286,-0.02172121797000537,-0.9788387888504267,1.0520015699276863,2.220446049250313e-16,8.56259507742152e-15
S4,leave_day1_out,dct,168,0.9806501040606418,0.9492678581164521,0.9864483229867135,0.019349895939358444,0.013551677013286387,0.05073214188354794,140.85601138257744,102.90098860228042,187.46351794740673,0.025457879182243556,0.01632533058521512,0.03221969054464692,0.558501123659007,-0.6300106245524631,1.249780588767367,0.9398408484095826,0.5413344912605512,1.7204849325351739,1.0255101529971853,0.442651090168144,1.449660309366087,-0.12315097078954018,-1.0134733868658936,0.6628777879052606,4.440892098500626e-16,7.382983113757291e-15
S4,leave_day1_out,dft,168,0.9846060872786881,0.9753268576793691,0.9933226831627682,0.015393912721311916,0.006677316837231891,0.02467314232063071,135.782097816299,119.06901130203846,182.53583417085645,0.019539395729723838,0.012696628255272785,0.025421508219117497,0.1920998249231343,-0.8357975622208038,1.0512650994626178,0.629043619392043,0.3401401046707611,0.9201002778647719,0.9835283800655665,0.5083863459450362,1.5208803257661512,0.24589047335675268,-0.23369174947121724,0.8588472070667739,2.220446049250313e-16,8.382183835919932e-15
S4,leave_day1_out,polynomial,168,0.9484149186715854,0.8137719036397635,0.9887655249598571,0.05158508132841459,0.011234475040142949,0.18622809636023657,131.08438408049352,97.8290639778318,164.1940948765763,0.02287025572770032,0.016101719138020505,0.029276142129088405,-0.3146175195941734,-0.918165490285692,0.3682680752538575,1.394297014045963,0.6041700793946253,1.9090777988048713,0.5571790905734232,-0.19874325558536743,1.6209772356129284,-0.7047136972987385,-2.043129509677669,0.8822220390474069,4.440892098500626e-16,1.3322676295501878e-14
S4,leave_day1_out,random_orthogonal,168,0.8746391201206,0.7895997642473487,0.9272081910378972,0.12536087987939992,0.07279180896210266,0.2104002357526515,126.95331023758258,101.36303934090881,159.53276574878348,0.0224228622385242,0.018560824144519095,0.03083876798415011,-0.3493236611063034,-0.7865264679056354,0.9821236115282104,1.8625033678076819,1.2161325173124442,2.5610827202623767,0.49577459766658205,-0.13796089234528205,1.042505631974874,-1.5059652985266185,-2.4844144256391494,-0.14881108903413265,8.881784197001252e-16,6.661338147750939e-15
S4,leave_day1_out,permuted_polynomial,168,0.9431626307760366,0.8145830616542201,0.9667598448769978,0.05683736922396333,0.03324015512300216,0.18541693834578,125.7490232835699,104.2402024110311,153.99630168111,0.014917356761438752,0.009452719119786037,0.02292090808029693,0.2529455031747896,-0.6983861107168572,0.9618683293897341,0.8234425765051528,0.541768720674077,1.378480163902326,0.822232382646389,0.41697180646765847,1.271877456947458,-0.06444924996872156,-0.9009862651045513,0.5283821872425877,4.440892098500626e-16,7.403799795469013e-15
S4,leave_day3_out,coordinate,168,0.8755191795708723,0.8747286023366807,0.8776284483315142,0.12448082042912777,0.12237155166848587,0.12527139766331927,135.13730686620528,110.04978214509599,184.6010349574195,0.00878187488328007,0.0053648665486043705,0.014065398411694179,0.3498074526252145,-0.7933019090429028,1.349478787641099,0.7415425813488636,0.4363775553620815,1.329522668398484,1.0988848417627939,0.4612007726503484,1.7260080847692776,0.12137467286151787,-0.6974242898940155,0.9850231647031717,4.440892098500626e-16,7.105427357601002e-15
S4,leave_day3_out,dct,168,0.9859026048393977,0.9502772953083206,0.9946674228879528,0.014097395160602651,0.0053325771120469895,0.04972270469167945,130.1968990880664,109.18967537753794,178.80475638846863,0.02069931795358377,0.014131247882320152,0.029003920605500947,0.16023769482365516,-0.8683868646607061,1.2430088971809283,0.7198170929341217,0.20467144745159857,1.471584414606994,0.8626713459197751,0.1136682431031526,1.9074004573399215,0.16230545586849604,-1.0580702591907793,0.9115255428055935,4.440892098500626e-16,7.08461067588928e-15
S4,leave_day3_out,dft,168,0.9870717167541438,0.9651328443102659,0.9947972777886516,0.012928283245856074,0.005202722211348562,0.034867155689733906,129.2169828881423,111.70817402345695,180.99596285639714,0.016918101327314607,0.011474677027278744,0.02463192563110041,-0.11295226831152108,-0.9153378737056912,1.1055492755588314,0.49868957686412874,0.2770228965381541,0.8168490152736669,1.08329429322771,0.5449179991473521,1.4987006880507805,0.4454731865959087,-0.020721830646213607,0.9952890639365706,4.440892098500626e-16,7.688294445529209e-15
S4,leave_day3_out,polynomial,168,0.9908591618447278,0.8132186813518241,0.999326222977657,0.00914083815527262,0.0006737770223428155,0.18678131864817607,126.46633615670211,107.20275959008202,179.8423130999451,0.01718056552092562,0.010365755181878277,0.025628471107285025,-0.30102554597304493,-0.7021846968702957,0.5867825419494787,0.31630764236671316,0.05543649847640874,2.2288016799540435,0.572591241887523,-0.22663012235397284,1.40367562905209,0.19873867096208178,-2.564879999136288,1.1253451946112847,4.440892098500626e-16,8.743006318923108e-15
S4,leave_day3_out,random_orthogonal,168,0.810220995544134,0.7357954623539164,0.9066130693152863,0.18977900445586587,0.09338693068471354,0.26420453764608387,127.35291102766324,115.69759144308449,149.5947585795724,0.027395459428043042,0.021603235662188282,0.031325426353144205,0.07273900852776956,-0.8804902518951814,0.7422076345373538,2.6279377904622017,1.5748024544318862,3.6103734535758076,0.2633159830260341,-0.47860633686640675,0.843070353590983,-2.346623043893389,-3.811444187411193,-0.7673386556972408,8.881784197001252e-16,6.619704784327496e-15
S4,leave_day3_out,permuted_polynomial,168,0.884608817804553,0.7185610813298396,0.9598218822402245,0.11539118219544653,0.04017811775977544,0.28143891867016013,129.95477983805426,109.63339088146213,148.5979049558521,0.01900934070142403,0.013469804678875121,0.023722771142434367,-0.03405172762986697,-0.8157121195824896,0.8135370588725223,1.4971853731610216,0.6931039360703646,2.614031780422698,0.6139184553533288,0.10521568065497217,1.1011158436499753,-0.8879637354275638,-2.336611313033708,0.22415782577074359,2.220446049250313e-16,6.966649479522857e-15
S4,leave_day5_out,coordinate,144,0.8751919706145226,0.8745275248985087,0.8761217719165236,0.12480802938547758,0.12387822808347641,0.1254724751014915,136.30660193140437,123.3754881158958,219.45494345132903,0.007448486855739042,0.004578362370091513,0.012457902058900686,0.18605793293710804,-1.0631317689370292,1.3599605937992378,0.7492093755221556,0.4428158420503301,1.1606690398067026,1.3838531010784594,0.7290958131549314,1.9447532594810446,0.5631656406125107,-0.2052124817615598,1.1387420246785682,2.220446049250313e-16,1.0755285551056204e-14
S4,leave_day5_out,dct,144,0.9826035434835841,0.835891125841026,0.989303578350833,0.017396456516415942,0.01069642164916704,0.16410887415897413,129.1500565825878,105.86593067297954,151.63037405376878,0.021613257066902737,0.015944126880645865,0.03685518966120595,-0.061811447582463694,-0.6212528141963514,0.6550232129232284,1.2212414529344633,0.4759869531719103,2.5187276490737203,1.0033195800770847,-0.18669531562252667,1.7665955567548794,0.05823555479561185,-2.520454192832822,0.9031705882606147,4.440892098500626e-16,8.992806499463768e-15
S4,leave_day5_out,dft,144,0.9866956804455994,0.9724988299056121,0.9945113834999212,0.013304319554400663,0.005488616500078667,0.027501170094388034,133.86315882118515,103.8723199165123,146.26753907549664,0.02116548714311073,0.016208827318143354,0.0302850903795874,-0.07291828317363308,-1.0937930566011356,0.5888072139432292,0.5932432929129872,0.37468496868492174,1.0396128958439825,1.109536521437871,0.4170275247233092,1.602519088502282,0.29883606823312703,-0.6114124989753273,1.1108697919683856,4.440892098500626e-16,1.2212453270876722e-14
S4,leave_day5_out,polynomial,144,0.936496124267113,0.7249786331684702,0.9937929319983425,0.0635038757328868,0.006207068001657762,0.27502136683152967,127.4468258298589,77.61669891884502,142.8350583413197,0.025463604543567695,0.016956451262705896,0.03742640033690433,-0.07996538347415832,-0.45118105076748105,0.5825600474933502,1.7455329909922606,0.27526401597976324,2.743061512316408,0.26462694460934055,-0.5980953112311549,1.0882091695382003,-1.6209499241186085,-3.009977519986732,0.549980275511601,4.440892098500626e-16,1.0186296250935811e-14
S4,leave_day5_out,random_orthogonal,144,0.8527595511965282,0.7562414561963405,0.9026774312768833,0.14724044880347165,0.09732256872311627,0.2437585438036597,131.16787259666836,112.8284352915421,155.45668224411128,0.025194723875065043,0.020187655590567958,0.031842306946631066,-0.1898425152491986,-0.8536346245567608,0.34977431455505387,2.533147582259496,1.849559920046511,3.0845162855388377,0.06149891234435409,-0.8036948661871282,1.1544650272107626,-2.623828679300785,-3.800358425767747,-0.7950046465177508,4.440892098500626e-16,9.547918011776346e-15
S4,leave_day5_out,permuted_polynomial,144,0.9447880312015291,0.7516218056358828,0.9551446662814531,0.05521196879847086,0.044855333718546955,0.24837819436411712,130.03883572008814,125.21581559880286,219.34223673477047,0.021452798360992682,0.016245522361505883,0.026773931521544607,0.14334417813860745,-0.6235336312772517,0.5265674152829389,1.5207728044056446,1.0109947139872486,2.4582152260928614,0.6358053304915028,-0.3672308481515041,1.6623824404274947,-1.072757491509623,-2.4694430340246583,0.6067157914762694,4.440892098500626e-16,8.604228440844963e-15
