source,flag,method,folds,total_rows,selected_rows,coverage,verified_unsound_rows,unresolved_rows,fiber_unsoundness_lower,fiber_unsoundness_upper,reference_head_agreement,device_label_precision
S1,coordinate,exact_fiber,13,5200,31,0.005961538461538462,0,0,0.0,0.0,1.0,0.4838709677419355
S1,coordinate,center_margin,13,5200,31,0.005961538461538462,27,0,0.8709677419354839,0.8709677419354839,0.25806451612903225,0.03225806451612903
S1,coordinate,maximum_response,13,5200,31,0.005961538461538462,28,0,0.9032258064516129,0.9032258064516129,0.3870967741935484,0.1935483870967742
S1,coordinate,negative_entropy,13,5200,31,0.005961538461538462,27,0,0.8709677419354839,0.8709677419354839,0.25806451612903225,0.03225806451612903
S1,coordinate,full_state_margin,13,5200,31,0.005961538461538462,29,0,0.9354838709677419,0.9354838709677419,1.0,0.9032258064516129
S1,dct,exact_fiber,13,5200,74,0.01423076923076923,0,0,0.0,0.0,1.0,0.8108108108108109
S1,dct,center_margin,13,5200,74,0.01423076923076923,57,0,0.7702702702702703,0.7702702702702703,0.33783783783783783,0.3108108108108108
S1,dct,maximum_response,13,5200,74,0.01423076923076923,66,0,0.8918918918918919,0.8918918918918919,0.28378378378378377,0.2702702702702703
S1,dct,negative_entropy,13,5200,74,0.01423076923076923,65,0,0.8783783783783784,0.8783783783783784,0.2972972972972973,0.25675675675675674
S1,dct,full_state_margin,13,5200,74,0.01423076923076923,65,0,0.8783783783783784,0.8783783783783784,1.0,0.9594594594594594
S1,dft,exact_fiber,13,5200,245,0.047115384615384615,0,0,0.0,0.0,1.0,0.9346938775510204
S1,dft,center_margin,13,5200,245,0.047115384615384615,139,0,0.5673469387755102,0.5673469387755102,0.6122448979591837,0.5387755102040817
S1,dft,maximum_response,13,5200,245,0.047115384615384615,234,0,0.9551020408163265,0.9551020408163265,0.10204081632653061,0.044897959183673466
S1,dft,negative_entropy,13,5200,245,0.047115384615384615,218,0,0.889795918367347,0.889795918367347,0.20408163265306123,0.13877551020408163
S1,dft,full_state_margin,13,5200,245,0.047115384615384615,135,0,0.5510204081632653,0.5510204081632653,1.0,0.9755102040816327
S1,polynomial,exact_fiber,13,5200,3996,0.7684615384615384,0,0,0.0,0.0,1.0,0.8088088088088088
S1,polynomial,center_margin,13,5200,3996,0.7684615384615384,229,0,0.057307307307307306,0.057307307307307306,0.9904904904904905,0.811061061061061
S1,polynomial,maximum_response,13,5200,3996,0.7684615384615384,488,0,0.12212212212212212,0.12212212212212212,0.9677177177177178,0.8055555555555556
S1,polynomial,negative_entropy,13,5200,3996,0.7684615384615384,657,0,0.16441441441441443,0.16441441441441443,0.9519519519519519,0.785035035035035
S1,polynomial,full_state_margin,13,5200,3996,0.7684615384615384,385,0,0.09634634634634634,0.09634634634634634,1.0,0.8018018018018018
S1,random_orthogonal,exact_fiber,13,5200,58,0.011153846153846153,0,0,0.0,0.0,1.0,1.0
S1,random_orthogonal,center_margin,13,5200,58,0.011153846153846153,23,0,0.39655172413793105,0.39655172413793105,0.8275862068965517,0.8793103448275862
S1,random_orthogonal,maximum_response,13,5200,58,0.011153846153846153,25,0,0.43103448275862066,0.43103448275862066,0.8103448275862069,0.8620689655172413
S1,random_orthogonal,negative_entropy,13,5200,58,0.011153846153846153,22,0,0.3793103448275862,0.3793103448275862,0.8448275862068966,0.896551724137931
S1,random_orthogonal,full_state_margin,13,5200,58,0.011153846153846153,29,0,0.5,0.5,1.0,0.9482758620689655
S1,permuted_polynomial,exact_fiber,13,5200,339,0.06519230769230769,0,0,0.0,0.0,1.0,0.9262536873156342
S1,permuted_polynomial,center_margin,13,5200,339,0.06519230769230769,245,0,0.7227138643067846,0.7227138643067846,0.30973451327433627,0.26548672566371684
S1,permuted_polynomial,maximum_response,13,5200,339,0.06519230769230769,322,0,0.9498525073746312,0.9498525073746312,0.09144542772861357,0.04424778761061947
S1,permuted_polynomial,negative_entropy,13,5200,339,0.06519230769230769,315,0,0.9292035398230089,0.9292035398230089,0.11209439528023599,0.061946902654867256
S1,permuted_polynomial,full_state_margin,13,5200,339,0.06519230769230769,215,0,0.6342182890855457,0.6342182890855457,1.0,0.9793510324483776
S4,coordinate,exact_fiber,3,480,275,0.5729166666666666,0,0,0.0,0.0,1.0,0.7927272727272727
S4,coordinate,center_margin,3,480,275,0.5729166666666666,32,0,0.11636363636363636,0.11636363636363636,0.9818181818181818,0.7818181818181819
S4,coordinate,maximum_response,3,480,275,0.5729166666666666,58,0,0.2109090909090909,0.2109090909090909,0.9418181818181818,0.7672727272727272
S4,coordinate,negative_entropy,3,480,275,0.5729166666666666,70,0,0.2545454545454545,0.2545454545454545,0.9345454545454546,0.7709090909090909
S4,coordinate,full_state_margin,3,480,275,0.5729166666666666,64,0,0.23272727272727273,0.23272727272727273,1.0,0.8036363636363636
S4,dct,exact_fiber,3,480,245,0.5104166666666666,0,0,0.0,0.0,1.0,0.7142857142857143
S4,dct,center_margin,3,480,245,0.5104166666666666,42,0,0.17142857142857143,0.17142857142857143,0.9469387755102041,0.6816326530612244
S4,dct,maximum_response,3,480,245,0.5104166666666666,63,0,0.2571428571428571,0.2571428571428571,0.8448979591836735,0.6081632653061224
S4,dct,negative_entropy,3,480,245,0.5104166666666666,70,0,0.2857142857142857,0.2857142857142857,0.8244897959183674,0.6204081632653061
S4,dct,full_state_margin,3,480,245,0.5104166666666666,89,0,0.363265306122449,0.363265306122449,1.0,0.8122448979591836
S4,dft,exact_fiber,3,480,312,0.65,0,0,0.0,0.0,1.0,0.75
S4,dft,center_margin,3,480,312,0.65,35,0,0.11217948717948718,0.11217948717948718,0.9839743589743589,0.7564102564102564
S4,dft,maximum_response,3,480,312,0.65,62,0,0.1987179487179487,0.1987179487179487,0.9487179487179487,0.7339743589743589
S4,dft,negative_entropy,3,480,312,0.65,73,0,0.23397435897435898,0.23397435897435898,0.9294871794871795,0.7211538461538461
S4,dft,full_state_margin,3,480,312,0.65,64,0,0.20512820512820512,0.20512820512820512,1.0,0.7948717948717948
S4,polynomial,exact_fiber,3,480,205,0.4270833333333333,0,0,0.0,0.0,1.0,0.7609756097560976
S4,polynomial,center_margin,3,480,205,0.4270833333333333,49,0,0.23902439024390243,0.23902439024390243,0.848780487804878,0.6536585365853659
S4,polynomial,maximum_response,3,480,205,0.4270833333333333,57,0,0.2780487804878049,0.2780487804878049,0.8195121951219512,0.624390243902439
S4,polynomial,negative_entropy,3,480,205,0.4270833333333333,63,0,0.3073170731707317,0.3073170731707317,0.7902439024390244,0.6146341463414634
S4,polynomial,full_state_margin,3,480,205,0.4270833333333333,83,0,0.40487804878048783,0.40487804878048783,1.0,0.8048780487804879
S4,random_orthogonal,exact_fiber,3,480,86,0.17916666666666667,0,0,0.0,0.0,1.0,0.813953488372093
S4,random_orthogonal,center_margin,3,480,86,0.17916666666666667,31,0,0.36046511627906974,0.36046511627906974,0.813953488372093,0.7674418604651163
S4,random_orthogonal,maximum_response,3,480,86,0.17916666666666667,52,0,0.6046511627906976,0.6046511627906976,0.5813953488372093,0.5116279069767442
S4,random_orthogonal,negative_entropy,3,480,86,0.17916666666666667,56,0,0.6511627906976745,0.6511627906976745,0.5465116279069767,0.46511627906976744
S4,random_orthogonal,full_state_margin,3,480,86,0.17916666666666667,69,0,0.8023255813953488,0.8023255813953488,1.0,0.872093023255814
S4,permuted_polynomial,exact_fiber,3,480,183,0.38125,0,0,0.0,0.0,1.0,0.8306010928961749
S4,permuted_polynomial,center_margin,3,480,183,0.38125,36,0,0.19672131147540983,0.19672131147540983,0.9453551912568307,0.7868852459016393
S4,permuted_polynomial,maximum_response,3,480,183,0.38125,54,0,0.29508196721311475,0.29508196721311475,0.9180327868852459,0.7704918032786885
S4,permuted_polynomial,negative_entropy,3,480,183,0.38125,60,0,0.32786885245901637,0.32786885245901637,0.8907103825136612,0.7486338797814208
S4,permuted_polynomial,full_state_margin,3,480,183,0.38125,91,0,0.4972677595628415,0.4972677595628415,1.0,0.825136612021858
