source,method,k,task,anchors,censored,delta_lower_q25,delta_lower_median,delta_lower_q75,delta_upper_q25,delta_upper_median,delta_upper_q75,upper_lower_ratio_q25,upper_lower_ratio_median,upper_lower_ratio_q75
S1,baseline,0,pair,130,0,5.0634220302801585e-05,6.960994682100305e-05,8.746047908055133e-05,0.0001125799620197,0.00017378551881185,0.000233331714853175,2.2316665591332434,2.424421487391677,2.671337744653586
S1,baseline,0,multiclass,130,0,5.056772325271735e-05,6.884809670929845e-05,8.657786952932526e-05,0.0001125799620197,0.0001643547344484,0.0002171632025621,2.2316665591332434,2.4194021595304003,2.5653867140934246
S1,difference,1,pair,130,0,6.799021524831507e-05,9.109745815924478e-05,0.000113311835226475,0.000220141059599475,0.00032976628435415004,0.0004477014233517,3.2237792122775977,3.574265026946944,3.9649709349215208
S1,difference,1,multiclass,130,0,6.748145066907969e-05,8.870945057389935e-05,0.00010823053211815001,0.00021797736987909998,0.00030904291685049997,0.000404817983283075,3.1185026585715354,3.4489548172788798,3.761464618790951
S1,difference,2,pair,130,0,9.549937164188305e-05,0.00012541062593345,0.00015202167974242499,0.0006885006650113499,0.0010570828332147,0.0014318599778971749,7.099114377705275,8.089791430440364,9.241933511847327
S1,difference,2,multiclass,130,0,9.531552956792988e-05,0.0001236980879812,0.000147600140845475,0.00068622848548945,0.0009890434461718501,0.0013019254753839252,7.095644768535437,7.951110387418883,8.876662862067711
S1,random_17,1,pair,130,0,6.074115841264094e-05,8.200110861407298e-05,0.00010331755754165,0.00016645864189750002,0.0002559523010377,0.0003448774131038,2.733908840820138,3.0049184123767803,3.292476604469991
S1,random_17,1,multiclass,130,0,6.074115841264094e-05,8.142165294246394e-05,0.000100932298955775,0.00016645864189750002,0.0002411774139139,0.000320632817011275,2.733908840820138,2.969742123220631,3.1890356405308506
S1,random_17,2,pair,130,0,8.624682286690142e-05,0.00011373615741515,0.00014076675305922502,0.000460887302724025,0.0006888583798133,0.0009551355584654249,5.164768643811501,5.961749703222527,6.792674533365379
S1,random_17,2,multiclass,130,0,8.624682286690142e-05,0.00011373615741515,0.000138200925413925,0.000460887302724025,0.0006847595020309,0.000942309404036675,5.174823610876528,5.909371359396788,6.845496246103954
S1,random_29,1,pair,130,0,6.0255656194192345e-05,8.103266706152897e-05,0.00010101058007570001,0.00015829170497055,0.00024583707684415,0.0003271429723508,2.657349975717848,2.9673331136183023,3.279381836498324
S1,random_29,1,multiclass,130,0,5.948745726844244e-05,8.036132927404028e-05,9.946989688384573e-05,0.00015764559907887498,0.000234456985906,0.000306362152008,2.653523215559737,2.912097027492336,3.09801398155986
S1,random_29,2,pair,130,0,8.491453943948476e-05,0.00011163803002905,0.00013665763808659999,0.00040841329074145,0.00064605322796305,0.000819678050063925,4.8035793244814595,5.4633936173729545,6.536006039806794
S1,random_29,2,multiclass,130,0,8.453095901583489e-05,0.00011068323040935,0.0001332891496713,0.000408341715332925,0.0005918090666879501,0.0007465167877406249,4.762450968878172,5.322043957185468,5.750022465731099
S1,random_43,1,pair,130,0,6.398636608984856e-05,8.661283605626859e-05,0.000109252788941325,0.00019329877267505,0.000292160398605,0.00040393321541259996,2.9984806161743713,3.309100614471228,3.6783069069823187
S1,random_43,1,multiclass,130,0,6.398636608984856e-05,8.598821533167762e-05,0.000106789178201475,0.00019329877267505,0.00028431998168565,0.000383797462018675,2.9984355807825516,3.277532585908967,3.5622284509036635
S1,random_43,2,pair,130,0,8.679447587699765e-05,0.00011417474463935,0.000139765113820425,0.000440276668179375,0.00067205489757455,0.0008857808969560501,5.122326721499903,5.81111028431388,6.7206260611168815
S1,random_43,2,multiclass,130,0,8.62044426347477e-05,0.0001126072349184,0.00013511774170855002,0.000437909456011625,0.000653948111429,0.00086156567751855,5.105580286808357,5.707216378185054,6.340792492991952
S1,raw_scores,1,pair,130,0,6.493852375127432e-05,8.725533178749872e-05,0.0001067106732404,0.000194846936378875,0.0002926310514197,0.00038727300985085,2.9870804354019245,3.2471119736406377,3.6255837288899286
S1,raw_scores,1,multiclass,130,0,6.465392814667141e-05,8.581539600954362e-05,0.000105149826152325,0.00019181596148375,0.00028488131971564996,0.0003610034431057,2.980326589005774,3.2235402337410997,3.4881042416792525
S1,raw_scores,2,pair,130,0,8.910407751531514e-05,0.0001175612422863,0.000145146860550025,0.000530494375867475,0.00079169972083015,0.00110361296069905,5.832327201902064,6.638908904305853,7.740847457282442
S1,raw_scores,2,multiclass,130,0,8.902153993412578e-05,0.0001160090747957,0.000142609482659225,0.000530494375867475,0.0007886959906680999,0.00104908696006805,5.881670047850193,6.602304942724137,7.323804688227125
S4,baseline,0,pair,30,0,0.00015988416058245,0.00039245045457435,0.0007480386637965,0.00020918617821785,0.0006421657176627999,0.00139149839480115,1.3002306084036477,1.6284995125663912,1.90413308849919
S4,baseline,0,multiclass,30,0,0.00015988416058245,0.00039245045457435,0.000717467421000625,0.00020918617821785,0.0006421657176627999,0.00134168747155405,1.3002306084036477,1.6284995125663912,1.860165284543768
S4,difference,1,pair,30,0,0.00028949396272585004,0.00058282906603535,0.001097672814539375,0.000472521864990275,0.0012716402074581,0.003178080851564325,1.6052156923404866,2.176641938155366,2.8552156164255833
S4,difference,1,multiclass,30,0,0.00028312409621857504,0.00058282906603535,0.0010465350101836251,0.000443211386603375,0.0012716402074581,0.0025670959221696,1.5630056082397954,2.1614037405125224,2.550693723864144
S4,difference,2,pair,30,0,0.000544187909876275,0.00092642001926195,0.001585353452231125,0.001569582133004975,0.0042423623982695,0.010457294829519974,2.8209008795606385,4.5758625729453035,5.919030186325665
S4,difference,2,multiclass,30,0,0.000472455825714375,0.00092642001926195,0.0015026581537308501,0.0011088891134389501,0.0042423623982695,0.0074285061955449245,2.603223457956146,3.964796708390615,5.1950955441784386
S4,random_17,1,pair,30,0,0.0002388919079326,0.0005165688162753999,0.0009602552632542499,0.000349295619436425,0.00104642886687585,0.00243918501127425,1.4899915845521048,1.9977493783011147,2.4028627464955505
S4,random_17,1,multiclass,30,0,0.0002388919079326,0.0005165688162753999,0.000895799716176625,0.000349295619436425,0.00104642886687585,0.00201370936421505,1.4852610401389805,1.9977493783011147,2.3086394913239556
S4,random_17,2,pair,30,0,0.000420813113483575,0.00079114259595345,0.0012999910046817748,0.0009822378961402,0.00258542593709315,0.00577626363377615,2.287933525948212,3.262209656385754,4.203936481050741
S4,random_17,2,multiclass,30,0,0.000420813113483575,0.00079114259595345,0.0012867855560447,0.000955757608281275,0.00258542593709315,0.005556294483017674,2.2005854249853893,3.262209656385754,4.169034042333681
S4,random_29,1,pair,30,0,0.00022398992865885,0.0005221847363721,0.0009279569777623251,0.00032875603031647495,0.00106230613227375,0.002314365625123275,1.4644402722092593,1.9643558445324127,2.427324850595229
S4,random_29,1,multiclass,30,0,0.00022398992865885,0.0005221847363721,0.0008734163200487251,0.00032875603031647495,0.00106230613227375,0.0019814697277542,1.4644402722092593,1.9643558445324127,2.3449502421544475
S4,random_29,2,pair,30,0,0.000414473067883275,0.0008099899998860499,0.0013564309370791999,0.000858926885969075,0.0029306052368589,0.005480520468759725,2.1526422547394013,3.207188137242129,4.241924237309595
S4,random_29,2,multiclass,30,0,0.000414473067883275,0.0008099899998860499,0.0012508776034532748,0.000858926885969075,0.0029306052368589,0.005480520468759725,2.1526422547394013,3.207188137242129,4.1940650755122535
S4,random_43,1,pair,30,0,0.0002506775918615,0.00050421638470065,0.00092315326438545,0.000396322974958375,0.0009960451116383,0.0022532385641794253,1.5384321017300762,1.9883285720084454,2.4279017835503063
S4,random_43,1,multiclass,30,0,0.0002506775918615,0.00050421638470065,0.000901824411639075,0.000396322974958375,0.0009960451116383,0.002171444404474675,1.5384321017300762,1.9883285720084454,2.3066141867636603
S4,random_43,2,pair,30,0,0.0004219802396711,0.0008125777036977,0.001398554734814,0.00101940778938815,0.0027725238128683003,0.006146628080196975,2.3065368328188653,3.186077555740335,4.411287459032428
S4,random_43,2,multiclass,30,0,0.0004219802396711,0.0008125777036977,0.0013436459829893749,0.00101940778938815,0.0027725238128683003,0.00528775760800155,2.1952954698278306,3.186077555740335,4.020164083121297
S4,raw_scores,1,pair,30,0,0.00023045408366545,0.0005249161570172,0.0010124305354136,0.000336015477935975,0.0010653362247973,0.002864141724892175,1.5149379888680554,2.0260070318841557,2.6696474145838534
S4,raw_scores,1,multiclass,30,0,0.00023045408366545,0.0005249161570172,0.000989134557655175,0.000336015477935975,0.0010653362247973,0.0025771458590149498,1.5149379888680554,2.0260070318841557,2.43532813520707
S4,raw_scores,2,pair,30,0,0.00042817171343185,0.00086290248762695,0.0014696240173686002,0.000981524869983775,0.0033738915832063,0.00826430692070205,2.495891338674571,3.7954792105760307,4.812039221649869
S4,raw_scores,2,multiclass,30,0,0.00042817171343185,0.00086290248762695,0.00141709525179135,0.000981524869983775,0.0033738915832063,0.0065905220002818,2.495891338674571,3.7954792105760307,4.778718272376752
