anchor,source,fold,device,row_id,direction_status,candidate,competitor,gram_defect,cells,max_canonical_discrepancy,max_dense_factorization_error,all_checks_pass
0,S1,leave_environment_A,31,418,head_J_singular_directions,31,35,4.461596143168298e-16,972,1.1102230246251565e-16,8.326672684688674e-17,True
1,S1,leave_environment_A,32,471,head_J_singular_directions,32,31,6.007668234938886e-16,972,6.938893903907228e-17,9.71445146547012e-17,True
2,S1,leave_environment_A,33,503,head_J_singular_directions,33,37,6.665402665883571e-16,972,5.551115123125783e-17,8.326672684688674e-17,True
3,S1,leave_environment_A,34,555,head_J_singular_directions,34,33,2.501139503592716e-16,972,4.163336342344337e-17,4.163336342344337e-17,True
4,S1,leave_environment_A,35,596,head_J_singular_directions,35,40,3.150613163178453e-16,972,5.551115123125783e-17,5.551115123125783e-17,True
5,S1,leave_environment_A,36,638,head_J_singular_directions,36,34,8.325598012872323e-16,972,1.8041124150158794e-16,1.249000902703301e-16,True
6,S1,leave_environment_A,37,652,head_J_singular_directions,37,38,1.6038454358111326e-16,972,5.551115123125783e-17,1.1102230246251565e-16,True
7,S1,leave_environment_A,38,683,head_J_singular_directions,38,39,8.312385098179113e-16,972,9.71445146547012e-17,6.938893903907228e-17,True
8,S1,leave_environment_A,39,738,head_J_singular_directions,39,38,8.084034749920356e-16,972,1.249000902703301e-16,1.1102230246251565e-16,True
9,S1,leave_environment_A,40,784,head_J_singular_directions,40,38,4.159594163036309e-16,972,5.551115123125783e-17,5.551115123125783e-17,True
10,S1,leave_environment_B,31,815,head_J_singular_directions,31,37,6.00681663764295e-16,972,6.938893903907228e-17,8.326672684688674e-17,True
11,S1,leave_environment_B,32,876,head_J_singular_directions,32,40,2.748099851611737e-16,972,3.469446951953614e-17,1.1102230246251565e-16,True
12,S1,leave_environment_B,33,885,head_J_singular_directions,32,33,2.242025235105681e-16,972,4.163336342344337e-17,1.249000902703301e-16,True
13,S1,leave_environment_B,34,934,head_J_singular_directions,34,37,7.021666937153402e-16,972,1.249000902703301e-16,6.938893903907228e-17,True
14,S1,leave_environment_B,35,965,head_J_singular_directions,35,34,8.006167006197775e-16,972,1.3877787807814457e-16,8.326672684688674e-17,True
15,S1,leave_environment_B,36,1010,head_J_singular_directions,37,36,6.379113901285933e-16,972,5.551115123125783e-17,6.245004513516506e-17,True
16,S1,leave_environment_B,37,1054,head_J_singular_directions,37,33,7.19523483408008e-16,972,1.3877787807814457e-16,1.8041124150158794e-16,True
17,S1,leave_environment_B,38,1084,head_J_singular_directions,38,33,3.1426037144746834e-16,972,6.938893903907228e-17,8.326672684688674e-17,True
18,S1,leave_environment_B,39,1155,head_J_singular_directions,39,38,7.022524021921581e-16,972,6.938893903907228e-17,5.551115123125783e-17,True
19,S1,leave_environment_B,40,1165,head_J_singular_directions,40,35,5.448357456526096e-16,972,8.326672684688674e-17,5.551115123125783e-17,True
20,S1,leave_environment_B_antenna,31,4437,head_J_singular_directions,36,31,6.665021722603179e-16,972,1.3877787807814457e-16,5.551115123125783e-17,True
21,S1,leave_environment_B_antenna,32,4476,head_J_singular_directions,32,39,7.022620437412078e-16,972,5.551115123125783e-17,6.938893903907228e-17,True
22,S1,leave_environment_B_antenna,33,4497,head_J_singular_directions,36,33,5.439360934964529e-16,972,4.163336342344337e-17,1.1102230246251565e-16,True
23,S1,leave_environment_B_antenna,34,4550,head_J_singular_directions,39,34,8.309823398428273e-16,972,9.71445146547012e-17,1.1102230246251565e-16,True
24,S1,leave_environment_B_antenna,35,4568,head_J_singular_directions,35,34,2.7279043762388534e-16,972,4.163336342344337e-17,9.71445146547012e-17,True
25,S1,leave_environment_B_antenna,36,4604,head_J_singular_directions,36,33,5.087799343407687e-16,972,6.938893903907228e-17,8.326672684688674e-17,True
26,S1,leave_environment_B_antenna,37,4645,head_J_singular_directions,32,37,5.088109854120162e-16,972,9.71445146547012e-17,4.163336342344337e-17,True
27,S1,leave_environment_B_antenna,38,4719,head_J_singular_directions,38,37,4.1571336994985644e-16,972,4.163336342344337e-17,8.326672684688674e-17,True
28,S1,leave_environment_B_antenna,39,4720,head_J_singular_directions,39,40,4.1674542740886216e-16,972,6.938893903907228e-17,4.163336342344337e-17,True
29,S1,leave_environment_B_antenna,40,4791,head_J_singular_directions,40,39,8.011493169761497e-16,972,1.3877787807814457e-16,1.3877787807814457e-16,True
30,S1,leave_environment_B_walk,31,2838,head_J_singular_directions,31,40,5.457201291374525e-16,972,4.163336342344337e-17,1.1102230246251565e-16,True
31,S1,leave_environment_B_walk,32,2846,head_J_singular_directions,32,33,4.970217379783746e-16,972,6.938893903907228e-17,1.1102230246251565e-16,True
32,S1,leave_environment_B_walk,33,2896,head_J_singular_directions,33,38,2.4923636145300635e-16,972,5.551115123125783e-17,5.551115123125783e-17,True
33,S1,leave_environment_B_walk,34,2949,head_J_singular_directions,34,35,7.02458059869993e-16,972,6.938893903907228e-17,8.326672684688674e-17,True
34,S1,leave_environment_B_walk,35,2965,head_J_singular_directions,35,40,5.092469789236039e-16,972,9.71445146547012e-17,8.326672684688674e-17,True
35,S1,leave_environment_B_walk,36,3035,head_J_singular_directions,36,34,6.665594540179833e-16,972,6.938893903907228e-17,8.326672684688674e-17,True
36,S1,leave_environment_B_walk,37,3065,head_J_singular_directions,31,37,5.107254680702739e-16,972,8.326672684688674e-17,1.6653345369377348e-16,True
37,S1,leave_environment_B_walk,38,3081,head_J_singular_directions,38,39,1.0418007450385186e-15,972,8.326672684688674e-17,5.551115123125783e-17,True
38,S1,leave_environment_B_walk,39,3122,head_J_singular_directions,39,34,5.443660667228968e-16,972,9.71445146547012e-17,8.326672684688674e-17,True
39,S1,leave_environment_B_walk,40,3178,head_J_singular_directions,40,38,5.440730028703117e-16,972,6.938893903907228e-17,1.1102230246251565e-16,True
40,S1,leave_environment_C,31,1221,head_J_singular_directions,31,32,6.666847230723956e-16,972,9.71445146547012e-17,5.551115123125783e-17,True
41,S1,leave_environment_C,32,1276,head_J_singular_directions,32,33,1.1543538768195392e-15,972,1.6653345369377348e-16,9.71445146547012e-17,True
42,S1,leave_environment_C,33,1310,head_J_singular_directions,33,31,2.4895548401835163e-16,972,5.551115123125783e-17,1.3877787807814457e-16,True
43,S1,leave_environment_C,34,1322,head_J_singular_directions,34,40,5.442071129918427e-16,972,8.326672684688674e-17,4.163336342344337e-17,True
44,S1,leave_environment_C,35,1395,head_J_singular_directions,31,35,1.6779807212027186e-16,972,4.163336342344337e-17,1.3877787807814457e-16,True
45,S1,leave_environment_C,36,1424,head_J_singular_directions,40,36,3.331865998708e-16,972,8.326672684688674e-17,5.551115123125783e-17,True
46,S1,leave_environment_C,37,1451,head_J_singular_directions,37,38,4.96605310091983e-16,972,8.326672684688674e-17,5.551115123125783e-17,True
47,S1,leave_environment_C,38,1492,head_J_singular_directions,35,40,4.96561375522958e-16,972,8.326672684688674e-17,6.938893903907228e-17,True
48,S1,leave_environment_C,39,1538,head_J_singular_directions,33,32,3.1425797751136203e-16,972,4.163336342344337e-17,8.326672684688674e-17,True
49,S1,leave_environment_C,40,1595,head_J_singular_directions,38,40,6.755665041766889e-16,972,6.938893903907228e-17,5.551115123125783e-17,True
50,S1,leave_environment_D,31,1639,head_J_singular_directions,31,32,8.984268369698291e-16,972,1.3877787807814457e-16,1.5265566588595902e-16,True
51,S1,leave_environment_D,32,1655,head_J_singular_directions,32,35,9.42235140899911e-16,972,1.6653345369377348e-16,2.7755575615628914e-17,True
52,S1,leave_environment_D,33,1691,head_J_singular_directions,33,36,4.442585841400908e-16,972,6.938893903907228e-17,2.0816681711721685e-16,True
53,S1,leave_environment_D,34,1723,head_J_singular_directions,34,39,4.711251555503291e-16,972,4.163336342344337e-17,1.1102230246251565e-16,True
54,S1,leave_environment_D,35,1790,head_J_singular_directions,35,36,3.8609972316313344e-16,972,9.71445146547012e-17,6.938893903907228e-17,True
55,S1,leave_environment_D,36,1829,head_J_singular_directions,36,33,3.1434414772541517e-16,972,5.551115123125783e-17,5.551115123125783e-17,True
56,S1,leave_environment_D,37,1846,head_J_singular_directions,37,31,4.57999851090752e-16,972,9.71445146547012e-17,4.163336342344337e-17,True
57,S1,leave_environment_D,38,1880,head_J_singular_directions,38,31,1.0305763173639556e-15,972,9.71445146547012e-17,1.249000902703301e-16,True
58,S1,leave_environment_D,39,1934,head_J_singular_directions,32,34,6.662659388118218e-16,972,1.249000902703301e-16,8.326672684688674e-17,True
59,S1,leave_environment_D,40,1988,head_J_singular_directions,40,38,5.553743691053395e-16,972,1.1102230246251565e-16,8.326672684688674e-17,True
60,S1,leave_environment_E,31,2028,head_J_singular_directions,33,31,1.1804893627933232e-15,972,1.3877787807814457e-16,8.326672684688674e-17,True
61,S1,leave_environment_E,32,2044,head_J_singular_directions,32,33,2.7336071744532853e-16,972,4.163336342344337e-17,1.3877787807814457e-16,True
62,S1,leave_environment_E,33,2105,head_J_singular_directions,33,39,2.2253196106415096e-16,972,4.163336342344337e-17,5.551115123125783e-17,True
63,S1,leave_environment_E,34,2156,head_J_singular_directions,34,32,6.75422554983258e-16,972,8.326672684688674e-17,8.326672684688674e-17,True
64,S1,leave_environment_E,35,2172,head_J_singular_directions,35,38,7.771919338054738e-16,972,1.3877787807814457e-16,6.938893903907228e-17,True
65,S1,leave_environment_E,36,2220,head_J_singular_directions,33,31,5.662178348757706e-16,972,1.1102230246251565e-16,1.3877787807814457e-16,True
66,S1,leave_environment_E,37,2249,head_J_singular_directions,37,36,6.666407123032044e-16,972,9.71445146547012e-17,8.326672684688674e-17,True
67,S1,leave_environment_E,38,2293,head_J_singular_directions,38,31,3.0843217540222045e-17,972,2.7755575615628914e-17,1.1102230246251565e-16,True
68,S1,leave_environment_E,39,2340,head_J_singular_directions,34,38,6.67046855248552e-16,972,1.249000902703301e-16,5.551115123125783e-17,True
69,S1,leave_environment_E,40,2368,head_J_singular_directions,40,38,7.110419710016802e-16,972,1.249000902703301e-16,6.938893903907228e-17,True
70,S1,leave_environment_F,31,2429,head_J_singular_directions,31,38,5.444835244382761e-16,972,5.551115123125783e-17,1.8041124150158794e-16,True
71,S1,leave_environment_F,32,2468,head_J_singular_directions,40,34,3.3332092041038047e-16,972,5.551115123125783e-17,4.163336342344337e-17,True
72,S1,leave_environment_F,33,2487,head_J_singular_directions,33,36,4.96908201346451e-16,972,5.551115123125783e-17,1.942890293094024e-16,True
73,S1,leave_environment_F,34,2521,head_J_singular_directions,34,36,3.1401849173675503e-16,972,2.7755575615628914e-17,5.551115123125783e-17,True
74,S1,leave_environment_F,35,2568,head_J_singular_directions,35,36,9.424596748471369e-16,972,1.3877787807814457e-16,5.551115123125783e-17,True
75,S1,leave_environment_F,36,2615,head_J_singular_directions,36,33,6.66143979092914e-16,972,4.163336342344337e-17,8.326672684688674e-17,True
76,S1,leave_environment_F,37,2671,head_J_singular_directions,37,39,2.2453782493248686e-16,972,5.551115123125783e-17,5.551115123125783e-17,True
77,S1,leave_environment_F,38,2704,head_J_singular_directions,38,37,5.087947208015109e-16,972,4.163336342344337e-17,8.326672684688674e-17,True
78,S1,leave_environment_F,39,2756,head_J_singular_directions,39,34,4.96908201346451e-16,972,5.551115123125783e-17,8.326672684688674e-17,True
79,S1,leave_environment_F,40,2770,head_J_singular_directions,40,36,8.08382070450298e-16,972,5.551115123125783e-17,8.326672684688674e-17,True
80,S1,leave_environment_F_antenna,31,4804,head_J_singular_directions,31,34,5.990249087431365e-16,972,9.71445146547012e-17,4.163336342344337e-17,True
81,S1,leave_environment_F_antenna,32,4869,head_J_singular_directions,40,36,4.0109455281749383e-16,972,4.163336342344337e-17,6.938893903907228e-17,True
82,S1,leave_environment_F_antenna,33,4909,head_J_singular_directions,33,40,5.661753158543702e-16,972,4.163336342344337e-17,8.326672684688674e-17,True
83,S1,leave_environment_F_antenna,34,4935,head_J_singular_directions,36,34,4.994452358541158e-16,972,8.326672684688674e-17,6.938893903907228e-17,True
84,S1,leave_environment_F_antenna,35,4979,head_J_singular_directions,35,40,4.441789862679376e-16,972,6.938893903907228e-17,9.71445146547012e-17,True
85,S1,leave_environment_F_antenna,36,5008,head_J_singular_directions,32,36,9.157762796029507e-16,972,9.71445146547012e-17,1.3877787807814457e-16,True
86,S1,leave_environment_F_antenna,37,5057,head_J_singular_directions,37,32,3.855640003596693e-16,972,9.71445146547012e-17,8.326672684688674e-17,True
87,S1,leave_environment_F_antenna,38,5115,head_J_singular_directions,38,33,1.1170460847141723e-16,972,4.163336342344337e-17,5.551115123125783e-17,True
88,S1,leave_environment_F_antenna,39,5154,head_J_singular_directions,39,36,4.577994084763835e-16,972,8.326672684688674e-17,4.163336342344337e-17,True
89,S1,leave_environment_F_antenna,40,5169,head_J_singular_directions,31,38,2.221292920700454e-16,972,4.163336342344337e-17,4.163336342344337e-17,True
90,S1,leave_environment_F_walk,31,3211,head_J_singular_directions,31,38,5.467049220335138e-16,972,5.551115123125783e-17,8.326672684688674e-17,True
91,S1,leave_environment_F_walk,32,3270,head_J_singular_directions,35,33,5.119815269735609e-16,972,1.1102230246251565e-16,1.3877787807814457e-16,True
92,S1,leave_environment_F_walk,33,3304,head_J_singular_directions,39,36,9.155725232643762e-16,972,9.71445146547012e-17,4.163336342344337e-17,True
93,S1,leave_environment_F_walk,34,3346,head_J_singular_directions,36,40,2.2216993043336935e-16,972,4.163336342344337e-17,9.71445146547012e-17,True
94,S1,leave_environment_F_walk,35,3397,head_J_singular_directions,40,35,2.229406518787279e-16,972,5.551115123125783e-17,5.551115123125783e-17,True
95,S1,leave_environment_F_walk,36,3402,head_J_singular_directions,37,36,6.28199874774818e-16,972,9.71445146547012e-17,1.3877787807814457e-16,True
96,S1,leave_environment_F_walk,37,3441,head_J_singular_directions,39,32,3.360979169369956e-16,972,4.163336342344337e-17,1.3877787807814457e-16,True
97,S1,leave_environment_F_walk,38,3486,head_J_singular_directions,38,32,2.2671847003800214e-16,972,4.163336342344337e-17,6.938893903907228e-17,True
98,S1,leave_environment_F_walk,39,3549,head_J_singular_directions,37,32,3.3365366672143505e-16,972,5.551115123125783e-17,1.1102230246251565e-16,True
99,S1,leave_environment_F_walk,40,3567,head_J_singular_directions,40,38,5.089218666294718e-16,972,6.938893903907228e-17,1.1102230246251565e-16,True
100,S1,leave_environment_moving_meeting_room,31,4026,head_J_singular_directions,31,37,6.662975543541577e-16,972,5.551115123125783e-17,8.326672684688674e-17,True
101,S1,leave_environment_moving_meeting_room,32,4046,head_J_singular_directions,37,35,1.01765449900525e-15,972,5.551115123125783e-17,1.1102230246251565e-16,True
102,S1,leave_environment_moving_meeting_room,33,4095,head_J_singular_directions,33,39,6.668968368036384e-16,972,8.326672684688674e-17,9.71445146547012e-17,True
103,S1,leave_environment_moving_meeting_room,34,4129,head_J_singular_directions,34,40,9.485852783190947e-16,972,4.163336342344337e-17,5.551115123125783e-17,True
104,S1,leave_environment_moving_meeting_room,35,4166,head_J_singular_directions,35,40,4.978747040217947e-16,972,1.1102230246251565e-16,4.163336342344337e-17,True
105,S1,leave_environment_moving_meeting_room,36,4219,head_J_singular_directions,32,33,2.4825644574343e-16,972,2.7755575615628914e-17,8.326672684688674e-17,True
106,S1,leave_environment_moving_meeting_room,37,4279,head_J_singular_directions,34,31,8.010028123417414e-16,972,1.3877787807814457e-16,1.1102230246251565e-16,True
107,S1,leave_environment_moving_meeting_room,38,4283,head_J_singular_directions,38,39,8.671414001204905e-16,972,4.163336342344337e-17,5.551115123125783e-17,True
108,S1,leave_environment_moving_meeting_room,39,4348,head_J_singular_directions,39,37,8.007294532134963e-16,972,1.3877787807814457e-16,8.326672684688674e-17,True
109,S1,leave_environment_moving_meeting_room,40,4373,head_J_singular_directions,40,31,2.265964902687369e-16,972,4.163336342344337e-17,6.938893903907228e-17,True
110,S1,leave_environment_moving_office,31,3605,head_J_singular_directions,31,37,3.330674720756998e-16,972,4.163336342344337e-17,8.326672684688674e-17,True
111,S1,leave_environment_moving_office,32,3676,head_J_singular_directions,32,33,4.983519688531493e-16,972,9.71445146547012e-17,6.938893903907228e-17,True
112,S1,leave_environment_moving_office,33,3694,head_J_singular_directions,33,40,2.48692440520222e-16,972,5.551115123125783e-17,6.938893903907228e-17,True
113,S1,leave_environment_moving_office,34,3754,head_J_singular_directions,39,38,9.227230859718054e-16,972,1.5265566588595902e-16,9.71445146547012e-17,True
114,S1,leave_environment_moving_office,35,3793,head_J_singular_directions,31,35,1.0251386505795053e-15,972,1.5265566588595902e-16,5.551115123125783e-17,True
115,S1,leave_environment_moving_office,36,3835,head_J_singular_directions,34,33,4.968045765290745e-16,972,8.326672684688674e-17,1.5265566588595902e-16,True
116,S1,leave_environment_moving_office,37,3879,head_J_singular_directions,37,33,1.1959984296898992e-15,972,2.498001805406602e-16,1.3877787807814457e-16,True
117,S1,leave_environment_moving_office,38,3909,head_J_singular_directions,38,39,7.109544121561629e-16,972,9.71445146547012e-17,6.938893903907228e-17,True
118,S1,leave_environment_moving_office,39,3952,head_J_singular_directions,39,31,6.312212757346118e-16,972,6.938893903907228e-17,9.71445146547012e-17,True
119,S1,leave_environment_moving_office,40,3969,head_J_singular_directions,35,40,4.988009694739491e-16,972,1.1102230246251565e-16,4.163336342344337e-17,True
120,S1,leave_environment_residential,31,7,head_J_singular_directions,31,32,6.398672805240088e-16,972,9.71445146547012e-17,8.326672684688674e-17,True
121,S1,leave_environment_residential,32,75,head_J_singular_directions,32,35,4.968764064404899e-16,972,4.163336342344337e-17,8.326672684688674e-17,True
122,S1,leave_environment_residential,33,113,head_J_singular_directions,36,34,3.144901044677397e-16,972,4.163336342344337e-17,5.551115123125783e-17,True
123,S1,leave_environment_residential,34,146,head_J_singular_directions,34,40,7.025421265295664e-16,972,8.326672684688674e-17,1.1102230246251565e-16,True
124,S1,leave_environment_residential,35,185,head_J_singular_directions,35,34,3.15548059928785e-16,972,4.163336342344337e-17,5.551115123125783e-17,True
125,S1,leave_environment_residential,36,238,head_J_singular_directions,36,34,7.450551501413082e-16,972,6.938893903907228e-17,5.551115123125783e-17,True
126,S1,leave_environment_residential,37,255,head_J_singular_directions,36,37,7.024751952920612e-16,972,8.326672684688674e-17,2.7755575615628914e-17,True
127,S1,leave_environment_residential,38,289,head_J_singular_directions,38,39,7.116215449825806e-16,972,1.3877787807814457e-16,1.1102230246251565e-16,True
128,S1,leave_environment_residential,39,355,head_J_singular_directions,39,34,3.3509586527085215e-16,972,4.163336342344337e-17,8.326672684688674e-17,True
129,S1,leave_environment_residential,40,396,head_J_singular_directions,40,35,7.692575858122244e-16,972,1.6653345369377348e-16,9.71445146547012e-17,True
130,S4,leave_day1_out,2,89,head_J_singular_directions,2,9,3.3325620075333634e-16,972,4.163336342344337e-17,5.551115123125783e-17,True
131,S4,leave_day1_out,3,100,head_J_singular_directions,3,15,2.233465027869445e-16,972,6.938893903907228e-17,8.326672684688674e-17,True
132,S4,leave_day1_out,7,128,head_J_singular_directions,7,14,2.26523644507011e-16,972,5.551115123125783e-17,6.938893903907228e-17,True
133,S4,leave_day1_out,8,134,head_J_singular_directions,15,8,5.088143122001163e-16,972,2.7755575615628914e-17,6.938893903907228e-17,True
134,S4,leave_day1_out,9,159,head_J_singular_directions,9,11,3.8652049226957124e-16,972,6.938893903907228e-17,6.938893903907228e-17,True
135,S4,leave_day1_out,10,1,head_J_singular_directions,10,11,2.238594210599731e-16,972,4.163336342344337e-17,1.1102230246251565e-16,True
136,S4,leave_day1_out,11,17,head_J_singular_directions,9,15,3.868156517481607e-16,972,1.1102230246251565e-16,5.551115123125783e-17,True
137,S4,leave_day1_out,13,39,head_J_singular_directions,2,10,2.266705572428172e-16,972,6.938893903907228e-17,1.1102230246251565e-16,True
138,S4,leave_day1_out,14,68,head_J_singular_directions,15,14,4.003448196336491e-16,972,4.163336342344337e-17,1.3877787807814457e-16,True
139,S4,leave_day1_out,15,73,head_J_singular_directions,14,9,4.987261891519395e-16,972,6.938893903907228e-17,1.1102230246251565e-16,True
140,S4,leave_day3_out,2,248,head_J_singular_directions,2,9,2.2352725650684163e-16,972,8.326672684688674e-17,4.163336342344337e-17,True
141,S4,leave_day3_out,3,274,head_J_singular_directions,3,15,3.1488128135055286e-16,972,4.163336342344337e-17,9.71445146547012e-17,True
142,S4,leave_day3_out,7,292,head_J_singular_directions,7,13,3.1666151635036473e-16,972,5.551115123125783e-17,8.326672684688674e-17,True
143,S4,leave_day3_out,8,320,head_J_singular_directions,8,11,4.011688853807714e-16,972,9.71445146547012e-17,9.71445146547012e-17,True
144,S4,leave_day3_out,9,328,head_J_singular_directions,11,15,6.66447623917028e-16,972,1.3877787807814457e-16,5.551115123125783e-17,True
145,S4,leave_day3_out,10,172,head_J_singular_directions,10,11,3.340555950054166e-16,972,3.469446951953614e-17,2.7755575615628914e-17,True
146,S4,leave_day3_out,11,184,head_J_singular_directions,11,15,2.4916277500178064e-16,972,4.163336342344337e-17,6.938893903907228e-17,True
147,S4,leave_day3_out,13,199,head_J_singular_directions,15,2,4.588057675403654e-16,972,8.326672684688674e-17,5.551115123125783e-17,True
148,S4,leave_day3_out,14,214,head_J_singular_directions,14,15,5.552552616611428e-16,972,1.1102230246251565e-16,8.326672684688674e-17,True
149,S4,leave_day3_out,15,235,head_J_singular_directions,14,15,3.33209716525392e-16,972,4.163336342344337e-17,5.551115123125783e-17,True
150,S4,leave_day5_out,2,427,head_J_singular_directions,2,13,4.450746187825912e-16,972,9.71445146547012e-17,5.551115123125783e-17,True
151,S4,leave_day5_out,3,435,head_J_singular_directions,2,3,6.378041346003949e-16,972,1.1102230246251565e-16,4.163336342344337e-17,True
152,S4,leave_day5_out,7,451,head_J_singular_directions,7,2,2.2247532693801167e-16,972,5.551115123125783e-17,4.163336342344337e-17,True
153,S4,leave_day5_out,8,463,head_J_singular_directions,8,7,7.031323345939999e-16,972,1.1102230246251565e-16,5.551115123125783e-17,True
154,S4,leave_day5_out,9,475,head_J_singular_directions,11,15,4.587742545486196e-16,972,9.71445146547012e-17,2.7755575615628914e-17,True
155,S4,leave_day5_out,10,358,head_J_singular_directions,15,10,3.8791111333495077e-16,972,6.938893903907228e-17,6.938893903907228e-17,True
156,S4,leave_day5_out,11,383,head_J_singular_directions,9,10,6.093434266713844e-16,972,5.551115123125783e-17,1.6653345369377348e-16,True
157,S4,leave_day5_out,13,393,head_J_singular_directions,13,9,2.22323328822208e-16,972,4.163336342344337e-17,9.71445146547012e-17,True
158,S4,leave_day5_out,14,407,head_J_singular_directions,14,15,6.661595781956926e-16,972,9.71445146547012e-17,2.7755575615628914e-17,True
159,S4,leave_day5_out,15,410,head_J_singular_directions,14,15,3.145508678676865e-16,972,4.163336342344337e-17,2.7755575615628914e-17,True
