case,K,q,d,field,seed,primal,primal_raw_matrix,upper,gap,normalized_gap,solver_success,solver_message,evidence
d1_real_seed17,2,1,1,real,17,0.8408964152537145,0.8408964152537145,0.8408964152537148,3.3306690738754696e-16,3.960855360372232e-16,True,Optimization terminated successfully,binary64 primal and analytic support-gradient upper
d1_real_seed29,2,1,1,real,29,0.8408964152537145,0.8408964152537146,0.8408964152537148,3.3306690738754696e-16,3.960855360372232e-16,True,Optimization terminated successfully,binary64 primal and analytic support-gradient upper
d1_real_seed43,2,1,1,real,43,0.8408964152537145,0.8408964152537144,0.8408964152537148,3.3306690738754696e-16,3.960855360372232e-16,True,Optimization terminated successfully,binary64 primal and analytic support-gradient upper
d1_complex_seed17,2,1,1,complex,17,0.8408964152537148,0.8408964152537147,0.8408964152537153,4.440892098500626e-16,5.281140480496307e-16,True,Optimization terminated successfully,binary64 primal and analytic support-gradient upper
d1_complex_seed29,2,1,1,complex,29,0.8408964152537146,0.8408964152537145,0.8408964152537151,4.440892098500626e-16,5.281140480496309e-16,True,Optimization terminated successfully,binary64 primal and analytic support-gradient upper
d1_complex_seed43,2,1,1,complex,43,0.8408964152537146,0.8408964152537145,0.8408964152537151,4.440892098500626e-16,5.281140480496309e-16,True,Optimization terminated successfully,binary64 primal and analytic support-gradient upper
d2_real_seed17,3,1,2,real,17,0.9378012813430328,0.9378012813430325,0.9378012813436701,6.373790384373024e-13,6.796525565890748e-13,False,Positive directional derivative for linesearch,binary64 primal and analytic support-gradient upper
d2_real_seed29,3,1,2,real,29,0.9265977424957618,0.9265977424957619,0.9265977424957734,1.1657341758564144e-14,1.2580800949466444e-14,True,Optimization terminated successfully,binary64 primal and analytic support-gradient upper
d2_real_seed43,3,1,2,real,43,0.9400738647755452,0.9400738647755452,0.9400738647863078,1.076261302301873e-11,1.1448688689572752e-11,False,Positive directional derivative for linesearch,binary64 primal and analytic support-gradient upper
d2_complex_seed17,3,1,2,complex,17,0.9191421256934122,0.9191421256934122,0.9191421256936214,2.091660178393795e-13,2.275665666847573e-13,True,Optimization terminated successfully,binary64 primal and analytic support-gradient upper
d2_complex_seed29,3,1,2,complex,29,0.9358102225218732,0.9358102225218732,0.9358102227577958,2.359226147774507e-10,2.521051908811953e-10,False,Positive directional derivative for linesearch,binary64 primal and analytic support-gradient upper
d2_complex_seed43,3,1,2,complex,43,0.9190814848231138,0.919081484823114,0.9190814848233028,1.8895995879120164e-13,2.0559652425983626e-13,True,Optimization terminated successfully,binary64 primal and analytic support-gradient upper
d3_real_seed17,4,1,3,real,17,0.9621299335997475,0.9621299335997477,0.9621299335998195,7.194245199571014e-14,7.477415417951094e-14,True,Optimization terminated successfully,binary64 primal and analytic support-gradient upper
d3_real_seed29,4,1,3,real,29,0.9676454438198832,0.9676454438198827,0.9676454451091876,1.2893044409878485e-09,1.3324141081036689e-09,True,Optimization terminated successfully,binary64 primal and analytic support-gradient upper
d3_real_seed43,4,1,3,real,43,0.9490026003101504,0.9490026003101505,0.9490026019814154,1.671265015268375e-09,1.7610752749488536e-09,True,Optimization terminated successfully,binary64 primal and analytic support-gradient upper
d3_complex_seed17,4,1,3,complex,17,0.9612728444061684,0.9612728444061686,0.9612728444719167,6.574829569672147e-11,6.839712166979796e-11,False,Positive directional derivative for linesearch,binary64 primal and analytic support-gradient upper
d3_complex_seed29,4,1,3,complex,29,0.9628307819605284,0.9628307819605284,0.9628307830547628,1.0942343697806223e-09,1.1364763053716752e-09,True,Optimization terminated successfully,binary64 primal and analytic support-gradient upper
d3_complex_seed43,4,1,3,complex,43,0.9538947793630841,0.953894779363084,0.9538947803358026,9.727184613339546e-10,1.0197334993105204e-09,True,Optimization terminated successfully,binary64 primal and analytic support-gradient upper
d4_real_seed17,5,1,4,real,17,0.9767609310796144,0.9767609310796144,0.976760931180339,1.0072465084220994e-10,1.0312108893511837e-10,True,Optimization terminated successfully,binary64 primal and analytic support-gradient upper
d4_real_seed29,5,1,4,real,29,0.9755450549412272,0.9755450549412273,0.9755450551414551,2.0022783431272728e-10,2.052471418911454e-10,True,Optimization terminated successfully,binary64 primal and analytic support-gradient upper
d4_real_seed43,5,1,4,real,43,0.9782697153967637,0.9782697153967637,0.9782697154494289,5.26652055299337e-11,5.383505663218237e-11,True,Optimization terminated successfully,binary64 primal and analytic support-gradient upper
d4_complex_seed17,5,1,4,complex,17,0.9754004962293923,0.9754004962293925,0.9754004964279879,1.9859558442192338e-10,2.0360414536350427e-10,True,Optimization terminated successfully,binary64 primal and analytic support-gradient upper
d4_complex_seed29,5,1,4,complex,29,0.9742115837730909,0.9742115837730909,0.9742115955024842,1.1729393234460872e-08,1.203988274193302e-08,True,Optimization terminated successfully,binary64 primal and analytic support-gradient upper
d4_complex_seed43,5,1,4,complex,43,0.9746780434110264,0.9746780434110266,0.9746780473403984,3.929372049960023e-09,4.031456414272572e-09,True,Optimization terminated successfully,binary64 primal and analytic support-gradient upper
