case,grid_index,delta,raw_witness_score,global_upper,endpoint_gap,normalized_coefficient_lower,normalized_coefficient_upper,coefficient_primal,coefficient_relative_deviation,raw_observation_distance,state_norm_error,evidence
d1_real_seed17,0,0.01,0.16758362463977838,0.16817928305074298,0.0005956584109645946,0.8379181231988919,0.8408964152537148,0.8408964152537145,0.0035418061021510916,0.009999999999979909,2.220446049250313e-16,binary64 feasible candidate and full-set analytic upper
d1_real_seed17,1,0.0031622776601683794,0.09446836459885052,0.09457416090031762,0.00010579630146709262,0.8399557383309288,0.8408964152537148,0.8408964152537145,0.001118659689495566,0.0031622776601620364,2.220446049250313e-16,binary64 feasible candidate and full-set analytic upper
d1_real_seed17,2,0.001,0.05316415262882068,0.053182958969449905,1.880634062922243e-05,0.8405990608995083,0.8408964152537148,0.8408964152537145,0.00035361591369904264,0.0009999999999979828,2.220446049250313e-16,binary64 feasible candidate and full-set analytic upper
d1_real_seed17,3,0.00031622776601683794,0.029903631735930136,0.029906975624424424,3.343888494287961e-06,0.8408023949193565,0.8408964152537148,0.8408964152537145,0.0001118096505734847,0.0003162277660162822,0.0,binary64 feasible candidate and full-set analytic upper
d1_real_seed17,4,0.0001,0.0168173336909884,0.0168179283050743,5.946140858997806e-07,0.8408666845494199,0.8408964152537148,0.8408964152537145,3.5355965081147805e-05,9.999999999970407e-05,4.440892098500626e-16,binary64 feasible candidate and full-set analytic upper
d1_real_seed17,5,3.1622776601683795e-05,0.009457310352304864,0.009457416090031761,1.0573772689717598e-07,0.8408870136925846,0.8408964152537148,0.8408964152537145,1.1180403387858008e-05,3.1622776601596815e-05,2.220446049250313e-16,binary64 feasible candidate and full-set analytic upper
d1_real_seed17,6,1e-05,0.005318277093890967,0.00531829589694499,1.880305402351956e-08,0.8408934422298308,0.8408964152537148,0.8408964152537145,3.5355411556232195e-06,9.99999999998611e-06,2.220446049250313e-16,binary64 feasible candidate and full-set analytic upper
d1_real_seed17,7,3.162277660168379e-06,0.0029906942187360565,0.002990697562442442,3.343706385557088e-09,0.8408954751015749,0.8408964152537148,0.8408964152537145,1.1180356135777758e-06,3.1622776602146344e-06,0.0,binary64 feasible candidate and full-set analytic upper
d1_real_seed17,8,1e-06,0.0016817922359020853,0.0016817928305074296,5.946053443454252e-10,0.8408961179510426,0.8408964152537148,0.8408964152537145,3.5355445276314163e-07,9.999999999122558e-07,2.220446049250313e-16,binary64 feasible candidate and full-set analytic upper
d1_real_seed29,0,0.01,0.16758362463977838,0.16817928305074298,0.0005956584109645946,0.8379181231988919,0.8408964152537148,0.8408964152537145,0.0035418061021510916,0.00999999999998001,0.0,binary64 feasible candidate and full-set analytic upper
d1_real_seed29,1,0.0031622776601683794,0.0944683645988505,0.09457416090031762,0.00010579630146712038,0.8399557383309285,0.8408964152537148,0.8408964152537145,0.0011186596894959622,0.0031622776601620993,1.1102230246251565e-16,binary64 feasible candidate and full-set analytic upper
d1_real_seed29,2,0.001,0.05316415262882068,0.053182958969449905,1.880634062922243e-05,0.8405990608995083,0.8408964152537148,0.8408964152537145,0.00035361591369904264,0.0009999999999979615,2.220446049250313e-16,binary64 feasible candidate and full-set analytic upper
d1_real_seed29,3,0.00031622776601683794,0.029903631735930133,0.029906975624424424,3.3438884942914304e-06,0.8408023949193564,0.8408964152537148,0.8408964152537145,0.00011180965057361673,0.00031622776601624136,0.0,binary64 feasible candidate and full-set analytic upper
d1_real_seed29,4,0.0001,0.016817333690988395,0.0168179283050743,5.9461408590325e-07,0.8408666845494197,0.8408964152537148,0.8408964152537145,3.535596508141186e-05,9.999999999970983e-05,2.220446049250313e-16,binary64 feasible candidate and full-set analytic upper
d1_real_seed29,5,3.1622776601683795e-05,0.009457310352304862,0.009457416090031761,1.057377268989107e-07,0.8408870136925843,0.8408964152537148,0.8408964152537145,1.1180403388122064e-05,3.162277660149059e-05,2.220446049250313e-16,binary64 feasible candidate and full-set analytic upper
d1_real_seed29,6,1e-05,0.005318277093890966,0.00531829589694499,1.8803054024386923e-08,0.8408934422298305,0.8408964152537148,0.8408964152537145,3.5355411558872765e-06,9.999999999923827e-06,2.220446049250313e-16,binary64 feasible candidate and full-set analytic upper
d1_real_seed29,7,3.162277660168379e-06,0.0029906942187360565,0.002990697562442442,3.343706385557088e-09,0.8408954751015749,0.8408964152537148,0.8408964152537145,1.1180356135777758e-06,3.162277660203882e-06,0.0,binary64 feasible candidate and full-set analytic upper
d1_real_seed29,8,1e-06,0.0016817922359020849,0.0016817928305074296,5.946053447791061e-10,0.8408961179510424,0.8408964152537148,0.8408964152537145,3.5355445302719864e-07,1.0000000000472506e-06,0.0,binary64 feasible candidate and full-set analytic upper
d1_real_seed43,0,0.01,0.16758362463977836,0.16817928305074298,0.0005956584109646224,0.8379181231988917,0.8408964152537148,0.8408964152537145,0.0035418061021513557,0.009999999999979912,0.0,binary64 feasible candidate and full-set analytic upper
d1_real_seed43,1,0.0031622776601683794,0.09446836459885047,0.09457416090031762,0.00010579630146714813,0.8399557383309283,0.8408964152537148,0.8408964152537145,0.001118659689496226,0.003162277660162155,2.220446049250313e-16,binary64 feasible candidate and full-set analytic upper
d1_real_seed43,2,0.001,0.053164152628820655,0.053182958969449905,1.8806340629250184e-05,0.8405990608995079,0.8408964152537148,0.8408964152537145,0.00035361591369957075,0.0009999999999980723,1.1102230246251565e-16,binary64 feasible candidate and full-set analytic upper
d1_real_seed43,3,0.00031622776601683794,0.029903631735930122,0.029906975624424424,3.3438884943018388e-06,0.8408023949193562,0.8408964152537148,0.8408964152537145,0.00011180965057388079,0.00031622776601629546,2.220446049250313e-16,binary64 feasible candidate and full-set analytic upper
d1_real_seed43,4,0.0001,0.01681733369098839,0.0168179283050743,5.946140859101889e-07,0.8408666845494194,0.8408964152537148,0.8408964152537145,3.535596508180795e-05,9.999999999983304e-05,0.0,binary64 feasible candidate and full-set analytic upper
d1_real_seed43,5,3.1622776601683795e-05,0.009457310352304859,0.009457416090031761,1.0573772690238015e-07,0.840887013692584,0.8408964152537148,0.8408964152537145,1.118040338851815e-05,3.162277660164019e-05,2.220446049250313e-16,binary64 feasible candidate and full-set analytic upper
d1_real_seed43,6,1e-05,0.005318277093890964,0.00531829589694499,1.8803054026121646e-08,0.8408934422298303,0.8408964152537148,0.8408964152537145,3.5355411561513335e-06,1.0000000000133432e-05,2.220446049250313e-16,binary64 feasible candidate and full-set analytic upper
d1_real_seed43,7,3.162277660168379e-06,0.0029906942187360548,0.002990697562442442,3.3437063872918116e-09,0.8408954751015744,0.8408964152537148,0.8408964152537145,1.1180356142379184e-06,3.16227766028641e-06,2.220446049250313e-16,binary64 feasible candidate and full-set analytic upper
d1_real_seed43,8,1e-06,0.0016817922359020842,0.0016817928305074296,5.946053454296274e-10,0.8408961179510421,0.8408964152537148,0.8408964152537145,3.5355445329125566e-07,9.999999999467675e-07,0.0,binary64 feasible candidate and full-set analytic upper
d1_complex_seed17,0,0.01,0.16758362463977838,0.16817928305074306,0.0005956584109646779,0.8379181231988919,0.8408964152537153,0.8408964152537148,0.0035418061021514863,0.009999999999980006,0.0,binary64 feasible candidate and full-set analytic upper
d1_complex_seed17,1,0.0031622776601683794,0.09446836459885052,0.09457416090031767,0.00010579630146714813,0.8399557383309288,0.8408964152537153,0.8408964152537148,0.0011186596894959618,0.0031622776601621383,2.220446049250313e-16,binary64 feasible candidate and full-set analytic upper
d1_complex_seed17,2,0.001,0.05316415262882068,0.05318295896944993,1.8806340629250184e-05,0.8405990608995083,0.8408964152537153,0.8408964152537148,0.0003536159136994386,0.0009999999999980174,0.0,binary64 feasible candidate and full-set analytic upper
d1_complex_seed17,3,0.00031622776601683794,0.029903631735930133,0.029906975624424438,3.3438884943053082e-06,0.8408023949193564,0.8408964152537153,0.8408964152537148,0.00011180965057401278,0.0003162277660163455,2.220446049250313e-16,binary64 feasible candidate and full-set analytic upper
d1_complex_seed17,4,0.0001,0.0168173336909884,0.016817928305074305,5.946140859067195e-07,0.8408666845494199,0.8408964152537153,0.8408964152537148,3.535596508154388e-05,9.9999999999833e-05,0.0,binary64 feasible candidate and full-set analytic upper
d1_complex_seed17,5,3.1622776601683795e-05,0.009457310352304864,0.009457416090031767,1.0573772690238015e-07,0.8408870136925846,0.8408964152537153,0.8408964152537148,1.118040338825409e-05,3.162277660162278e-05,0.0,binary64 feasible candidate and full-set analytic upper
d1_complex_seed17,6,1e-05,0.005318277093890967,0.005318295896944994,1.8803054026989008e-08,0.8408934422298308,0.8408964152537153,0.8408964152537148,3.5355411560193035e-06,1.0000000000066659e-05,1.1102230246251565e-16,binary64 feasible candidate and full-set analytic upper
d1_complex_seed17,7,3.162277660168379e-06,0.002990694218736056,0.002990697562442444,3.3437063877254924e-09,0.8408954751015748,0.8408964152537153,0.8408964152537148,1.1180356141058894e-06,3.162277660294008e-06,2.220446049250313e-16,binary64 feasible candidate and full-set analytic upper
d1_complex_seed17,8,1e-06,0.0016817922359020849,0.0016817928305074305,5.946053456464678e-10,0.8408961179510424,0.8408964152537153,0.8408964152537148,3.53554453423284e-07,1.000000000073755e-06,2.220446049250313e-16,binary64 feasible candidate and full-set analytic upper
d1_complex_seed29,0,0.01,0.16758362463977833,0.16817928305074303,0.0005956584109647056,0.8379181231988916,0.8408964152537151,0.8408964152537146,0.0035418061021516194,0.009999999999979976,0.0,binary64 feasible candidate and full-set analytic upper
d1_complex_seed29,1,0.0031622776601683794,0.09446836459885047,0.09457416090031764,0.00010579630146717589,0.8399557383309283,0.8408964152537151,0.8408964152537146,0.0011186596894963582,0.0031622776601620815,1.1102230246251565e-16,binary64 feasible candidate and full-set analytic upper
d1_complex_seed29,2,0.001,0.05316415262882067,0.05318295896944992,1.8806340629250184e-05,0.8405990608995081,0.8408964152537151,0.8408964152537146,0.0003536159136994387,0.0009999999999980352,1.1102230246251565e-16,binary64 feasible candidate and full-set analytic upper
d1_complex_seed29,3,0.00031622776601683794,0.029903631735930122,0.02990697562442443,3.3438884943087777e-06,0.8408023949193562,0.8408964152537151,0.8408964152537146,0.0001118096505740128,0.00031622776601631275,1.1102230246251565e-16,binary64 feasible candidate and full-set analytic upper
d1_complex_seed29,4,0.0001,0.016817333690988392,0.016817928305074302,5.946140859101889e-07,0.8408666845494196,0.8408964152537151,0.8408964152537146,3.5355965081675913e-05,9.999999999982404e-05,0.0,binary64 feasible candidate and full-set analytic upper
d1_complex_seed29,5,3.1622776601683795e-05,0.00945731035230486,0.009457416090031765,1.0573772690411487e-07,0.8408870136925842,0.8408964152537151,0.8408964152537146,1.118040338838612e-05,3.162277660157533e-05,0.0,binary64 feasible candidate and full-set analytic upper
d1_complex_seed29,6,1e-05,0.005318277093890965,0.005318295896944992,1.8803054026989008e-08,0.8408934422298304,0.8408964152537151,0.8408964152537146,3.535541156151333e-06,1.0000000000013992e-05,2.220446049250313e-16,binary64 feasible candidate and full-set analytic upper
d1_complex_seed29,7,3.162277660168379e-06,0.0029906942187360556,0.002990697562442443,3.3437063872918116e-09,0.8408954751015747,0.8408964152537151,0.8408964152537146,1.1180356139738611e-06,3.1622776601865493e-06,0.0,binary64 feasible candidate and full-set analytic upper
d1_complex_seed29,8,1e-06,0.0016817922359020844,0.00168179283050743,5.946053456464678e-10,0.8408961179510422,0.8408964152537151,0.8408964152537146,3.535544532912556e-07,9.999999999516272e-07,0.0,binary64 feasible candidate and full-set analytic upper
d1_complex_seed43,0,0.01,0.1675836246397784,0.16817928305074303,0.0005956584109646224,0.837918123198892,0.8408964152537151,0.8408964152537146,0.003541806102151091,0.009999999999979959,4.440892098500626e-16,binary64 feasible candidate and full-set analytic upper
d1_complex_seed43,1,0.0031622776601683794,0.09446836459885054,0.09457416090031764,0.0001057963014671065,0.839955738330929,0.8408964152537151,0.8408964152537146,0.0011186596894955658,0.0031622776601620438,2.220446049250313e-16,binary64 feasible candidate and full-set analytic upper
d1_complex_seed43,2,0.001,0.05316415262882069,0.05318295896944992,1.8806340629229368e-05,0.8405990608995084,0.8408964152537151,0.8408964152537146,0.0003536159136990426,0.0009999999999980187,0.0,binary64 feasible candidate and full-set analytic upper
d1_complex_seed43,3,0.00031622776601683794,0.029903631735930136,0.02990697562442443,3.3438884942949e-06,0.8408023949193565,0.8408964152537151,0.8408964152537146,0.00011180965057361672,0.0003162277660162622,0.0,binary64 feasible candidate and full-set analytic upper
d1_complex_seed43,4,0.0001,0.0168173336909884,0.016817928305074302,5.9461408590325e-07,0.8408666845494199,0.8408964152537151,0.8408964152537146,3.5355965081279834e-05,9.999999999967072e-05,2.220446049250313e-16,binary64 feasible candidate and full-set analytic upper
d1_complex_seed43,5,3.1622776601683795e-05,0.009457310352304864,0.009457416090031765,1.0573772690064542e-07,0.8408870136925846,0.8408964152537151,0.8408964152537146,1.1180403387990035e-05,3.162277660152284e-05,2.220446049250313e-16,binary64 feasible candidate and full-set analytic upper
d1_complex_seed43,6,1e-05,0.005318277093890966,0.005318295896944992,1.8803054026121646e-08,0.8408934422298305,0.8408964152537151,0.8408964152537146,3.5355411560193044e-06,9.999999999928825e-06,2.220446049250313e-16,binary64 feasible candidate and full-set analytic upper
d1_complex_seed43,7,3.162277660168379e-06,0.0029906942187360565,0.002990697562442443,3.34370638642445e-09,0.8408954751015749,0.8408964152537151,0.8408964152537146,1.1180356137098041e-06,3.1622776601687485e-06,0.0,binary64 feasible candidate and full-set analytic upper
d1_complex_seed43,8,1e-06,0.001681792235902085,0.00168179283050743,5.946053449959465e-10,0.8408961179510425,0.8408964152537151,0.8408964152537146,3.535544530271986e-07,9.999999999410657e-07,2.220446049250313e-16,binary64 feasible candidate and full-set analytic upper
d2_real_seed17,0,0.01,0.18673015139900118,0.18756025626873404,0.0008301048697328672,0.9336507569950059,0.9378012813436701,0.9378012813430328,0.004425803665018323,0.009999999999979936,2.220446049250313e-16,binary64 feasible candidate and full-set analytic upper
d2_real_seed17,1,0.0031622776601683794,0.10532549089668783,0.10547288306320138,0.00014739216651354914,0.9364907590691097,0.9378012813436701,0.9378012813430328,0.001397441334315754,0.003162277660161964,2.220446049250313e-16,binary64 feasible candidate and full-set analytic upper
d2_real_seed17,2,0.001,0.05928556291583717,0.05931176083340738,2.6197917570212892e-05,0.9373870558962941,0.9378012813436701,0.9378012813430328,0.0004416985292933496,0.0009999999999979877,1.1102230246251565e-16,binary64 feasible candidate and full-set analytic upper
d2_real_seed17,3,0.00031622776601683794,0.033348796168267546,0.033353454186431354,4.658018163808397e-06,0.9376703115383203,0.9378012813436701,0.9378012813430328,0.00013965624415114547,0.0003162277660163181,4.440892098500626e-16,binary64 feasible candidate and full-set analytic upper
d2_real_seed17,4,0.0001,0.018755197340624058,0.018756025626873403,8.282862493450005e-07,0.9377598670312028,0.9378012813436701,0.9378012813430328,4.416107405036049e-05,9.999999999976163e-05,2.220446049250313e-16,binary64 feasible candidate and full-set analytic upper
d2_real_seed17,5,3.1622776601683795e-05,0.0105471410160936,0.010547288306320138,1.4729022653793555e-07,0.9377881851848126,0.9378012813436701,0.9378012813430328,1.3964747629103066e-05,3.162277660163717e-05,2.220446049250313e-16,binary64 feasible candidate and full-set analytic upper
d2_real_seed17,6,1e-05,0.005931149891141262,0.005931176083340739,2.6192199477012568e-08,0.9377971399933063,0.9378012813436701,0.9378012813430328,4.416020546007569e-06,9.999999999860662e-06,0.0,binary64 feasible candidate and full-set analytic upper
d2_real_seed17,7,3.162277660168379e-06,0.003335340760941433,0.003335345418643135,4.6577017017573885e-09,0.9377999717345964,0.9378012813436701,0.9378012813430328,1.3964668874052309e-06,3.162277660106687e-06,1.1102230246251565e-16,binary64 feasible candidate and full-set analytic upper
d2_real_seed17,8,1e-06,0.0018756017344160776,0.0018756025626873404,8.282712627739885e-10,0.9378008672080388,0.9378012813436701,0.9378012813430328,4.416020773308197e-07,1.0000000000008275e-06,1.1102230246251565e-16,binary64 feasible candidate and full-set analytic upper
d2_real_seed29,0,0.01,0.18451597355667007,0.1853195484991547,0.0008035749424846195,0.9225798677833503,0.9265977424957734,0.9265977424957618,0.004336158537996673,0.009999999999979936,0.0,binary64 feasible candidate and full-set analytic upper
d2_real_seed29,1,0.0031622776601683794,0.10407015454227574,0.10421284048669181,0.00014268594441607663,0.9253290651104881,0.9265977424957734,0.9265977424957618,0.0013691781526000216,0.003162277660161879,2.220446049250313e-16,binary64 feasible candidate and full-set analytic upper
d2_real_seed29,2,0.001,0.05857782515596791,0.05860318682113674,2.536166516882432e-05,0.9261967393598333,0.9265977424957734,0.9265977424957618,0.00043276938582692017,0.000999999999997923,0.0,binary64 feasible candidate and full-set analytic upper
d2_real_seed29,3,0.00031622776601683794,0.032950484392038494,0.032954993737375635,4.509345337140591e-06,0.926470952934142,0.9265977424957734,0.9265977424957618,0.0001368334454153952,0.0003162277660163916,3.3306690738754696e-16,binary64 feasible candidate and full-set analytic upper
d2_real_seed29,4,0.0001,0.018531152999821148,0.018531954849915468,8.018500943195173e-07,0.9265576499910574,0.9265977424957734,0.9265977424957618,4.3268511097807204e-05,9.999999999981291e-05,1.1102230246251565e-16,binary64 feasible candidate and full-set analytic upper
d2_real_seed29,5,3.1622776601683795e-05,0.010421141459420068,0.010421284048669181,1.425892491128955e-07,0.9265850643194838,0.9265977424957734,0.9265977424957618,1.3682502877437002e-05,3.1622776601626136e-05,1.1102230246251565e-16,binary64 feasible candidate and full-set analytic upper
d2_real_seed29,6,1e-05,0.005860293325875653,0.0058603186821136735,2.5356238020704525e-08,0.9265937333225215,0.9265977424957734,0.9265977424957618,4.326767761686869e-06,9.999999999762716e-06,0.0,binary64 feasible candidate and full-set analytic upper
d2_real_seed29,7,3.162277660168379e-06,0.003295494864694353,0.0032954993737375634,4.509043210424585e-09,0.9265964746851063,0.9265977424957734,0.9265977424957618,1.3682427630827804e-06,3.16227766002435e-06,0.0,binary64 feasible candidate and full-set analytic upper
d2_real_seed29,8,1e-06,0.0018531946831567684,0.001853195484991547,8.018347784789076e-10,0.9265973415783841,0.9265977424957734,0.9265977424957618,4.3267683401640786e-07,1.0000000000587275e-06,1.1102230246251565e-16,binary64 feasible candidate and full-set analytic upper
d2_real_seed43,0,0.01,0.18717952228057422,0.18801477295726157,0.0008352506766873546,0.9358976114028711,0.9400738647863078,0.9400738647755452,0.004442473649314001,0.009999999999980165,3.3306690738754696e-16,binary64 feasible candidate and full-set analytic upper
d2_real_seed43,1,0.0031622776601683794,0.10558017158003755,0.10572847658014908,0.00014830500011153713,0.938755226145787,0.9400738647863078,0.9400738647755452,0.0014026968296507963,0.0031622776601619965,0.0,binary64 feasible candidate and full-set analytic upper
d2_real_seed43,2,0.001,0.0594291315101271,0.05945549163043781,2.636012031070889e-05,0.9396570746884183,0.9400738647863078,0.9400738647755452,0.00044335887076961877,0.0009999999999981458,2.220446049250313e-16,binary64 feasible candidate and full-set analytic upper
d2_real_seed43,3,0.00031622776601683794,0.03342959309773265,0.033434279953304114,4.686855571464643e-06,0.9399420841576561,0.9400738647863078,0.9400738647755452,0.00014018113132053015,0.00031622776601621214,1.1102230246251565e-16,binary64 feasible candidate and full-set analytic upper
d2_real_seed43,4,0.0001,0.018800643881635923,0.018801477295726156,8.3341409023302e-07,0.9400321940817962,0.9400738647863078,0.9400738647755452,4.432704206599901e-05,9.99999999996899e-05,1.1102230246251565e-16,binary64 feasible candidate and full-set analytic upper
d2_real_seed43,5,3.1622776601683795e-05,0.010572699455859279,0.010572847658014908,1.4820215562920402e-07,0.9400606875442139,0.9400738647863078,0.9400738647755452,1.4017229735946922e-05,3.162277660151707e-05,1.1102230246251565e-16,binary64 feasible candidate and full-set analytic upper
d2_real_seed43,6,1e-05,0.005945522808635283,0.005945549163043782,2.63544084992684e-08,0.9400696977884456,0.9400738647863078,0.9400738647755452,4.432616686552944e-06,9.999999999896817e-06,1.1102230246251565e-16,binary64 feasible candidate and full-set analytic upper
d2_real_seed43,7,3.162277660168379e-06,0.0033434233087588534,0.003343427995330411,4.686571557482172e-09,0.9400725470598776,0.9400738647863078,0.9400738647755452,1.401715032143834e-06,3.1622776601458773e-06,1.1102230246251565e-16,binary64 feasible candidate and full-set analytic upper
d2_real_seed43,8,1e-06,0.0018801468961536403,0.0018801477295726156,8.334189753253507e-10,0.9400734480768201,0.9400738647863078,0.9400738647755452,4.432616847404534e-07,1.0000000000148993e-06,1.1102230246251565e-16,binary64 feasible candidate and full-set analytic upper
d2_complex_seed17,0,0.01,0.18304385749351387,0.1838284251387243,0.0007845676452104267,0.9152192874675693,0.9191421256936214,0.9191421256934122,0.004267934322870363,0.00999999999997994,2.220446049250313e-16,binary64 feasible candidate and full-set analytic upper
d2_complex_seed17,1,0.0031622776601683794,0.10323500600348967,0.1033743202001651,0.00013931419667542744,0.9179034278562512,0.9191421256936214,0.9191421256934122,0.0013476673547374721,0.003162277660162014,2.220446049250313e-16,binary64 feasible candidate and full-set analytic upper
d2_complex_seed17,2,0.001,0.0581068896746514,0.05813165221201231,2.476253736091033e-05,0.918750595600094,0.9191421256936214,0.9191421256934122,0.00042597339668540995,0.0009999999999980819,4.440892098500626e-16,binary64 feasible candidate and full-set analytic upper
d2_complex_seed17,3,0.00031622776601683794,0.032685427510730336,0.03268983034040749,4.402829677153941e-06,0.9190183310398594,0.9191421256936214,0.9191421256934122,0.0001346849960330576,0.00031622776601625626,3.3306690738754696e-16,binary64 feasible candidate and full-set analytic upper
d2_complex_seed17,4,0.0001,0.018382059603774717,0.018382842513872427,7.829100977102543e-07,0.9191029801887358,0.9191421256936214,0.9191421256934122,4.258917482092131e-05,9.999999999983147e-05,3.3306690738754696e-16,binary64 feasible candidate and full-set analytic upper
d2_complex_seed17,5,3.1622776601683795e-05,0.01033729279874437,0.01033743202001651,1.39221272139195e-07,0.9191297469775372,0.9191421256936214,0.9191421256934122,1.346768419048016e-05,3.162277660169229e-05,4.440892098500626e-16,binary64 feasible candidate and full-set analytic upper
d2_complex_seed17,6,1e-05,0.005813140463878177,0.005813165221201231,2.4757323054472313e-08,0.9191382112171403,0.9191421256936214,0.9191421256934122,4.258836759278577e-06,1.0000000000023106e-05,2.220446049250313e-16,binary64 feasible candidate and full-set analytic upper
d2_complex_seed17,7,3.162277660168379e-06,0.003268978631500632,0.003268983034040749,4.402540117187659e-09,0.9191408878284996,0.9191421256936214,0.9191421256934122,1.3467611570413375e-06,3.1622776601323888e-06,2.220446049250313e-16,binary64 feasible candidate and full-set analytic upper
d2_complex_seed17,8,1e-06,0.0018382834684914158,0.0018382842513872428,7.828958269433944e-10,0.9191417342457079,0.9191421256936214,0.9191421256934122,4.258837598883251e-07,1.0000000000879152e-06,3.3306690738754696e-16,binary64 feasible candidate and full-set analytic upper
d2_complex_seed29,0,0.01,0.18633650730074836,0.18716204455155916,0.0008255372508108039,0.9316825365037418,0.9358102227577958,0.9358102225218732,0.004410815268728191,0.009999999999980051,0.0,binary64 feasible candidate and full-set analytic upper
d2_complex_seed29,1,0.0031622776601683794,0.10510237023897964,0.10524895215845893,0.0001465819194792911,0.9345069047113257,0.9358102227577958,0.9358102225218732,0.001392715936608638,0.0031622776601619657,2.220446049250313e-16,binary64 feasible candidate and full-set analytic upper
d2_complex_seed29,2,0.001,0.05915978127748015,0.05918583523168344,2.6053954203290874e-05,0.9353982735711152,0.9358102227577958,0.9358102225218732,0.0004402056537145751,0.0009999999999979337,2.220446049250313e-16,binary64 feasible candidate and full-set analytic upper
d2_complex_seed29,3,0.00031622776601683794,0.033278008587273755,0.033282641016682525,4.6324294087699e-06,0.9356799724331669,0.9358102227577958,0.9358102225218732,0.00013918429781121415,0.000316227766016169,2.220446049250313e-16,binary64 feasible candidate and full-set analytic upper
d2_complex_seed29,4,0.0001,0.018715380715734323,0.018716204455155917,8.237394215938887e-07,0.9357690357867161,0.9358102227577958,0.9358102225218732,4.4011845741629564e-05,9.999999999976598e-05,0.0,binary64 feasible candidate and full-set analytic upper
d2_complex_seed29,5,3.1622776601683795e-05,0.01052474873234329,0.010524895215845893,1.4648350260201837e-07,0.9357971983279664,0.9358102227577958,0.9358102225218732,1.391755891670998e-05,3.162277660160434e-05,0.0,binary64 feasible candidate and full-set analytic upper
d2_complex_seed29,6,1e-05,0.0059185574734083235,0.005918583523168344,2.6049760020949164e-08,0.9358061039290874,0.9358102227577958,0.9358102225218732,4.401098306790045e-06,9.999999999894162e-06,2.220446049250313e-16,binary64 feasible candidate and full-set analytic upper
d2_complex_seed29,7,3.162277660168379e-06,0.003328259468724023,0.003328264101668252,4.63294422877597e-09,0.9358089201097972,0.9358102227577958,0.9358102225218732,1.3917480752191962e-06,3.1622776601839807e-06,0.0,binary64 feasible candidate and full-set analytic upper
d2_complex_seed29,8,1e-06,0.0018716196213251365,0.0018716204455155917,8.241904552504925e-10,0.9358098106625682,0.9358102227577958,0.9358102225218732,4.4010985890289557e-07,9.99999999942456e-07,2.220446049250313e-16,binary64 feasible candidate and full-set analytic upper
d2_complex_seed43,0,0.01,0.18303188945443555,0.18381629696466056,0.0007844075102250159,0.9151594472721777,0.9190814848233028,0.9190814848231138,0.004267344752017232,0.009999999999980089,1.1102230246251565e-16,binary64 feasible candidate and full-set analytic upper
d2_complex_seed43,1,0.0031622776601683794,0.10322821423669103,0.10336750002668996,0.00013928578999893027,0.9178430395609722,0.9190814848233028,0.9190814848231138,0.0013474814612111504,0.0031622776601621418,1.1102230246251565e-16,binary64 feasible candidate and full-set analytic upper
d2_complex_seed43,2,0.001,0.05810305945685908,0.05812781694662227,2.4757489763195528e-05,0.9186900345393028,0.9190814848233028,0.9190814848231138,0.0004259146661913052,0.000999999999997969,1.1102230246251565e-16,binary64 feasible candidate and full-set analytic upper
d2_complex_seed43,3,0.00031622776601683794,0.03268327167989369,0.0326876736121856,4.401932291911437e-06,0.9189577154013812,0.9190814848233028,0.9190814848231138,0.00013466642923011906,0.00031622776601624727,2.220446049250313e-16,binary64 feasible candidate and full-set analytic upper
d2_complex_seed43,4,0.0001,0.018380846945936478,0.018381629696466055,7.827505295772419e-07,0.9190423472968239,0.9190814848233028,0.9190814848231138,4.258330402277155e-05,9.999999999974276e-05,2.220446049250313e-16,binary64 feasible candidate and full-set analytic upper
d2_complex_seed43,5,3.1622776601683795e-05,0.010336610809771996,0.010336750002668996,1.3919289700015103e-07,0.9190691086301648,0.9190814848233028,0.9190814848231138,1.3465827734967562e-05,3.162277660158249e-05,0.0,binary64 feasible candidate and full-set analytic upper
d2_complex_seed43,6,1e-05,0.005812756942385116,0.005812781694662227,2.4752277111642074e-08,0.9190775711446553,0.9190814848233028,0.9190814848231138,4.258249701643002e-06,1.0000000000079554e-05,0.0,binary64 feasible candidate and full-set analytic upper
d2_complex_seed43,7,3.162277660168379e-06,0.0032687629595758,0.00326876736121856,4.4016427599123664e-09,0.9190802472104914,0.9190814848233028,0.9190814848231138,1.3465755135114298e-06,3.162277660133694e-06,1.1102230246251565e-16,binary64 feasible candidate and full-set analytic upper
d2_complex_seed43,8,1e-06,0.0018381621869103817,0.0018381629696466056,7.827362239268276e-10,0.9190810934551908,0.9190814848233028,0.9190814848231138,4.2582505405782906e-07,1.000000000001333e-06,1.1102230246251565e-16,binary64 feasible candidate and full-set analytic upper
d3_real_seed17,0,0.01,0.19153133921117993,0.19242598671996392,0.0008946475087839856,0.9576566960558996,0.9621299335998195,0.9621299335997475,0.004649307112929688,0.009999999999979942,0.0,binary64 feasible candidate and full-set analytic upper
d3_real_seed17,1,0.0031622776601683794,0.10805024430490277,0.10820908437316501,0.0001588400682622365,0.9607176234854199,0.9621299335998195,0.9621299335997475,0.0014678995684538811,0.00316227766016213,3.3306690738754696e-16,binary64 feasible candidate and full-set analytic upper
d3_real_seed17,2,0.001,0.06082220788377196,0.060850439904039905,2.8232020267943136e-05,0.9616835461648459,0.9621299335998195,0.9621299335997475,0.0004639575376597346,0.0009999999999980534,0.0,binary64 feasible candidate and full-set analytic upper
d3_real_seed17,3,0.00031622776601683794,0.0342136973684563,0.034218717014053504,5.019645597202638e-06,0.9619887958919637,0.9621299335998195,0.9621299335997475,0.0001466929807034812,0.0003162277660162248,2.220446049250313e-16,binary64 feasible candidate and full-set analytic upper
d3_real_seed17,4,0.0001,0.019241706083510814,0.01924259867199639,8.925884855751076e-07,0.9620853041755406,0.9621299335998195,0.9621299335997475,4.6386067669604606e-05,9.999999999987861e-05,0.0,binary64 feasible candidate and full-set analytic upper
d3_real_seed17,5,3.1622776601683795e-05,0.01082074971265325,0.010820908437316501,1.5872466325138335e-07,0.9621158207597932,0.9621299335998195,0.9621299335997475,1.4668330608462193e-05,3.1622776601734556e-05,2.220446049250313e-16,binary64 feasible candidate and full-set analytic upper
d3_real_seed17,6,1e-05,0.006085015764861016,0.006085043990403991,2.8225542974928686e-08,0.9621254707496196,0.9621299335998195,0.9621299335997475,4.638510841459751e-06,9.999999999869166e-06,2.220446049250313e-16,binary64 feasible candidate and full-set analytic upper
d3_real_seed17,7,3.162277660168379e-06,0.003421866682120604,0.0034218717014053495,5.019284745645669e-09,0.9621285223242018,0.9621299335998195,0.9621299335997475,1.4668242785871932e-06,3.1622776601060316e-06,1.1102230246251565e-16,binary64 feasible candidate and full-set analytic upper
d3_real_seed17,8,1e-06,0.001924258974629601,0.001924259867199639,8.925700378456525e-10,0.9621294873148005,0.9621299335998195,0.9621299335997475,4.638510157645495e-07,1.0000000000472807e-06,1.1102230246251565e-16,binary64 feasible candidate and full-set analytic upper
d3_real_seed29,0,0.01,0.1926191377040373,0.19352908902183752,0.0009099513178002228,0.9630956885201865,0.9676454451091876,0.9676454438198832,0.004701882625247589,0.009999999999979872,0.0,binary64 feasible candidate and full-set analytic upper
d3_real_seed29,1,0.0031622776601683794,0.10866785002048847,0.10882940438342116,0.0001615543629326921,0.9662090011231619,0.9676454451091876,0.9676454438198832,0.001484472133771192,0.00316227766016209,2.220446049250313e-16,binary64 feasible candidate and full-set analytic upper
d3_real_seed29,2,0.001,0.06117055713245617,0.06119927148064943,2.8714348193258077e-05,0.9671914314000984,0.9676454451091876,0.9676454438198832,0.0004691929494262365,0.0009999999999979433,0.0,binary64 feasible candidate and full-set analytic upper
d3_real_seed29,3,0.00031622776601683794,0.03440977399952777,0.034414879425112344,5.105425584572831e-06,0.9675018955197432,0.9676454451091876,0.9676454438198832,0.00014834803497166236,0.000316227766016172,2.220446049250313e-16,binary64 feasible candidate and full-set analytic upper
d3_real_seed29,4,0.0001,0.01935200104326714,0.019352908902183753,9.078589166128248e-07,0.967600052163357,0.9676454451091876,0.9676454438198832,4.6909388987544975e-05,9.999999999972627e-05,1.1102230246251565e-16,binary64 feasible candidate and full-set analytic upper
d3_real_seed29,5,3.1622776601683795e-05,0.010882778988326836,0.010882940438342115,1.6145001527877179e-07,0.9676310899472915,0.9676454451091876,0.9676454438198832,1.483381406206919e-05,3.1622776601802183e-05,4.440892098500626e-16,binary64 feasible candidate and full-set analytic upper
d3_real_seed29,6,1e-05,0.006119898432306887,0.006119927148064944,2.871575805699772e-08,0.9676409047491777,0.9676454451091876,0.9676454438198832,4.690840776858446e-06,9.999999999980578e-06,2.220446049250313e-16,binary64 feasible candidate and full-set analytic upper
d3_real_seed29,7,3.162277660168379e-06,0.0034414828329175067,0.003441487942511234,5.109593727292694e-09,0.9676440084413337,0.9676454451091876,0.9676454438198832,1.4833724052865057e-06,3.1622776603662317e-06,2.220446049250313e-16,binary64 feasible candidate and full-set analytic upper
d3_real_seed29,8,1e-06,0.0019352899798257982,0.0019352908902183752,9.103925770800186e-10,0.967644989912899,0.9676454451091876,0.9676454438198832,4.6908398836504735e-07,1.0000000000853425e-06,2.220446049250313e-16,binary64 feasible candidate and full-set analytic upper
d3_real_seed43,0,0.01,0.18893929520311162,0.1898005203962831,0.0008612251931714721,0.9446964760155581,0.9490026019814154,0.9490026003101504,0.004537526338900443,0.009999999999979916,0.0,binary64 feasible candidate and full-set analytic upper
d3_real_seed43,1,0.0031622776601683794,0.1065797640551507,0.10673267616146372,0.000152912106313019,0.9476429997304048,0.9490026019814154,0.9490026003101504,0.001432662649503026,0.0031622776601619726,2.220446049250313e-16,binary64 feasible candidate and full-set analytic upper
d3_real_seed43,2,0.001,0.05999301576129957,0.06002019455374988,2.7178792450309464e-05,0.9485728675404356,0.9490026019814154,0.9490026003101504,0.0004528257030848639,0.0009999999999980172,1.1102230246251565e-16,binary64 feasible candidate and full-set analytic upper
d3_real_seed43,3,0.00031622776601683794,0.033747003302518994,0.03375183574353828,4.832441019286815e-06,0.9488667279170808,0.9490026019814154,0.9490026003101504,0.00014317388911806226,0.0003162277660162169,2.220446049250313e-16,binary64 feasible candidate and full-set analytic upper
d3_real_seed43,4,0.0001,0.018979192715789062,0.01898005203962831,8.593238392459734e-07,0.9489596357894531,0.9490026019814154,0.9490026003101504,4.5273343490582364e-05,9.999999999985663e-05,1.1102230246251565e-16,binary64 feasible candidate and full-set analytic upper
d3_real_seed43,5,3.1622776601683795e-05,0.010673114793862824,0.01067326761614637,1.5282228354659977e-07,0.948989013945404,0.9490026019814154,0.9490026003101504,1.4316467354160935e-05,3.162277660155177e-05,2.220446049250313e-16,binary64 feasible candidate and full-set analytic upper
d3_real_seed43,6,1e-05,0.006001992272204384,0.0060020194553749885,2.718317060421832e-08,0.9489983039447587,0.9490026019814154,0.9490026003101504,4.5272430131086876e-06,9.999999999831563e-06,0.0,binary64 feasible candidate and full-set analytic upper
d3_real_seed43,7,3.162277660168379e-06,0.003375178736367431,0.003375183574353828,4.8379863969161274e-09,0.9490012416815745,0.9490026019814154,0.9490026003101504,1.431638412182286e-06,3.1622776602833893e-06,3.3306690738754696e-16,binary64 feasible candidate and full-set analytic upper
d3_real_seed43,8,1e-06,0.0018980043413472647,0.001898005203962831,8.626155662168344e-10,0.9490021706736324,0.9490026019814154,0.9490026003101504,4.5272427903627604e-07,9.999999998755914e-07,2.220446049250313e-16,binary64 feasible candidate and full-set analytic upper
d3_complex_seed17,0,0.01,0.19136163437318135,0.19225456889438336,0.0008929345212020101,0.9568081718659067,0.9612728444719167,0.9612728444061684,0.004644542458722843,0.009999999999980037,2.220446049250313e-16,binary64 feasible candidate and full-set analytic upper
d3_complex_seed17,1,0.0031622776601683794,0.10795415284537059,0.1081126890459668,0.0001585362005962071,0.9598632361655866,0.9612728444719167,0.9612728444061684,0.0014663976505574622,0.003162277660162034,2.220446049250313e-16,binary64 feasible candidate and full-set analytic upper
d3_complex_seed17,2,0.001,0.06076805479943314,0.060796232828001104,2.8178028567964197e-05,0.9608273107206765,0.9612728444719167,0.9612728444061684,0.0004634830663162755,0.0009999999999978394,2.220446049250313e-16,binary64 feasible candidate and full-set analytic upper
d3_complex_seed17,3,0.00031622776601683794,0.03418322408678127,0.03418823413507915,5.0100482978793215e-06,0.9611319766119618,0.9612728444719167,0.9612728444061684,0.00014654298727605867,0.00031622776601614107,2.220446049250313e-16,binary64 feasible candidate and full-set analytic upper
d3_complex_seed17,4,0.0001,0.019224566006591278,0.019225456889438334,8.908828470557961e-07,0.9612283003295639,0.9612728444719167,0.9612728444061684,4.633864033900656e-05,9.999999999979143e-05,2.220446049250313e-16,binary64 feasible candidate and full-set analytic upper
d3_complex_seed17,5,3.1622776601683795e-05,0.010811110482731165,0.01081126890459668,1.5842186551484616e-07,0.9612587585548394,0.9612728444719167,0.9612728444061684,1.4653333245573912e-05,3.162277660170177e-05,3.3306690738754696e-16,binary64 feasible candidate and full-set analytic upper
d3_complex_seed17,6,1e-05,0.006079595110818601,0.006079623282800111,2.817198150976974e-08,0.9612683900905282,0.9612728444719167,0.9612728444061684,4.6337683064114094e-06,9.999999999985107e-06,2.220446049250313e-16,binary64 feasible candidate and full-set analytic upper
d3_complex_seed17,7,3.162277660168379e-06,0.0034188184035881548,0.0034188234135079146,5.009919759862286e-09,0.9612714358294584,0.9612728444719167,0.9612728444061684,1.4653245623715516e-06,3.162277660256063e-06,4.440892098500626e-16,binary64 feasible candidate and full-set analytic upper
d3_complex_seed17,8,1e-06,0.0019225447979493357,0.0019225456889438335,8.909944978000017e-10,0.9612723989746679,0.9612728444719167,0.9612728444061684,4.633767646356918e-07,1.0000000000504617e-06,4.440892098500626e-16,binary64 feasible candidate and full-set analytic upper
d3_complex_seed29,0,0.01,0.19166887699215418,0.19256615661095255,0.0008972796187983745,0.9583443849607709,0.9628307830547628,0.9628307819605284,0.004659590328658005,0.009999999999979978,0.0,binary64 feasible candidate and full-set analytic upper
d3_complex_seed29,1,0.0031622776601683794,0.10812860078795972,0.10828790769541537,0.00015930690745565024,0.961414322087736,0.9628307830547628,0.9628307819605284,0.001471141034677102,0.0031622776601621188,2.220446049250313e-16,binary64 feasible candidate and full-set analytic upper
d3_complex_seed29,2,0.001,0.06086645050398669,0.06089476551553007,2.8315011543378343e-05,0.9623830834125076,0.9628307830547628,0.9628307819605284,0.00046498154858451635,0.0009999999999978021,2.220446049250313e-16,binary64 feasible candidate and full-set analytic upper
d3_complex_seed29,3,0.00031622776601683794,0.03423860871088788,0.034243643137158754,5.034426270873749e-06,0.962689229757726,0.9628307830547628,0.9628307819605284,0.00014701669852536323,0.0003162277660162928,1.1102230246251565e-16,binary64 feasible candidate and full-set analytic upper
d3_complex_seed29,4,0.0001,0.01925572042946031,0.019256615661095256,8.95231634944621e-07,0.9627860214730155,0.9628307830547628,0.9628307819605284,4.648842595347241e-05,9.999999999980219e-05,1.1102230246251565e-16,binary64 feasible candidate and full-set analytic upper
d3_complex_seed29,5,3.1622776601683795e-05,0.010828631566451027,0.010828790769541536,1.592030905092634e-07,0.9628166276758694,0.9628307830547628,0.9628307819605284,1.4700698112482337e-05,3.162277660152641e-05,2.220446049250313e-16,binary64 feasible candidate and full-set analytic upper
d3_complex_seed29,6,1e-05,0.006089448236201257,0.006089476551553007,2.8315351749928774e-08,0.9628263060045488,0.9628307830547628,0.9628307819605284,4.648746242323677e-06,9.999999999958974e-06,3.3306690738754696e-16,binary64 feasible candidate and full-set analytic upper
d3_complex_seed29,7,3.162277660168379e-06,0.003424359275799791,0.003424364313715875,5.037916083871358e-09,0.9628293665405593,0.9628307830547628,0.9628307819605284,1.4700609864565718e-06,3.162277660317185e-06,2.220446049250313e-16,binary64 feasible candidate and full-set analytic upper
d3_complex_seed29,8,1e-06,0.0019256606687300002,0.0019256615661095255,8.973795252893713e-10,0.9628303343650001,0.9628307830547628,0.9628307819605284,4.6487455188799117e-07,1.0000000000741456e-06,2.220446049250313e-16,binary64 feasible candidate and full-set analytic upper
d3_complex_seed43,0,0.01,0.18990461501236575,0.19077895606716053,0.0008743410547947805,0.9495230750618286,0.9538947803358026,0.9538947793630841,0.004583004746261878,0.009999999999980025,2.220446049250313e-16,binary64 feasible candidate and full-set analytic upper
d3_complex_seed43,1,0.0031622776601683794,0.10712765260193764,0.10728289097323844,0.00015523837130079765,0.9525144943391417,0.9538947803358026,0.9538947793630841,0.0014469992433169636,0.0031622776601620654,2.220446049250313e-16,binary64 feasible candidate and full-set analytic upper
d3_complex_seed43,2,0.001,0.06030201098113998,0.06032960308014263,2.7592099002653192e-05,0.9534585109444363,0.9538947803358026,0.9538947793630841,0.0004573548656373207,0.0009999999999978704,4.440892098500626e-16,binary64 feasible candidate and full-set analytic upper
d3_complex_seed43,3,0.00031622776601683794,0.0339209230417916,0.03392582894429518,4.905902503585247e-06,0.9537568407500466,0.9538947803358026,0.9538947793630841,0.00014460569029380778,0.00031622776601626076,2.220446049250313e-16,binary64 feasible candidate and full-set analytic upper
d3_complex_seed43,4,0.0001,0.019077023229991965,0.01907789560671605,8.723767240849389e-07,0.9538511614995983,0.9538947803358026,0.9538947793630841,4.572607422692663e-05,9.999999999980582e-05,2.220446049250313e-16,binary64 feasible candidate and full-set analytic upper
d3_complex_seed43,5,3.1622776601683795e-05,0.01072813395930461,0.010728289097323844,1.5513801923314197e-07,0.9538809863985368,0.9538947803358026,0.9538947793630841,1.4459628929406042e-05,3.1622776601670466e-05,2.220446049250313e-16,binary64 feasible candidate and full-set analytic upper
d3_complex_seed43,6,1e-05,0.006032932716065406,0.006032960308014264,2.7591948857652593e-08,0.9538904176656289,0.9538947803358026,0.9538947793630841,4.572514232780772e-06,9.999999999944081e-06,4.440892098500626e-16,binary64 feasible candidate and full-set analytic upper
d3_complex_seed43,7,3.162277660168379e-06,0.003392577985449882,0.0033925828944295178,4.908979635547678e-09,0.9538934000747458,0.9538947803358026,0.9538947793630841,1.4459543842374205e-06,3.1622776601985403e-06,4.440892098500626e-16,binary64 feasible candidate and full-set analytic upper
d3_complex_seed43,8,1e-06,0.0019077886863867553,0.001907789560671605,8.742848498118072e-10,0.9538943431933776,0.9538947803358026,0.9538947793630841,4.572513823326324e-07,1.0000000000408913e-06,2.220446049250313e-16,binary64 feasible candidate and full-set analytic upper
d4_real_seed17,0,0.01,0.1944171937490068,0.19535218623606782,0.000934992487061026,0.972085968745034,0.976760931180339,0.9767609310796144,0.004786188908490827,0.009999999999980073,0.0,binary64 feasible candidate and full-set analytic upper
d4_real_seed17,1,0.0031622776601683794,0.10968861197146365,0.10985460728682225,0.00016599531535860246,0.9752850009230135,0.976760931180339,0.9767609310796144,0.00151104544585901,0.0031622776601620828,0.0,binary64 feasible candidate and full-set analytic upper
d4_real_seed17,2,0.001,0.061746282087152216,0.061775785439936996,2.9503352784780723e-05,0.9762944422132822,0.976760931180339,0.9767609310796144,0.0004775875564725438,0.000999999999998022,0.0,binary64 feasible candidate and full-set analytic upper
d4_real_seed17,3,0.00031622776601683794,0.03473383138280113,0.03473907704896884,5.245666167712215e-06,0.9766134384371261,0.976760931180339,0.9767609310796144,0.00015100178333835734,0.00031622776601626575,0.0,binary64 feasible candidate and full-set analytic upper
d4_real_seed17,4,0.0001,0.019534285844361964,0.01953521862360678,9.327792448166061e-07,0.9767142922180982,0.976760931180339,0.9767609310796144,4.774849201285518e-05,9.999999999981183e-05,0.0,binary64 feasible candidate and full-set analytic upper
d4_real_seed17,5,3.1622776601683795e-05,0.010985294856395452,0.010985460728682225,1.6587228677221455e-07,0.9767461828167259,0.976760931180339,0.9767609310796144,1.5099153149170655e-05,3.162277660164277e-05,0.0,binary64 feasible candidate and full-set analytic upper
d4_real_seed17,6,1e-05,0.006177549046978928,0.0061775785439936995,2.949701477170108e-08,0.9767562672927963,0.976760931180339,0.9767609310796144,4.77474750440327e-06,9.999999999842739e-06,0.0,binary64 feasible candidate and full-set analytic upper
d4_real_seed17,7,3.162277660168379e-06,0.0034739024592647183,0.0034739077048968844,5.245632166053088e-09,0.9767594562624672,0.976760931180339,0.9767609310796144,1.5099059557536186e-06,3.162277660212176e-06,2.220446049250313e-16,binary64 feasible candidate and full-set analytic upper
d4_real_seed17,8,1e-06,0.001953520929402111,0.0019535218623606783,9.329585671721818e-10,0.9767604647010555,0.976760931180339,0.9767609310796144,4.774746245918318e-07,1.000000000012783e-06,0.0,binary64 feasible candidate and full-set analytic upper
d4_real_seed29,0,0.01,0.19417737032597396,0.19510901102829104,0.000931640702317077,0.9708868516298698,0.9755450551414551,0.9755450549412272,0.004774975064209726,0.009999999999980112,1.1102230246251565e-16,binary64 feasible candidate and full-set analytic upper
d4_real_seed29,1,0.0031622776601683794,0.10955245892230879,0.10971785981822761,0.00016540089591882134,0.9740744101033829,0.9755450551414551,0.9755450549412272,0.0015075109349336157,0.003162277660161997,4.440892098500626e-16,binary64 feasible candidate and full-set analytic upper
d4_real_seed29,2,0.001,0.061669488944317244,0.06169888668723106,2.939774291381425e-05,0.9750802360130765,0.9755450551414551,0.9755450549412272,0.0004764710002848202,0.0009999999999980055,4.440892098500626e-16,binary64 feasible candidate and full-set analytic upper
d4_real_seed29,3,0.00031622776601683794,0.034690606809201795,0.034695833702466705,5.226893264910493e-06,0.9753980902371941,0.9755450551414551,0.9755450549412272,0.00015064881246508425,0.0003162277660162958,3.3306690738754696e-16,binary64 feasible candidate and full-set analytic upper
d4_real_seed29,4,0.0001,0.01950997166028564,0.0195109011028291,9.294425434604181e-07,0.9754985830142819,0.9755450551414551,0.9755450549412272,4.7636884334461036e-05,9.999999999982274e-05,3.3306690738754696e-16,binary64 feasible candidate and full-set analytic upper
d4_real_seed29,5,3.1622776601683795e-05,0.010971620702113521,0.01097178598182276,1.6527970923829738e-07,0.9755303594662632,0.9755450551414551,0.9755450549412272,1.5063860853568588e-05,3.1622776601537686e-05,3.3306690738754696e-16,binary64 feasible candidate and full-set analytic upper
d4_real_seed29,6,1e-05,0.006169859276653974,0.0061698886687231065,2.9392069132716525e-08,0.9755404078472749,0.9755450551414551,0.9755450549412272,4.763587215963728e-06,1.0000000000141923e-05,5.551115123125783e-16,binary64 feasible candidate and full-set analytic upper
d4_real_seed29,7,3.162277660168379e-06,0.003469578143034744,0.00346958337024667,5.227211926327191e-09,0.9755435854028143,0.9755450551414551,0.9755450549412272,1.5063767742081208e-06,3.16227766016821e-06,2.220446049250313e-16,binary64 feasible candidate and full-set analytic upper
d4_real_seed29,8,1e-06,0.0019510891804638995,0.0019510901102829101,9.298190106320908e-10,0.9755445902319497,0.9755450551414551,0.9755450549412272,4.7635860091711875e-07,9.999999999405196e-07,3.3306690738754696e-16,binary64 feasible candidate and full-set analytic upper
d4_real_seed43,0,0.01,0.19471406499748628,0.1956539430898858,0.0009398780923995098,0.9735703249874313,0.9782697154494289,0.9782697153967637,0.0048037778696096625,0.009999999999980011,2.220446049250313e-16,binary64 feasible candidate and full-set analytic upper
d4_real_seed43,1,0.0031622776601683794,0.10985743595899285,0.11002429763588352,0.00016686167689067277,0.9767860820277326,0.9782697154494289,0.9782697153967637,0.0015165892858385018,0.0031622776601620385,1.1102230246251565e-16,binary64 feasible candidate and full-set analytic upper
d4_real_seed43,2,0.001,0.06184155205762898,0.06187120933570012,2.9657278071137938e-05,0.9778007927099001,0.9782697154494289,0.9782697153967637,0.0004793388566397765,0.0009999999999978873,2.220446049250313e-16,binary64 feasible candidate and full-set analytic upper
d4_real_seed43,3,0.00031622776601683794,0.03478746481938015,0.03479273784896711,5.273029586957967e-06,0.9781214533271441,0.9782697154494289,0.9782697153967637,0.00015155541185230936,0.0003162277660161581,2.220446049250313e-16,binary64 feasible candidate and full-set analytic upper
d4_real_seed43,4,0.0001,0.01956445666484921,0.019565394308988578,9.376441393663115e-07,0.9782228332424605,0.9782697154494289,0.9782697153967637,4.7923546610187514e-05,9.99999999998489e-05,2.220446049250313e-16,binary64 feasible candidate and full-set analytic upper
d4_real_seed43,5,3.1622776601683795e-05,0.01100226302658108,0.011002429763588352,1.6673700727228014e-07,0.9782548902000827,0.9782697154494289,0.9782697153967637,1.515450846286562e-05,3.162277660168247e-05,2.220446049250313e-16,binary64 feasible candidate and full-set analytic upper
d4_real_seed43,6,1e-05,0.0061870912829929585,0.006187120933570012,2.9650577053515204e-08,0.9782650272815574,0.9782697154494289,0.9782697153967637,4.792252210692729e-06,9.999999999928908e-06,4.440892098500626e-16,binary64 feasible candidate and full-set analytic upper
d4_real_seed43,7,3.162277660168379e-06,0.0034792685120738276,0.0034792737848967103,5.272822882745193e-09,0.9782682328863251,0.9782697154494289,0.9782697153967637,1.515441411697597e-06,3.1622776601623225e-06,2.220446049250313e-16,binary64 feasible candidate and full-set analytic upper
d4_real_seed43,8,1e-06,0.0019565384931707467,0.0019565394308988576,9.377281108731428e-10,0.9782692465853733,0.9782697154494289,0.9782697153967637,4.792250879246368e-07,1.0000000000896904e-06,2.220446049250313e-16,binary64 feasible candidate and full-set analytic upper
d4_complex_seed17,0,0.01,0.19414893130197564,0.19508009928559758,0.0009311679836219444,0.9707446565098782,0.9754004964279879,0.9754004962293923,0.004773259535454615,0.009999999999980084,1.1102230246251565e-16,binary64 feasible candidate and full-set analytic upper
d4_complex_seed17,1,0.0031622776601683794,0.1095362844824743,0.10970160155052781,0.0001653170680535193,0.97393059673675,0.9754004964279879,0.9754004962293923,0.001506970212055977,0.003162277660162023,2.220446049250313e-16,binary64 feasible candidate and full-set analytic upper
d4_complex_seed17,2,0.001,0.061660361142394426,0.06168974399142746,2.9382849033032787e-05,0.9749359127925415,0.9754004964279879,0.9754004962293923,0.00047630018504878953,0.0009999999999979277,4.440892098500626e-16,binary64 feasible candidate and full-set analytic upper
d4_complex_seed17,3,0.00031622776601683794,0.034685468141378906,0.0346906923867927,5.224245413791573e-06,0.9752536059735324,0.9754004964279879,0.9754004962293923,0.00015059481354349666,0.0003162277660162995,1.1102230246251565e-16,binary64 feasible candidate and full-set analytic upper
d4_complex_seed17,4,0.0001,0.019507080956859133,0.019508009928559757,9.289717006234766e-07,0.9753540478429567,0.9754004964279879,0.9754004962293923,4.761981013459969e-05,9.999999999976358e-05,2.220446049250313e-16,binary64 feasible candidate and full-set analytic upper
d4_complex_seed17,5,3.1622776601683795e-05,0.010969994959082784,0.010970160155052781,1.6519596999706176e-07,0.9753858081983845,0.9754004964279879,0.9754004962293923,1.5058461692988593e-05,3.162277660151832e-05,2.220446049250313e-16,binary64 feasible candidate and full-set analytic upper
d4_complex_seed17,6,1e-05,0.0061689450219717225,0.0061689743991427464,2.9377171023928228e-08,0.9753958514894054,0.9754004964279879,0.9754004962293923,4.761879868631243e-06,9.999999999933966e-06,2.220446049250313e-16,binary64 feasible candidate and full-set analytic upper
d4_complex_seed17,7,3.162277660168379e-06,0.0034690640141206066,0.0034690692386792695,5.224558662867557e-09,0.9753990274353669,0.9754004964279879,0.9754004962293923,1.5058368650450467e-06,3.1622776602378257e-06,0.0,binary64 feasible candidate and full-set analytic upper
d4_complex_seed17,8,1e-06,0.0019508000635110223,0.0019508009928559757,9.29344953423672e-10,0.9754000317555112,0.9754004964279879,0.9754004962293923,4.761878663481007e-07,1.000000000033161e-06,2.220446049250313e-16,binary64 feasible candidate and full-set analytic upper
d4_complex_seed29,0,0.01,0.19391399707365228,0.19484231910049685,0.0009283220268445636,0.9695699853682613,0.9742115955024842,0.9742115837730909,0.0047644664487080084,0.009999999999979942,2.220446049250313e-16,binary64 feasible candidate and full-set analytic upper
d4_complex_seed29,1,0.0031622776601683794,0.1094030747363817,0.10956788792613426,0.00016481318975256065,0.9727461759932851,0.9742115955024842,0.9742115837730909,0.001504198681492148,0.003162277660162034,3.3306690738754696e-16,binary64 feasible candidate and full-set analytic upper
d4_complex_seed29,2,0.001,0.061585257476538945,0.06161455129468998,2.9293818151032713e-05,0.9737484195688839,0.9742115955024842,0.9742115837730909,0.00047542465304423924,0.0009999999999978713,2.220446049250313e-16,binary64 feasible candidate and full-set analytic upper
d4_complex_seed29,3,0.00031622776601683794,0.03464319972825529,0.03464840842606471,5.208697809420959e-06,0.9740651422010509,0.9742115955024842,0.9742115837730909,0.00015031803612194797,0.00031622776601631454,6.661338147750939e-16,binary64 feasible candidate and full-set analytic upper
d4_complex_seed29,4,0.0001,0.019483305545224993,0.019484231910049683,9.263648246896072e-07,0.9741652772612497,0.9742115955024842,0.9742115837730909,4.753229443432437e-05,9.99999999997689e-05,4.440892098500626e-16,binary64 feasible candidate and full-set analytic upper
d4_complex_seed29,5,3.1622776601683795e-05,0.01095662397153075,0.010956788792613425,1.648210826744878e-07,0.974196940605601,0.9742115955024842,0.9742115837730909,1.5030787699299537e-05,3.162277660162293e-05,4.440892098500626e-16,binary64 feasible candidate and full-set analytic upper
d4_complex_seed29,6,1e-05,0.006161425769097105,0.006161455129468999,2.936037189326529e-08,0.9742069532200776,0.9742115955024842,0.9742115837730909,4.7531286739876425e-06,1.0000000000026477e-05,4.440892098500626e-16,binary64 feasible candidate and full-set analytic upper
d4_complex_seed29,7,3.162277660168379e-06,0.00346483559299365,0.00346484084260647,5.24961281996722e-09,0.9742101194653692,0.9742115955024842,0.9742115837730909,1.5030695037235483e-06,3.162277660262442e-06,6.661338147750939e-16,binary64 feasible candidate and full-set analytic upper
d4_complex_seed29,8,1e-06,0.0019484222414358058,0.0019484231910049683,9.49569162449898e-10,0.9742111207179028,0.9742115955024842,0.9742115837730909,4.7531275114696367e-07,1.0000000001417492e-06,5.551115123125783e-16,binary64 feasible candidate and full-set analytic upper
d4_complex_seed43,0,0.01,0.19400585284217414,0.1949356094680797,0.0009297566259055534,0.9700292642108707,0.9746780473403984,0.9746780434110264,0.004769553630126564,0.009999999999980056,0.0,binary64 feasible candidate and full-set analytic upper
d4_complex_seed43,1,0.0031622776601683794,0.10945528195842033,0.1096203489550683,0.00016506699664796398,0.9732103711333182,0.9746780473403984,0.9746780434110264,0.001505802133976297,0.0031622776601619865,4.440892098500626e-16,binary64 feasible candidate and full-set analytic upper
d4_complex_seed43,2,0.001,0.061614713723838095,0.0616440522992216,2.9338575383501542e-05,0.9742141637328163,0.9746780473403984,0.9746780434110264,0.00047593118706832694,0.0009999999999980526,0.0,binary64 feasible candidate and full-set analytic upper
d4_complex_seed43,3,0.00031622776601683794,0.034659781595050315,0.03466499806004746,5.216464997147285e-06,0.9745313756484332,0.9746780473403984,0.9746780434110264,0.00015047816413296338,0.00031622776601621946,0.0,binary64 feasible candidate and full-set analytic upper
d4_complex_seed43,4,0.0001,0.019492633307553346,0.01949356094680797,9.276392546227197e-07,0.9746316653776673,0.9746780473403984,0.9746780434110264,4.758292614938233e-05,9.999999999989093e-05,0.0,binary64 feasible candidate and full-set analytic upper
d4_complex_seed43,5,3.1622776601683795e-05,0.010961869907786146,0.010962034895506829,1.6498772068343492e-07,0.9746633776270683,0.9746780473403984,0.9746780434110264,1.5046798332205567e-05,3.162277660142097e-05,2.220446049250313e-16,binary64 feasible candidate and full-set analytic upper
d4_complex_seed43,6,1e-05,0.00616437587364939,0.00616440522992216,2.9356272769447134e-08,0.9746734057061202,0.9746780473403984,0.9746780434110264,4.758191628066425e-06,9.999999999896063e-06,2.220446049250313e-16,binary64 feasible candidate and full-set analytic upper
d4_complex_seed43,7,3.162277660168379e-06,0.0034664945760895724,0.003466499806004746,5.229915173675381e-09,0.9746765768416837,0.9746780473403984,0.9746780434110264,1.5046705448515549e-06,3.1622776602246027e-06,1.1102230246251565e-16,binary64 feasible candidate and full-set analytic upper
d4_complex_seed43,8,1e-06,0.0019493551592813037,0.0019493560946807968,9.353994931057819e-10,0.9746775796406518,0.9746780473403984,0.9746780434110264,4.758190437172488e-07,1.0000000001445398e-06,2.220446049250313e-16,binary64 feasible candidate and full-set analytic upper
