task,grid_index,delta,exponent,leading_coefficient,raw_lower,raw_upper,theorem_lower,theorem_upper,raw_halfwidth,theorem_halfwidth,absolute_endpoint_error,normalized_coefficient,relative_leading_error,lower_state_norm_error,upper_state_norm_error,raw_lower_observation,raw_upper_observation,evidence
active_half,0,0.01,0.5,1.681792830507429,-0.16758362463994475,0.16758362463994475,-0.16758362463994475,0.16758362463994475,0.16758362463994475,0.16758362463994475,0.0,1.6758362463994474,0.0035418061011619996,0.0,0.0,0.009999999999999943,0.009999999999999943,binary64 raw-matrix optimum with exact analytic full-set bound
active_half,1,0.0031622776601683794,0.5,1.681792830507429,-0.09446836459894475,0.09446836459894475,-0.09446836459894475,0.09446836459894475,0.09446836459894475,0.09446836459894475,0.0,1.6799114766635332,0.0011186596884993289,0.0,0.0,0.0031622776601683555,0.0031622776601683555,binary64 raw-matrix optimum with exact analytic full-set bound
active_half,2,0.001,0.5,1.681792830507429,-0.053164152628873806,0.053164152628873806,-0.053164152628873806,0.053164152628873806,0.053164152628873806,0.053164152628873806,0.0,1.6811981218006966,0.00035361591270003447,0.0,0.0,0.0009999999999999393,0.0009999999999999393,binary64 raw-matrix optimum with exact analytic full-set bound
active_half,3,0.00031622776601683794,0.5,1.681792830507429,-0.02990363173596003,0.02990363173596003,-0.02990363173596003,0.02990363173596003,0.02990363173596003,0.02990363173596003,0.0,1.681604789840394,0.00011180964957387546,1.1102230246251565e-16,1.1102230246251565e-16,0.00031622776601694544,0.00031622776601694544,binary64 raw-matrix optimum with exact analytic full-set bound
active_half,4,0.0001,0.5,1.681792830507429,-0.01681733369100521,0.01681733369100521,-0.01681733369100521,0.01681733369100521,0.01681733369100521,0.01681733369100521,0.0,1.6817333691005212,3.5355964081526935e-05,0.0,0.0,0.00010000000000003318,0.00010000000000003318,binary64 raw-matrix optimum with exact analytic full-set bound
active_half,5,3.1622776601683795e-05,0.5,1.681792830507429,-0.009457310352314318,0.009457310352314318,-0.009457310352314318,0.009457310352314318,0.009457310352314318,0.009457310352314318,0.0,1.6817740273868502,1.11804023882287e-05,1.1102230246251565e-16,1.1102230246251565e-16,3.1622776601773045e-05,3.1622776601773045e-05,binary64 raw-matrix optimum with exact analytic full-set bound
active_half,6,1e-05,0.5,1.681792830507429,-0.005318277093896284,0.005318277093896284,-0.005318277093896284,0.005318277093896284,0.005318277093896284,0.005318277093896284,0.0,1.6817868844613428,3.535540155947039e-06,1.1102230246251565e-16,1.1102230246251565e-16,1.0000000000058272e-05,1.0000000000058272e-05,binary64 raw-matrix optimum with exact analytic full-set bound
active_half,7,3.162277660168379e-06,0.5,1.681792830507429,-0.0029906942187390467,0.0029906942187390467,-0.0029906942187390467,0.0029906942187390467,0.0029906942187390467,0.0029906942187390467,0.0,1.6817909502048314,1.1180346137359742e-06,1.1102230246251565e-16,1.1102230246251565e-16,3.1622776602087064e-06,3.1622776602087064e-06,binary64 raw-matrix optimum with exact analytic full-set bound
active_half,8,1e-06,0.5,1.681792830507429,-0.0016817922359037665,0.0016817922359037665,-0.0016817922359037665,0.0016817922359037665,0.0016817922359037665,0.0016817922359037665,0.0,1.6817922359037665,3.5355345304428015e-07,0.0,0.0,9.999999999587245e-07,9.999999999587245e-07,binary64 raw-matrix optimum with exact analytic full-set bound
tangent_linear,0,0.01,1.0,1.4142135623730951,-0.01414178206592083,0.01414178206592083,-0.014141782065920832,0.014141782065920832,0.01414178206592083,0.014141782065920832,1.734723475976807e-18,1.414178206592083,2.500031250791256e-05,1.1102230246251565e-16,1.1102230246251565e-16,0.01,0.01,binary64 raw-matrix optimum with exact analytic full-set bound
tangent_linear,1,0.0031622776601683794,1.0,1.4142135623730951,-0.0044721247746457166,0.0044721247746457166,-0.0044721247746457166,0.0044721247746457166,0.0044721247746457166,0.0044721247746457166,0.0,1.4142100268347697,2.5000031250622396e-06,1.1102230246251565e-16,1.1102230246251565e-16,0.00316227766016838,0.00316227766016838,binary64 raw-matrix optimum with exact analytic full-set bound
tangent_linear,2,0.001,1.0,1.4142135623730951,-0.0014142132088196602,0.0014142132088196602,-0.0014142132088196605,0.0014142132088196605,0.0014142132088196602,0.0014142132088196605,2.168404344971009e-19,1.4142132088196602,2.500000314069707e-07,0.0,0.0,0.001,0.001,binary64 raw-matrix optimum with exact analytic full-set bound
tangent_linear,3,0.00031622776601683794,1.0,1.4142135623730951,-0.00044721358431961793,0.00044721358431961793,-0.00044721358431961793,0.00044721358431961793,0.00044721358431961793,0.00044721358431961793,0.0,1.4142135270177556,2.5000000295554934e-08,0.0,0.0,0.00031622776601683794,0.00031622776601683794,binary64 raw-matrix optimum with exact analytic full-set bound
tangent_linear,4,0.0001,1.0,1.4142135623730951,-0.0001414213558837561,0.0001414213558837561,-0.0001414213558837561,0.0001414213558837561,0.0001414213558837561,0.0001414213558837561,0.0,1.414213558837561,2.500000033477012e-09,0.0,0.0,9.999999999999999e-05,9.999999999999999e-05,binary64 raw-matrix optimum with exact analytic full-set bound
tangent_linear,5,3.1622776601683795e-05,1.0,1.4142135623730951,-4.4721359538815455e-05,4.4721359538815455e-05,-4.472135953881546e-05,4.472135953881546e-05,4.4721359538815455e-05,4.472135953881546e-05,6.776263578034403e-21,1.4142135620195415,2.500001593261088e-10,0.0,0.0,3.1622776601683795e-05,3.1622776601683795e-05,binary64 raw-matrix optimum with exact analytic full-set bound
tangent_linear,6,1e-05,1.0,1.4142135623730951,-1.4142135623377398e-05,1.4142135623377398e-05,-1.41421356233774e-05,1.41421356233774e-05,1.4142135623377398e-05,1.41421356233774e-05,1.6940658945086007e-21,1.4142135623377396,2.5000109581926055e-11,0.0,0.0,1e-05,1e-05,binary64 raw-matrix optimum with exact analytic full-set bound
tangent_linear,7,3.162277660168379e-06,1.0,1.4142135623730951,-4.472135954988399e-06,4.472135954988399e-06,-4.4721359549884e-06,4.4721359549884e-06,4.472135954988399e-06,4.4721359549884e-06,8.470329472543003e-22,1.4142135623695595,2.5001106890002442e-12,0.0,0.0,3.1622776601683796e-06,3.1622776601683796e-06,binary64 raw-matrix optimum with exact analytic full-set bound
tangent_linear,8,1e-06,1.0,1.4142135623730951,-1.4142135623727413e-06,1.4142135623727413e-06,-1.4142135623727415e-06,1.4142135623727415e-06,1.4142135623727413e-06,1.4142135623727415e-06,2.117582368135751e-22,1.4142135623727414,2.5020833000760915e-13,0.0,0.0,1e-06,1e-06,binary64 raw-matrix optimum with exact analytic full-set bound
mixed_three_half,0,0.01,1.5,0.7377879464668811,-0.000737787946466881,0.000737787946466881,-0.000737787946466881,0.000737787946466881,0.000737787946466881,0.000737787946466881,0.0,0.7377879464668811,0.0,2.220446049250313e-16,2.220446049250313e-16,0.009999999999999957,0.009999999999999957,binary64 raw-matrix optimum with exact analytic full-set bound
mixed_three_half,1,0.0031622776601683794,1.5,0.7377879464668811,-0.00013119931141769537,0.00013119931141769537,-0.00013119931141769537,0.00013119931141769537,0.00013119931141769537,0.00013119931141769537,0.0,0.7377879464668811,0.0,0.0,0.0,0.0031622776601683924,0.0031622776601683924,binary64 raw-matrix optimum with exact analytic full-set bound
mixed_three_half,2,0.001,1.5,0.7377879464668811,-2.333090341053722e-05,2.333090341053722e-05,-2.333090341053722e-05,2.333090341053722e-05,2.333090341053722e-05,2.333090341053722e-05,0.0,0.737787946466881,1.452207713262821e-16,0.0,0.0,0.0010000000000000013,0.0010000000000000013,binary64 raw-matrix optimum with exact analytic full-set bound
mixed_three_half,3,0.00031622776601683794,1.5,0.7377879464668811,-4.148886515256523e-06,4.148886515256523e-06,-4.148886515256523e-06,4.148886515256523e-06,4.148886515256523e-06,4.148886515256523e-06,0.0,0.7377879464668811,0.0,0.0,0.0,0.00031622776601684027,0.00031622776601684027,binary64 raw-matrix optimum with exact analytic full-set bound
mixed_three_half,4,0.0001,1.5,0.7377879464668811,-7.377879464668811e-07,7.377879464668811e-07,-7.377879464668811e-07,7.377879464668811e-07,7.377879464668811e-07,7.377879464668811e-07,0.0,0.737787946466881,1.435088752992258e-16,1.1102230246251565e-16,1.1102230246251565e-16,0.00010000000000008816,0.00010000000000008816,binary64 raw-matrix optimum with exact analytic full-set bound
mixed_three_half,5,3.1622776601683795e-05,1.5,0.7377879464668811,-1.311993114176954e-07,1.311993114176954e-07,-1.3119931141769537e-07,1.3119931141769537e-07,1.311993114176954e-07,1.3119931141769537e-07,2.6469779601696886e-23,0.7377879464668812,2.01752427780858e-16,0.0,0.0,3.162277660163708e-05,3.162277660163708e-05,binary64 raw-matrix optimum with exact analytic full-set bound
mixed_three_half,6,1e-05,1.5,0.7377879464668811,-2.3330903410537227e-08,2.3330903410537227e-08,-2.3330903410537227e-08,2.3330903410537227e-08,2.3330903410537227e-08,2.3330903410537227e-08,0.0,0.7377879464668811,0.0,0.0,0.0,9.999999999948826e-06,9.999999999948826e-06,binary64 raw-matrix optimum with exact analytic full-set bound
mixed_three_half,7,3.162277660168379e-06,1.5,0.7377879464668811,-4.1488865152565215e-09,4.1488865152565215e-09,-4.148886515256522e-09,4.148886515256522e-09,4.1488865152565215e-09,4.148886515256522e-09,8.271806125530277e-25,0.7377879464668811,0.0,0.0,0.0,3.1622776601898896e-06,3.1622776601898896e-06,binary64 raw-matrix optimum with exact analytic full-set bound
mixed_three_half,8,1e-06,1.5,0.7377879464668811,-7.377879464668812e-10,7.377879464668812e-10,-7.377879464668811e-10,7.377879464668811e-10,7.377879464668812e-10,7.377879464668811e-10,1.0339757656912846e-25,0.7377879464668813,2.802907720688005e-16,1.1102230246251565e-16,1.1102230246251565e-16,1.0000000000446384e-06,1.0000000000446384e-06,binary64 raw-matrix optimum with exact analytic full-set bound
tangent_quadratic,0,0.01,2.0,0.25,0.0,5e-05,0.0,5e-05,2.5e-05,2.5e-05,0.0,0.25,0.0,0.0,1.1102230246251565e-16,0.0,0.01,binary64 raw-matrix optimum with exact analytic full-set bound
tangent_quadratic,1,0.0031622776601683794,2.0,0.25,0.0,5e-06,0.0,5e-06,2.5e-06,2.5e-06,0.0,0.25,0.0,0.0,1.1102230246251565e-16,0.0,0.00316227766016838,binary64 raw-matrix optimum with exact analytic full-set bound
tangent_quadratic,2,0.001,2.0,0.25,0.0,5e-07,0.0,5e-07,2.5e-07,2.5e-07,0.0,0.25,0.0,0.0,0.0,0.0,0.001,binary64 raw-matrix optimum with exact analytic full-set bound
tangent_quadratic,3,0.00031622776601683794,2.0,0.25,0.0,5.0000000000000004e-08,0.0,5.0000000000000004e-08,2.5000000000000002e-08,2.5000000000000002e-08,0.0,0.25,0.0,0.0,0.0,0.0,0.00031622776601683794,binary64 raw-matrix optimum with exact analytic full-set bound
tangent_quadratic,4,0.0001,2.0,0.25,0.0,5e-09,0.0,5e-09,2.5e-09,2.5e-09,0.0,0.25,0.0,0.0,0.0,0.0,9.999999999999999e-05,binary64 raw-matrix optimum with exact analytic full-set bound
tangent_quadratic,5,3.1622776601683795e-05,2.0,0.25,0.0,5e-10,0.0,5e-10,2.5e-10,2.5e-10,0.0,0.25,0.0,0.0,0.0,0.0,3.1622776601683795e-05,binary64 raw-matrix optimum with exact analytic full-set bound
tangent_quadratic,6,1e-05,2.0,0.25,0.0,5e-11,0.0,5.000000000000001e-11,2.5e-11,2.5000000000000004e-11,6.462348535570529e-27,0.24999999999999997,1.2924697071141055e-16,0.0,0.0,0.0,1e-05,binary64 raw-matrix optimum with exact analytic full-set bound
tangent_quadratic,7,3.162277660168379e-06,2.0,0.25,0.0,4.999999999999999e-12,0.0,5e-12,2.4999999999999994e-12,2.5e-12,8.077935669463161e-28,0.24999999999999997,1.6155871338926322e-16,0.0,0.0,0.0,3.1622776601683796e-06,binary64 raw-matrix optimum with exact analytic full-set bound
tangent_quadratic,8,1e-06,2.0,0.25,0.0,4.999999999999999e-13,0.0,5e-13,2.4999999999999994e-13,2.5e-13,1.0097419586828951e-28,0.24999999999999994,2.0194839173657902e-16,0.0,0.0,0.0,1e-06,binary64 raw-matrix optimum with exact analytic full-set bound
constant,0,0.01,,0.0,1.0,1.0,1.0,1.0,0.0,0.0,0.0,0.0,0.0,0.0,0.0,0.0,0.0,binary64 raw-matrix optimum with exact analytic full-set bound
constant,1,0.0031622776601683794,,0.0,1.0,1.0,1.0,1.0,0.0,0.0,0.0,0.0,0.0,0.0,0.0,0.0,0.0,binary64 raw-matrix optimum with exact analytic full-set bound
constant,2,0.001,,0.0,1.0,1.0,1.0,1.0,0.0,0.0,0.0,0.0,0.0,0.0,0.0,0.0,0.0,binary64 raw-matrix optimum with exact analytic full-set bound
constant,3,0.00031622776601683794,,0.0,1.0,1.0,1.0,1.0,0.0,0.0,0.0,0.0,0.0,0.0,0.0,0.0,0.0,binary64 raw-matrix optimum with exact analytic full-set bound
constant,4,0.0001,,0.0,1.0,1.0,1.0,1.0,0.0,0.0,0.0,0.0,0.0,0.0,0.0,0.0,0.0,binary64 raw-matrix optimum with exact analytic full-set bound
constant,5,3.1622776601683795e-05,,0.0,1.0,1.0,1.0,1.0,0.0,0.0,0.0,0.0,0.0,0.0,0.0,0.0,0.0,binary64 raw-matrix optimum with exact analytic full-set bound
constant,6,1e-05,,0.0,1.0,1.0,1.0,1.0,0.0,0.0,0.0,0.0,0.0,0.0,0.0,0.0,0.0,binary64 raw-matrix optimum with exact analytic full-set bound
constant,7,3.162277660168379e-06,,0.0,1.0,1.0,1.0,1.0,0.0,0.0,0.0,0.0,0.0,0.0,0.0,0.0,0.0,binary64 raw-matrix optimum with exact analytic full-set bound
constant,8,1e-06,,0.0,1.0,1.0,1.0,1.0,0.0,0.0,0.0,0.0,0.0,0.0,0.0,0.0,0.0,binary64 raw-matrix optimum with exact analytic full-set bound
