source,fold,flag,rows,C_max_error,score_max_error,operator_max_error,accept_mismatches,accepted,label_correct_accepted
S1,leave_environment_A,coordinate,400,0.0,0.0,0.0,0,0,0
S1,leave_environment_A,dct,400,0.0,0.0,0.0,0,7,7
S1,leave_environment_A,dft,400,0.0,0.0,0.0,0,13,13
S1,leave_environment_A,polynomial,400,0.0,0.0,0.0,0,337,301
S1,leave_environment_A,random_orthogonal,400,0.0,0.0,0.0,0,8,8
S1,leave_environment_A,permuted_polynomial,400,0.0,0.0,0.0,0,29,29
S1,leave_environment_B,coordinate,400,0.0,0.0,0.0,0,0,0
S1,leave_environment_B,dct,400,0.0,0.0,0.0,0,8,8
S1,leave_environment_B,dft,400,0.0,0.0,0.0,0,23,23
S1,leave_environment_B,polynomial,400,0.0,0.0,0.0,0,336,293
S1,leave_environment_B,random_orthogonal,400,0.0,0.0,0.0,0,1,1
S1,leave_environment_B,permuted_polynomial,400,0.0,0.0,0.0,0,21,21
S1,leave_environment_B_antenna,coordinate,400,0.0,0.0,0.0,0,0,0
S1,leave_environment_B_antenna,dct,400,0.0,0.0,0.0,0,3,2
S1,leave_environment_B_antenna,dft,400,0.0,0.0,0.0,0,4,2
S1,leave_environment_B_antenna,polynomial,400,0.0,0.0,0.0,0,282,231
S1,leave_environment_B_antenna,random_orthogonal,400,0.0,0.0,0.0,0,1,1
S1,leave_environment_B_antenna,permuted_polynomial,400,0.0,0.0,0.0,0,14,11
S1,leave_environment_B_walk,coordinate,400,0.0,0.0,0.0,0,0,0
S1,leave_environment_B_walk,dct,400,0.0,0.0,0.0,0,1,0
S1,leave_environment_B_walk,dft,400,0.0,0.0,0.0,0,23,23
S1,leave_environment_B_walk,polynomial,400,0.0,0.0,0.0,0,341,291
S1,leave_environment_B_walk,random_orthogonal,400,0.0,0.0,0.0,0,4,4
S1,leave_environment_B_walk,permuted_polynomial,400,0.0,0.0,0.0,0,25,25
S1,leave_environment_C,coordinate,400,0.0,0.0,0.0,0,0,0
S1,leave_environment_C,dct,400,0.0,0.0,0.0,0,0,0
S1,leave_environment_C,dft,400,0.0,0.0,0.0,0,39,38
S1,leave_environment_C,polynomial,400,0.0,0.0,0.0,0,307,255
S1,leave_environment_C,random_orthogonal,400,0.0,0.0,0.0,0,5,5
S1,leave_environment_C,permuted_polynomial,400,0.0,0.0,0.0,0,39,39
S1,leave_environment_D,coordinate,400,0.0,0.0,0.0,0,1,1
S1,leave_environment_D,dct,400,0.0,0.0,0.0,0,1,1
S1,leave_environment_D,dft,400,0.0,0.0,0.0,0,21,21
S1,leave_environment_D,polynomial,400,0.0,0.0,0.0,0,320,251
S1,leave_environment_D,random_orthogonal,400,0.0,0.0,0.0,0,5,5
S1,leave_environment_D,permuted_polynomial,400,0.0,0.0,0.0,0,30,29
S1,leave_environment_E,coordinate,400,0.0,0.0,0.0,0,0,0
S1,leave_environment_E,dct,400,0.0,0.0,0.0,0,22,15
S1,leave_environment_E,dft,400,0.0,0.0,0.0,0,14,13
S1,leave_environment_E,polynomial,400,0.0,0.0,0.0,0,278,216
S1,leave_environment_E,random_orthogonal,400,0.0,0.0,0.0,0,5,5
S1,leave_environment_E,permuted_polynomial,400,0.0,0.0,0.0,0,21,16
S1,leave_environment_F,coordinate,400,0.0,0.0,0.0,0,0,0
S1,leave_environment_F,dct,400,0.0,0.0,0.0,0,9,9
S1,leave_environment_F,dft,400,0.0,0.0,0.0,0,7,7
S1,leave_environment_F,polynomial,400,0.0,0.0,0.0,0,337,301
S1,leave_environment_F,random_orthogonal,400,0.0,0.0,0.0,0,6,6
S1,leave_environment_F,permuted_polynomial,400,0.0,0.0,0.0,0,32,31
S1,leave_environment_F_antenna,coordinate,400,0.0,0.0,0.0,0,27,11
S1,leave_environment_F_antenna,dct,400,0.0,0.0,0.0,0,13,9
S1,leave_environment_F_antenna,dft,400,0.0,0.0,0.0,0,3,0
S1,leave_environment_F_antenna,polynomial,400,0.0,0.0,0.0,0,235,156
S1,leave_environment_F_antenna,random_orthogonal,400,0.0,0.0,0.0,0,1,1
S1,leave_environment_F_antenna,permuted_polynomial,400,0.0,0.0,0.0,0,14,11
S1,leave_environment_F_walk,coordinate,400,0.0,0.0,0.0,0,0,0
S1,leave_environment_F_walk,dct,400,0.0,0.0,0.0,0,3,2
S1,leave_environment_F_walk,dft,400,0.0,0.0,0.0,0,1,1
S1,leave_environment_F_walk,polynomial,400,0.0,0.0,0.0,0,311,250
S1,leave_environment_F_walk,random_orthogonal,400,0.0,0.0,0.0,0,0,0
S1,leave_environment_F_walk,permuted_polynomial,400,0.0,0.0,0.0,0,37,34
S1,leave_environment_moving_meeting_room,coordinate,400,0.0,0.0,0.0,0,2,2
S1,leave_environment_moving_meeting_room,dct,400,0.0,0.0,0.0,0,5,5
S1,leave_environment_moving_meeting_room,dft,400,0.0,0.0,0.0,0,21,18
S1,leave_environment_moving_meeting_room,polynomial,400,0.0,0.0,0.0,0,293,216
S1,leave_environment_moving_meeting_room,random_orthogonal,400,0.0,0.0,0.0,0,5,5
S1,leave_environment_moving_meeting_room,permuted_polynomial,400,0.0,0.0,0.0,0,19,19
S1,leave_environment_moving_office,coordinate,400,0.0,0.0,0.0,0,0,0
S1,leave_environment_moving_office,dct,400,0.0,0.0,0.0,0,1,1
S1,leave_environment_moving_office,dft,400,0.0,0.0,0.0,0,42,36
S1,leave_environment_moving_office,polynomial,400,0.0,0.0,0.0,0,296,192
S1,leave_environment_moving_office,random_orthogonal,400,0.0,0.0,0.0,0,13,13
S1,leave_environment_moving_office,permuted_polynomial,400,0.0,0.0,0.0,0,28,19
S1,leave_environment_residential,coordinate,400,0.0,0.0,0.0,0,1,1
S1,leave_environment_residential,dct,400,0.0,0.0,0.0,0,1,1
S1,leave_environment_residential,dft,400,0.0,0.0,0.0,0,34,34
S1,leave_environment_residential,polynomial,400,0.0,0.0,0.0,0,323,279
S1,leave_environment_residential,random_orthogonal,400,0.0,0.0,0.0,0,4,4
S1,leave_environment_residential,permuted_polynomial,400,0.0,0.0,0.0,0,30,30
S4,leave_day1_out,coordinate,168,0.0,0.0,0.0,0,82,64
S4,leave_day1_out,dct,168,0.0,0.0,0.0,0,79,54
S4,leave_day1_out,dft,168,0.0,0.0,0.0,0,102,76
S4,leave_day1_out,polynomial,168,0.0,0.0,0.0,0,59,42
S4,leave_day1_out,random_orthogonal,168,0.0,0.0,0.0,0,39,29
S4,leave_day1_out,permuted_polynomial,168,0.0,0.0,0.0,0,78,61
S4,leave_day3_out,coordinate,168,0.0,0.0,0.0,0,92,68
S4,leave_day3_out,dct,168,0.0,0.0,0.0,0,90,60
S4,leave_day3_out,dft,168,0.0,0.0,0.0,0,122,88
S4,leave_day3_out,polynomial,168,0.0,0.0,0.0,0,98,69
S4,leave_day3_out,random_orthogonal,168,0.0,0.0,0.0,0,27,22
S4,leave_day3_out,permuted_polynomial,168,0.0,0.0,0.0,0,52,41
S4,leave_day5_out,coordinate,144,0.0,0.0,0.0,0,101,86
S4,leave_day5_out,dct,144,0.0,0.0,0.0,0,76,61
S4,leave_day5_out,dft,144,0.0,0.0,0.0,0,88,70
S4,leave_day5_out,polynomial,144,0.0,0.0,0.0,0,48,45
S4,leave_day5_out,random_orthogonal,144,0.0,0.0,0.0,0,20,19
S4,leave_day5_out,permuted_polynomial,144,0.0,0.0,0.0,0,53,50
