source,fold,device,array_index,row_id,selection_hash
S1,leave_environment_A,31,418,418,0655e511bd6cd1dacf88862f3f5435e28a50cc68f237084b3a24ac67977aed55
S1,leave_environment_A,32,471,471,04ca808a71eb8a17b5e87244e5bffad3a1ff104ca613091133a9f7f8bac4efbf
S1,leave_environment_A,33,503,503,09540fc0b5b55de42174ac25fa2c58d5dca068dc2062c8d79816c9fe944e7b99
S1,leave_environment_A,34,555,555,010d6302cf7cbb229d22b294269ec228fdac3141b27c457854ca4b97398d0878
S1,leave_environment_A,35,596,596,0a16bbaf2d787272215d7f7227c3f3a55a6663e3730fb9897a1e6ac5d7aae090
S1,leave_environment_A,36,638,638,09018aca3a1ac6ba181ee485c71a829fb6f77ebe907c7323b70348d1de97fc88
S1,leave_environment_A,37,652,652,0adbf71d1816f5debb5d6173e6d049f520bd39ffc3a59996dc4826dfa55561a7
S1,leave_environment_A,38,683,683,00a7fa698bb470468160a330b60cdd08b234513e3e777665572e71190e64cfb8
S1,leave_environment_A,39,738,738,0a01bea34a3a130873eced1c1d1853a14a512c5180d5c3f3b0430eae677ffe17
S1,leave_environment_A,40,784,784,0a89c95513c249ec94722f539d428bdcf0feb2b348ad2c5bda6a38689292a8a8
S1,leave_environment_B,31,815,815,027f256d3e5a6e97e8ec5eea3fcf25d5434c1499eba8665aecdd51020b6e707f
S1,leave_environment_B,32,876,876,06c7b8c0aa5291355091d4768b25d2c0094a61ec2b38bbeb1a17041da93ad0bd
S1,leave_environment_B,33,885,885,0b66590be615be348f22154aded271a3dd42b3b655023e33bc4c09c9cf7305b8
S1,leave_environment_B,34,934,934,05dfa80113f92bb6e776dc434c447daebf4497d445144b9f0868d4f13893ac3d
S1,leave_environment_B,35,965,965,0143e771e3763dfc1f152ee894e5f24c6120181f512476f5a8b2322af8be0b9c
S1,leave_environment_B,36,1010,1010,08bc5bda655187c82965122035ae87401a978fdef77dd80f6eab2bc7ff56b340
S1,leave_environment_B,37,1054,1054,02456e1bacb3adbc8cf51a2c498d57b8e5d15e0633dc818d843df6f5c86f7534
S1,leave_environment_B,38,1084,1084,03b37b62b84d9df55528d9dc0246c944b6abff6b17d276aca23eb580ada06c76
S1,leave_environment_B,39,1155,1155,166e0373e1ae0b33b1aaf48b2b3000f24f671469339e973721b4204e9b1eca02
S1,leave_environment_B,40,1165,1165,03cd70f22e0312ca4b9b5506a9d25a2610c941142b501a9c6d490950b182f453
S1,leave_environment_B_antenna,31,4437,4437,04e2a4bf85a12520ea13ba03fcef08d463945048d309b0b7df325d0b4c16719b
S1,leave_environment_B_antenna,32,4476,4476,05e66b7029dc184656d6c4864d98c1aa60b8c7762e6ade9eaa1c9dfc8f0484e4
S1,leave_environment_B_antenna,33,4497,4497,08f47b07240275ee9a3e1861be1fe749b18875256398e973684de9085ae8238e
S1,leave_environment_B_antenna,34,4550,4550,1188eed8eb0962586ad2a3f58d52728a55c1be4d2b165fdfb2366113a43c86ba
S1,leave_environment_B_antenna,35,4568,4568,003ee1ea4f1043e4def345b8705ad6410c69767918b990c0baf8ce4389c7517d
S1,leave_environment_B_antenna,36,4604,4604,028d6b23210a81eccebe12dff5fe29ab34cae8c791d8d5196db4e2a93bcea045
S1,leave_environment_B_antenna,37,4645,4645,0115adb46457addacf5846597c48bff1ed8fbce8a6f1b856924c1a66bc70e3f5
S1,leave_environment_B_antenna,38,4719,4719,077d95ae761fb80db1540cf071ec2da6d4f0d1db681d868d7a238b180714e238
S1,leave_environment_B_antenna,39,4720,4720,005a926ffb5456cef5916b4395fceab5550cfc7ab2e912975c7fa49315f6644c
S1,leave_environment_B_antenna,40,4791,4791,0397f5acf564524f2bf6d8262a10fa7103c59758521b22da1b9cab7f0f6d025b
S1,leave_environment_B_walk,31,2838,2838,0a54d84c9f6809c3df6c20b31120f771e675338f3aeb468866628cc72439565a
S1,leave_environment_B_walk,32,2846,2846,0eccf22d5d58087bd5ea5e15a41b0808a48c776bf7a9afec9f01fd7ce73a00c9
S1,leave_environment_B_walk,33,2896,2896,0c960c65b558584dae3e33d0969e6a8428f4a9e6376a740fad630fe331cbf7b4
S1,leave_environment_B_walk,34,2949,2949,116f69cee239dc265aec124ecbe2542761ef8fa2b7ffc27052b5443b3d9a144f
S1,leave_environment_B_walk,35,2965,2965,04a78d3106b51d93473f9d06666519b571dcd6d2c62f5fd12f4213ae5322215b
S1,leave_environment_B_walk,36,3035,3035,042808b53a5e1d7767a7cdf9bf41144761177920ae934f76bd1fbe6f10a7cba0
S1,leave_environment_B_walk,37,3065,3065,01c4055c1bf8972532b527c24a60905745ce5021f8d1abb774c8ba4bd1ad2ceb
S1,leave_environment_B_walk,38,3081,3081,01e442dbed5d42eeaa7b6e10ffdc00d987cc69adee0949d0f09c5f9efbe36c87
S1,leave_environment_B_walk,39,3122,3122,068bf1eabb4102da5b074a72d7c155b575128d6744f6551c9811e76d57200449
S1,leave_environment_B_walk,40,3178,3178,069726fc9514c3e4e3d83eae7ac0648cda42d3f51dd1cca16523e4fbfe4ee345
S1,leave_environment_C,31,1221,1221,011846084df54bbe74eb24b7083458c7dadebeb422846c85c1dd7b4bf6e67df9
S1,leave_environment_C,32,1276,1276,0557651731c14c3b9e72a88f85d005d2658b6f53b93a1d15737b8afc57cce175
S1,leave_environment_C,33,1310,1310,094a64acb9cc8d852f688fd6352fb59e0bc902d0be892d1b9e8a243e1356e5c2
S1,leave_environment_C,34,1322,1322,042d0cd820e521d652548452fdf6c09d028f38afd29e27b4f90e72b408c9e1cf
S1,leave_environment_C,35,1395,1395,0493bb276d0f40ba7bf1b288dd48517280300cb8d155baf639e917e54cc52bfd
S1,leave_environment_C,36,1424,1424,047383dfc66453c9ac316bed60a8ea9529e821e8dacfd6e9e17ed67778c5c934
S1,leave_environment_C,37,1451,1451,027e048c0cd314e30bce327a5f145241d4688173396a616d47673eadcfe0f98a
S1,leave_environment_C,38,1492,1492,02dfe314ee7edceed7d65f2edc015d00b2aa944af9c83a9e0d1480316adb88ea
S1,leave_environment_C,39,1538,1538,077aee34854bbd3fb7bc718c1758f695dc8e0625ef4f8ae1c29aef0aff3c4c4c
S1,leave_environment_C,40,1595,1595,0720c5e903833ed113f6b5e2b37c33ee288d94c89a87f8be40a6baf3bfaae536
S1,leave_environment_D,31,1639,1639,087e8eaeaeab87504816c2a58a008266791de7d5dece26d1c7c1ce599f437734
S1,leave_environment_D,32,1655,1655,04fca0dd23382ad5fcb07439c1f6d0febfb8ad9b8c41e61f2258bb33242c5c72
S1,leave_environment_D,33,1691,1691,0315f1b130ddbbe1f7a2b3a8ebf8c891bef7b1891c98efb3716cdafdf56e81cb
S1,leave_environment_D,34,1723,1723,047b37208c3a06686e9cba18c40a7e02d793ede58aa51f4fdb1dcdf82c2f2c6f
S1,leave_environment_D,35,1790,1790,00a14ecddb8ff8ab2b53650bec03552a3b52cf3f95e450dfa562355a880b672f
S1,leave_environment_D,36,1829,1829,02cf1ecd2d81acbd34f88f0af653a75d89d3c340609b80bfc7ed4a13c253ead4
S1,leave_environment_D,37,1846,1846,0864cbdb722c13f9384169130648f8d62d353028bd7753f8261f8d39c3bf29f3
S1,leave_environment_D,38,1880,1880,07a99b683d690e4597f1572e52e2759e15c5938ef3bc468b1267e7918bb96a23
S1,leave_environment_D,39,1934,1934,1bbd6e9eb7429cd2d5ecd680a13164a2cf51992faa4bea632624f163de347e38
S1,leave_environment_D,40,1988,1988,01e4ebd8bca5bfd1158ffed3d5b1027ff5ec098a5d9f8a90b1d4d9c1039d6f10
S1,leave_environment_E,31,2028,2028,04eb90171f9559d5435a64106209d4f3c9b62cbc6c07597cc77d841b3035aac1
S1,leave_environment_E,32,2044,2044,07e611e02312a425f279cd1d860910930fc1afb32ceccb4b97ee0828921a6022
S1,leave_environment_E,33,2105,2105,04a0bda97ec55830efdee9f01ee85636c262af69f85ffd247f0ede53cccc6069
S1,leave_environment_E,34,2156,2156,00c22b0bd89dce424017932bfa6a5d0eb86946b81f4090baa428d84aa908c164
S1,leave_environment_E,35,2172,2172,0079393a464c7c9cf5a9994130c484a5389ef18d616ba778b4eb52f66f8e7480
S1,leave_environment_E,36,2220,2220,070456c4ee8685208de4d3c72687f38d59464307cf38226ad2413aac4e268269
S1,leave_environment_E,37,2249,2249,0f4bb8c48cd712b3e4e9d6f60f1b9cb2afc2918c6c2423abfb9e1aa12083efb6
S1,leave_environment_E,38,2293,2293,0096c7e6c0435b600e2fc73ac16e0ccd49831514327b52c71df2f6748e555b78
S1,leave_environment_E,39,2340,2340,00ed97f8cc77eb8114e8ea0b0ccadbb12d14da2097c4d07c52f14f9e91be7919
S1,leave_environment_E,40,2368,2368,07c212b57836b8a9d9a203db57563d6e56c00e98fea6ba591814f3506d23a6ef
S1,leave_environment_F,31,2429,2429,030aa39fb8e69161a47e4ccd92ab0cdd01db6563fa5426150215c2508b312591
S1,leave_environment_F,32,2468,2468,0046a9c8157b14160e1ddc355b07b90abccc6e640ced12a1180dd896a9ab7836
S1,leave_environment_F,33,2487,2487,06c6bdf3c46232a1a35c3db8586c24aefb6e3649110728c6e9e74a91510f1830
S1,leave_environment_F,34,2521,2521,062ecca40f578a57d7106f8968994d8315ab3a48a5c66719946cf3d4d9e717a6
S1,leave_environment_F,35,2568,2568,00ea9dbffc8f8dddfcfe146378dfe668a0b4dba59b05c73c989c005958a7bd74
S1,leave_environment_F,36,2615,2615,0c5c48328153942281a8409e94f30fc5dd21abfa043fbf3861c9e9ec2124ae1f
S1,leave_environment_F,37,2671,2671,08ca788ee29f685a51c5a83da4230fb5e309d1247a9f1636a703ffea40333213
S1,leave_environment_F,38,2704,2704,03fdc7c560cedc357cf297b7216d7934435dbbf065e23c6721bc6a93dcaf7cea
S1,leave_environment_F,39,2756,2756,015435eec90202315d4b887fd616717fa741866f2fe0b235e27703b3eff53c37
S1,leave_environment_F,40,2770,2770,017cd8d83fb438fab9c0542939f90ff764e72af64abd91f73bf0cd4b5390a3af
S1,leave_environment_F_antenna,31,4804,4804,05036f387a1a85ec78410281659980c04745b01e783c6b7463e521bac4e8e837
S1,leave_environment_F_antenna,32,4869,4869,07e0bf1c52822fd7b23ac4bcd18104a872e232862a4c9aedf7650ac6ca736e85
S1,leave_environment_F_antenna,33,4909,4909,10c58ff3abcf675bb00d70db2ca1b5897e90467cc8d4d7969958370797912800
S1,leave_environment_F_antenna,34,4935,4935,053aa9d092dc46d8ab8dc4a1d0d75c3d7c0978e1cbf1a78bafea0e19d0a3e384
S1,leave_environment_F_antenna,35,4979,4979,09b55ca6c068e96c614516d39d886516ae256aade0df12a34f2f660b1950e0da
S1,leave_environment_F_antenna,36,5008,5008,03fe82a8c80eed7fb3fbac1b3bae7b5868e502acc6af1168d6a9488777c39696
S1,leave_environment_F_antenna,37,5057,5057,00059a58cee02ab6146ebb221fe3748dcb11a914abdf830f349f22141e9a6a23
S1,leave_environment_F_antenna,38,5115,5115,018b1ff210f2da6a929dc72036660bfbd25af5fa83f404e46d63b822bcd028d9
S1,leave_environment_F_antenna,39,5154,5154,0c4ecc73212e5eb3b9b18b3d815e29fdb4294e6c3a2ebef554da3569ccbed4bf
S1,leave_environment_F_antenna,40,5169,5169,01b86bad6409d6137f1863d027e10af240da6ea47ea0285dc360ea9d363d969b
S1,leave_environment_F_walk,31,3211,3211,05fec9af95afd44e0f458254400b8287cb12ee1dea243a218324479055f42dc4
S1,leave_environment_F_walk,32,3270,3270,129cba517d9dade2376df6e9f68a94bf578f66c069089517885fd94ed4e6023a
S1,leave_environment_F_walk,33,3304,3304,0ef57ea9a81eca9d5d1fc6b29652101d105aa2f760dbd80ab273291ad60c1253
S1,leave_environment_F_walk,34,3346,3346,0420404f195e853560e29bcd467a6e171be1608d34c40aded33288ba34c3e274
S1,leave_environment_F_walk,35,3397,3397,04147f7c64ff6db237f2da0d4b1864510230e455c7b9a8bb8e3460fd9cb3999f
S1,leave_environment_F_walk,36,3402,3402,015b927b5b22397768e54bb293f327006a2774dbc3664187922111992d3889f8
S1,leave_environment_F_walk,37,3441,3441,09b8e0558016b43da8105d1307c941f2486d21fbd4951df063d78b0065e7b454
S1,leave_environment_F_walk,38,3486,3486,01b0bd6ee8a0cdd6198aa11fac8ee718d93f237cfc112cbc98b50c9ea9cab51e
S1,leave_environment_F_walk,39,3549,3549,007d857e0911c552269af0689fab7551d3361e7176f51d5ff4f5f23591581b7a
S1,leave_environment_F_walk,40,3567,3567,07050e3630fc184631ac729d42c181bdb67aff20792024dc8d434c63b4621cfd
S1,leave_environment_moving_meeting_room,31,4026,4026,0e210eefe0d7c7994526f495cdfefe00b4358cc2730d259a1970765715daab6f
S1,leave_environment_moving_meeting_room,32,4046,4046,009612df9566ff6f843c0a2b607d42bf4492b23a8409f74d1ee8de94da835948
S1,leave_environment_moving_meeting_room,33,4095,4095,084afd32208a21b12da9f543cbba3ec50a2f5aa1bace1210cb637c2d22edc38f
S1,leave_environment_moving_meeting_room,34,4129,4129,04b182c22c220e1d92326d3083df8893dd99fe9e3b681143378e43d69c61ea0e
S1,leave_environment_moving_meeting_room,35,4166,4166,0427c2101d12bd40ff0906573d617fd66281d57e83ca27c3cdd6398ea620dfc2
S1,leave_environment_moving_meeting_room,36,4219,4219,034176b22de73a7eb28bb50fc544de3be495fd12d89a87144fa8495347b61c8d
S1,leave_environment_moving_meeting_room,37,4279,4279,02bcfebfb79acf462d279251d2fba4c8b251486554c7140497294ae94d9efa20
S1,leave_environment_moving_meeting_room,38,4283,4283,1118e98ca1fdc17388ffff16e06873fed20c01ec48fe66bd35aa0eeae608ca60
S1,leave_environment_moving_meeting_room,39,4348,4348,0086a8a25bda9d4a0427c10c2e47b09c1246df6ea5e51e7c7fc32220c76eaa24
S1,leave_environment_moving_meeting_room,40,4373,4373,0c92e9bd58e541b8776301455bce52b7b3cb55c856f8ac59547d1dbcbe827c41
S1,leave_environment_moving_office,31,3605,3605,0998a9b708d4e5ca59eaca8aacf58f7814811eb7d6569c1678009d0f52225537
S1,leave_environment_moving_office,32,3676,3676,0170c01d6aeaf7d7944dc8db2eabbd767cfca91bf7b0c9c24597ffce14851454
S1,leave_environment_moving_office,33,3694,3694,04d67a2c23253e7b69c357348626862912be30cf0fe52cf1d8f1c4a4fea0df33
S1,leave_environment_moving_office,34,3754,3754,099fda7b40892f4ad6bfc382e789df79148b6688e56051f5d5d21d6011157853
S1,leave_environment_moving_office,35,3793,3793,011dd28dde3954bc6974438b4b557467f47f34c84c9a3cec8237da886049403a
S1,leave_environment_moving_office,36,3835,3835,019a2785b65f1346a92f351c54fd7584121035b8b4e56402817b3fe132293aac
S1,leave_environment_moving_office,37,3879,3879,094a877083acc194bbf96cb4b4ef0b297aacd493da837469b92c2e7cd6f90127
S1,leave_environment_moving_office,38,3909,3909,051c9ff919851d873de0a054478293bdb1ade32f308cedb80704fc2377ad9f1f
S1,leave_environment_moving_office,39,3952,3952,00aaefe55d0989aa5c95df1f95ec451fce2dcb207700304e45a44e83e92c3aa4
S1,leave_environment_moving_office,40,3969,3969,06983d00e3883335041a6ad33940a13e02be4b4807e8697b8dad71f2b4a0957c
S1,leave_environment_residential,31,7,7,01439740af7e5f914ce829e87fd464482affecc8b8feedf61c708a19a2f952c6
S1,leave_environment_residential,32,75,75,0271877d6762a92ffba26aba9c0b29b5b43c4eae1bb453e6fa493eef3612095e
S1,leave_environment_residential,33,113,113,051d1466b231a205f3797966927098b2ba5ecd221639b3335fe411cdaf150439
S1,leave_environment_residential,34,146,146,01c248f1a331015937603d49797f40b7ef3326d8fbcd91bf6901fe3f74ed871f
S1,leave_environment_residential,35,185,185,06c6e16cf2b3070aa29ffd16081d92251d5462f2819470af34fb1f40d370787e
S1,leave_environment_residential,36,238,238,01545b5e85dddc0cb7f7bcefc29646c837c954ef6fdfe18109e8185dea78eec7
S1,leave_environment_residential,37,255,255,00e922f02611210de1c6dcf1deb9e344bc87a6603f531be793b16243ec5879a7
S1,leave_environment_residential,38,289,289,05e302320092dfad9499d96d3e1142b886d629f28f105c659faf8936ab70e764
S1,leave_environment_residential,39,355,355,0e9e2866754a00aa46bb0eb5252c902325e75d3b1985c765baba765a6085b4f4
S1,leave_environment_residential,40,396,396,01dd509e799053f9498e823d44104b8a3ff9c3afc4c0cbd030e2722e09e96044
S4,leave_day1_out,2,89,89,0f1e1e842bc760bbd39508caf9f9f7c46a0e78635c034529c88771b617327daa
S4,leave_day1_out,3,100,100,19783272409e7b07c1c9bbc63a24920a79df7eae4a3cf9ed401a290bcf2d85f7
S4,leave_day1_out,7,128,128,07fb970b8e8f431d6444723e2a56c561d16a9e6ac401d42230226087aaea4db0
S4,leave_day1_out,8,134,134,1b45df80c9284942bc45899d8fac7998ec8063be02d78331eb856dd2d6d0ce4d
S4,leave_day1_out,9,159,159,0b947112db7575ca87fd6dd97ed150da52859073c2d6f8af835638ea032bcfd2
S4,leave_day1_out,10,1,1,1486c0b5acaa858aa1626a0acfec2664f2598af6d99a2a9a55e8d739b4b12c32
S4,leave_day1_out,11,17,17,296d1666f9f929a69f884fd6322c6c8d34c18fcc6ed419d7c24dc2e0b3808356
S4,leave_day1_out,13,39,39,0d9222140617359c4195b8ab4c2fa37158d3b9177002dde986295187f7fae6e2
S4,leave_day1_out,14,68,68,0257080bef97f605f7e2083e2bfc7eab3e4c2cce3ffb9c2e7d2c612bb0ecaa9b
S4,leave_day1_out,15,73,73,09014c3e455ef6c31f87d4ecb4e99d6547048bd71ff6bae186d2654cc4039dc0
S4,leave_day3_out,2,248,248,0d2392727ab339ac65602382d98f0db35b387a29430576a8a56ab65c686aef14
S4,leave_day3_out,3,274,274,09d6869cd1241b21bb8cafde3f1bb9fdf8805742e71417ccf6bc7385dee1de52
S4,leave_day3_out,7,292,292,020a825b97ec14b2e29d80c804735d7ea997a9551515c7beda612ce44c11918b
S4,leave_day3_out,8,320,320,1056ecda3c9e7b14c2f18f459e6c4e041140a1753dd637ee1f64d94bc654f54b
S4,leave_day3_out,9,328,328,3a977f0c6b83c01a57973fbfdda163125f21ffaed041696581c43b75f0ae5160
S4,leave_day3_out,10,172,172,2eea31f9535ff75ef99e8c2ca6f8434adfaf4799e7291128ffab491d5780ca32
S4,leave_day3_out,11,184,184,02f84d1326692cf2130bc14d70104741262ec7430d2141f93a3e850d37064e91
S4,leave_day3_out,13,199,199,0911a94337ffac514c924a8321c6408758c9aba8757e3b3e8667a1b641dc64b1
S4,leave_day3_out,14,214,214,0a6cfcf7b8c627cf3f2351f51108b93b83a91d07ed7490ec01c5d68564d09889
S4,leave_day3_out,15,235,235,0539144e48ef0a7ad4633a5d0c1f368a2d0167c0dbe13f603a871f4111d71624
S4,leave_day5_out,2,427,427,187ac32f9089174a82f6136dc4f3de5096bfc54087d5b7a5173bc67acbc9c528
S4,leave_day5_out,3,435,435,386976a0433751afd61bd1852b3820920d29ed2d01858cded43ea855819c6607
S4,leave_day5_out,7,451,451,4f46a1afbba770a30d12f67d702576acae8f3aed37127b6a813e8522fa12eebd
S4,leave_day5_out,8,463,463,199102c622465eaed6b6ad4cb595207b9577ff338d73c1a69dd87d49823051b0
S4,leave_day5_out,9,475,475,1987246aa9ee1d252ef1a7fda5ab14cbafd11e3e60d4bf994e09c2777594db3c
S4,leave_day5_out,10,358,358,006d947c2dd3636a41d05dfc3b82b88a4d523961ffecda0f5542b8b4bcb8563f
S4,leave_day5_out,11,383,383,03b9cd7f501d8644c1688f78f9cf7e850349728e3bb3db17435e981ee7723a47
S4,leave_day5_out,13,393,393,05813cf79560bf427b1004cba42f06a93f80f0fabeefa54bdb9b35f7e8faf4cc
S4,leave_day5_out,14,407,407,058e17b74fc89be3b5419d61522684d7f1cfcaa8366c9902d96b8698635e1b1c
S4,leave_day5_out,15,410,410,0d93b4c24d98de151768a05af55259868f31a65a230ac6ee8a96d01a1b2ace11
