file_id,detected_frames,selected_frames,all_starts_match
2,48,12,True
5,49,12,True
8,49,12,True
9,49,12,True
10,49,12,True
11,49,12,True
12,49,12,True
14,49,12,True
16,49,12,True
24,49,12,True
25,49,12,True
26,49,12,True
28,49,12,True
29,49,12,True
32,49,12,True
35,49,12,True
38,49,12,True
40,48,12,True
42,49,12,True
43,49,12,True
44,49,12,True
45,49,12,True
46,49,12,True
47,49,12,True
54,49,12,True
56,49,12,True
57,49,12,True
59,49,12,True
62,49,12,True
63,49,12,True
64,49,12,True
65,49,12,True
69,49,12,True
70,49,12,True
73,49,12,True
75,49,12,True
76,50,12,True
84,49,12,True
86,49,12,True
88,49,12,True
