source,row_id,path,raw_row,start_sample,raw_record_sha256,device,environment
S4,0,ieee_dataport/Datasets/Oregon_LoRa/Diff_Days_Indoor_Setup/Day1/Device10/IQ_1.dat,99,1205248,f5916d640d6e618a9dafb95f439d12fb4c7d8da860487488a55577a1025fb5f6,10,1
S4,1,ieee_dataport/Datasets/Oregon_LoRa/Diff_Days_Indoor_Setup/Day1/Device10/IQ_1.dat,100,8976384,f2007208f66ba421334c8ae33c3aeeeb41d399eb107ae46141631d8037254ea9,10,1
S4,2,ieee_dataport/Datasets/Oregon_LoRa/Diff_Days_Indoor_Setup/Day1/Device10/IQ_1.dat,101,5703680,6c6259b7d861fc53c467c60c1a73a1f6900266f375a80d134005cd75045b7e59,10,1
S4,3,ieee_dataport/Datasets/Oregon_LoRa/Diff_Days_Indoor_Setup/Day1/Device10/IQ_1.dat,102,13474816,b87e717f9e8c20204cc075cab55e4e80c6895fe8c4c8a92e5e927b6d2e52dd04,10,1
S4,4,ieee_dataport/Datasets/Oregon_LoRa/Diff_Days_Indoor_Setup/Day1/Device10/IQ_1.dat,103,17156096,e1a43591ea4567519a8c8290a45eb849e45778a32f6c474fc7a9872668def17b,10,1
S4,5,ieee_dataport/Datasets/Oregon_LoRa/Diff_Days_Indoor_Setup/Day1/Device10/IQ_1.dat,104,9384960,f4c09c44384cd2cc266a47abdb9b4a915f17be464a6df51f0ddac2821c6c0288,10,1
S4,6,ieee_dataport/Datasets/Oregon_LoRa/Diff_Days_Indoor_Setup/Day1/Device10/IQ_1.dat,105,8158208,8b1bd21c443a6a51aef3a714e3a0bd6b77e5b07aecc893e683b8ae7c834f53aa,10,1
S4,7,ieee_dataport/Datasets/Oregon_LoRa/Diff_Days_Indoor_Setup/Day1/Device10/IQ_1.dat,106,2023424,9c57abb4ff08dea5e13c82738c17b5c4925172a513099c99e27c01cabe28da19,10,1
S4,8,ieee_dataport/Datasets/Oregon_LoRa/Diff_Days_Indoor_Setup/Day1/Device10/IQ_1.dat,107,9793536,d76c36218f865a7f883485ca03e0df2b33e5709b5a73beaba0a54af8f5555a01,10,1
S4,9,ieee_dataport/Datasets/Oregon_LoRa/Diff_Days_Indoor_Setup/Day1/Device10/IQ_1.dat,108,2432000,ba4278ca8d4cad54442189280a2ab7fd2df984e86bfc9b6dc909247a597a08a8,10,1
S4,10,ieee_dataport/Datasets/Oregon_LoRa/Diff_Days_Indoor_Setup/Day1/Device10/IQ_1.dat,109,4886528,ae3514b04268121a601fbb7429aba4ccd2a74788a081bddbb6fbb38548a291d2,10,1
S4,11,ieee_dataport/Datasets/Oregon_LoRa/Diff_Days_Indoor_Setup/Day1/Device10/IQ_1.dat,110,15929344,06f18a4db59fa989a7b7a32b493998900358263c2182235241704f9c449ac510,10,1
S4,12,ieee_dataport/Datasets/Oregon_LoRa/Diff_Days_Indoor_Setup/Day1/Device11/IQ_2.dat,245,17186816,5738c9ea798442cc8cf8a21ff431bf7cbc0121c6f6b8b7252c200c33b7f10015,11,1
S4,13,ieee_dataport/Datasets/Oregon_LoRa/Diff_Days_Indoor_Setup/Day1/Device11/IQ_2.dat,246,9415680,2ff5a1b96f304798243753b2e8e9d742e94d2881f8db5b28e847d5ca389a9765,11,1
S4,14,ieee_dataport/Datasets/Oregon_LoRa/Diff_Days_Indoor_Setup/Day1/Device11/IQ_2.dat,247,13505536,235dba3b8057ece4b4b56757187a86179d6a1405ae53d717dba3ea6d5d6d263b,11,1
S4,15,ieee_dataport/Datasets/Oregon_LoRa/Diff_Days_Indoor_Setup/Day1/Device11/IQ_2.dat,248,2462720,669a361d2ec1947950908bd1689c70a6127d86d6462383375ba6896a23c5998a,11,1
S4,16,ieee_dataport/Datasets/Oregon_LoRa/Diff_Days_Indoor_Setup/Day1/Device11/IQ_2.dat,249,4098048,955396701f58d74e3e59e4bb93451ef2c4f4c4a535bcfd5d906eee722fd25e46,11,1
S4,17,ieee_dataport/Datasets/Oregon_LoRa/Diff_Days_Indoor_Setup/Day1/Device11/IQ_2.dat,250,6552576,2b0c5d31aef7b28869ab4bd366947ecaacd144d204205718051f1a38a54e7a91,11,1
S4,18,ieee_dataport/Datasets/Oregon_LoRa/Diff_Days_Indoor_Setup/Day1/Device11/IQ_2.dat,251,11051008,c456f9d7165d18bdd9b0051892c47afef674e4b5e9a55bf905fcdd8ae10d9a3c,11,1
S4,19,ieee_dataport/Datasets/Oregon_LoRa/Diff_Days_Indoor_Setup/Day1/Device11/IQ_2.dat,252,15141888,64759359cc36140f40a50e711036f115aba2a0cc2a08aef0f8a7bff9eecfd679,11,1
S4,20,ieee_dataport/Datasets/Oregon_LoRa/Diff_Days_Indoor_Setup/Day1/Device11/IQ_2.dat,253,1644544,0ef4083db4e68dd3e7cdfc942a5e551f9d022eec7a34105a9e0b5ff172ae45fe,11,1
S4,21,ieee_dataport/Datasets/Oregon_LoRa/Diff_Days_Indoor_Setup/Day1/Device11/IQ_2.dat,254,8597504,e8c334a85b377bc0fbd3d6a19f26268e45377f3e64e100672b1cbb7f029f6d80,11,1
S4,22,ieee_dataport/Datasets/Oregon_LoRa/Diff_Days_Indoor_Setup/Day1/Device11/IQ_2.dat,255,18413568,3aecba3fae6666f311c75f17d8040c77da25c542c94ad8b854e8cf4222169c86,11,1
S4,23,ieee_dataport/Datasets/Oregon_LoRa/Diff_Days_Indoor_Setup/Day1/Device11/IQ_2.dat,256,3280896,65f4eca5fc1774854009b134c25576cef78ff3b351b28bbffc78ee710e96bba5,11,1
S4,24,ieee_dataport/Datasets/Oregon_LoRa/Diff_Days_Indoor_Setup/Day1/Device13/IQ_1.dat,392,7188480,3ab0acf7ce239bcb49f4e23c1177b3b52cb3c2d081f0287407bb3ed869cbdee7,13,1
S4,25,ieee_dataport/Datasets/Oregon_LoRa/Diff_Days_Indoor_Setup/Day1/Device13/IQ_1.dat,393,3915776,735fe1fcd0fffef8ccd4837764f7d4846c6418b9680bb97b6a1018c057ea8493,13,1
S4,26,ieee_dataport/Datasets/Oregon_LoRa/Diff_Days_Indoor_Setup/Day1/Device13/IQ_1.dat,394,5143552,d19850bd12b68cf61de635f3ff2429c46813d5735f9400fcf80d48564526217b,13,1
S4,27,ieee_dataport/Datasets/Oregon_LoRa/Diff_Days_Indoor_Setup/Day1/Device13/IQ_1.dat,395,11278336,895dfd7cb0b5d8fe9b322c61b4be9371bdf295b03a57a6c89d4da593589f1909,13,1
S4,28,ieee_dataport/Datasets/Oregon_LoRa/Diff_Days_Indoor_Setup/Day1/Device13/IQ_1.dat,396,4325376,ee23de18a00bfab8f39f6555bb5b99de1c198fa55bd38e416226f246ca435814,13,1
S4,29,ieee_dataport/Datasets/Oregon_LoRa/Diff_Days_Indoor_Setup/Day1/Device13/IQ_1.dat,397,644096,a06a2cc44e3be85bd57557787b87ad128bcb04fb11a28feb27b4583c3fde8407,13,1
S4,30,ieee_dataport/Datasets/Oregon_LoRa/Diff_Days_Indoor_Setup/Day1/Device13/IQ_1.dat,398,1052672,f8686a2cbc0b174e304606980ed0b95fe45ba27e80c5c6e207c6224139b2bda6,13,1
S4,31,ieee_dataport/Datasets/Oregon_LoRa/Diff_Days_Indoor_Setup/Day1/Device13/IQ_1.dat,399,235520,42b3d25f1898e5dae9af789e025d8f75160818e58688efead4fb2766f67e7cf5,13,1
S4,32,ieee_dataport/Datasets/Oregon_LoRa/Diff_Days_Indoor_Setup/Day1/Device13/IQ_1.dat,400,19458048,e6fd96843efa5b96869c9b6dc1c725c1c55f64c3d8941cfd02705a2eea5486fd,13,1
S4,33,ieee_dataport/Datasets/Oregon_LoRa/Diff_Days_Indoor_Setup/Day1/Device13/IQ_1.dat,401,5552128,ef8935d26c22553de46e7ecff76e8f1e8d1fbbe9e3c7ea1f3d323728866edacd,13,1
S4,34,ieee_dataport/Datasets/Oregon_LoRa/Diff_Days_Indoor_Setup/Day1/Device13/IQ_1.dat,402,10051584,9e146e684f0ff3ab3672bdd900baeb4b495e6e4876c9315dc29dcd81015d707b,13,1
S4,35,ieee_dataport/Datasets/Oregon_LoRa/Diff_Days_Indoor_Setup/Day1/Device13/IQ_1.dat,403,15776768,0cb4be7a6ddd2def5bc895f3687845b30d62e84ace119673b271b51d71323e28,13,1
S4,36,ieee_dataport/Datasets/Oregon_LoRa/Diff_Days_Indoor_Setup/Day1/Device13/IQ_2.dat,441,9174016,1868cbc603d4279a84a73c579f0832a8aa22487cd501c3383f6c16f075661a30,13,1
S4,37,ieee_dataport/Datasets/Oregon_LoRa/Diff_Days_Indoor_Setup/Day1/Device13/IQ_2.dat,442,3857408,6cc768632d3433d10fb50fe82f9315a9f74b5ab4eeab63703f4197bae8fa60a4,13,1
S4,38,ieee_dataport/Datasets/Oregon_LoRa/Diff_Days_Indoor_Setup/Day1/Device13/IQ_2.dat,443,3039232,26083e1219af4dcb6eb0143722217b46fbc3751330c5ede4874684b42723f07a,13,1
S4,39,ieee_dataport/Datasets/Oregon_LoRa/Diff_Days_Indoor_Setup/Day1/Device13/IQ_2.dat,444,5084160,7e0139230a4797c4c82c998d76c3004747ee8b5f5ae386fadcb1358ab270c3e0,13,1
S4,40,ieee_dataport/Datasets/Oregon_LoRa/Diff_Days_Indoor_Setup/Day1/Device13/IQ_2.dat,445,584704,355c6d6e3b1859323538700579231220109e86c83c9fcf304080039b4a37195b,13,1
S4,41,ieee_dataport/Datasets/Oregon_LoRa/Diff_Days_Indoor_Setup/Day1/Device13/IQ_2.dat,446,7947264,30605bd19b1fd8bddbcc3857db4399ed7fb30dce2ba201938028736d476b9f5b,13,1
S4,42,ieee_dataport/Datasets/Oregon_LoRa/Diff_Days_Indoor_Setup/Day1/Device13/IQ_2.dat,447,13672448,2adbd61e61d1adbd74025f3632893c675cdee8a47d8482e08fea46d63e8d5002,13,1
S4,43,ieee_dataport/Datasets/Oregon_LoRa/Diff_Days_Indoor_Setup/Day1/Device13/IQ_2.dat,448,15308800,3da70a158f2e2a24b58b4d0bf64e66f482248b8c86a0c41f7f818232cfa27baf,13,1
S4,44,ieee_dataport/Datasets/Oregon_LoRa/Diff_Days_Indoor_Setup/Day1/Device13/IQ_2.dat,449,7129088,f4d2d090f6761f4cb5f3ac3081b574d0abde860d92e05d6501b05f5f807132f7,13,1
S4,45,ieee_dataport/Datasets/Oregon_LoRa/Diff_Days_Indoor_Setup/Day1/Device13/IQ_2.dat,450,7537664,191de603b10a3b83d002843efc70b4897b681d48f7a9b4addf1972fcbf181021,13,1
S4,46,ieee_dataport/Datasets/Oregon_LoRa/Diff_Days_Indoor_Setup/Day1/Device13/IQ_2.dat,451,12037120,938955a47c1ac2c3886633d07eae3c7e2015e1fddd8441f9f5c1af1e162975d3,13,1
S4,47,ieee_dataport/Datasets/Oregon_LoRa/Diff_Days_Indoor_Setup/Day1/Device13/IQ_2.dat,452,2221056,ee640007e37b35cd22e8348ad4df55b2e8272bd7ac8590f4e91473c8a8f4b8a1,13,1
S4,48,ieee_dataport/Datasets/Oregon_LoRa/Diff_Days_Indoor_Setup/Day1/Device14/IQ_1.dat,490,11202560,2fc7c7eedb185f81e7fb88a327121abe2fa427d0c1d3109f2b47f46ed6e3d52e,14,1
S4,49,ieee_dataport/Datasets/Oregon_LoRa/Diff_Days_Indoor_Setup/Day1/Device14/IQ_1.dat,491,10384384,f4292b2bdb4931c408149da81c672ce085742535b97b7dfb00a5d111e539af09,14,1
S4,50,ieee_dataport/Datasets/Oregon_LoRa/Diff_Days_Indoor_Setup/Day1/Device14/IQ_1.dat,492,1796096,8ad7b000115fc82a47ada78edd12de43c0ad8675b29083688b1b84a519ef8c4e,14,1
S4,51,ieee_dataport/Datasets/Oregon_LoRa/Diff_Days_Indoor_Setup/Day1/Device14/IQ_1.dat,493,4249600,29674762edd77e6635b7c60bc7a800fa686526bfdecbefe2befb0d552a9233f5,14,1
S4,52,ieee_dataport/Datasets/Oregon_LoRa/Diff_Days_Indoor_Setup/Day1/Device14/IQ_1.dat,494,9975808,eac4e4e4b0c8efe469517b494bf50d6adf50e38c98f5ff415a137fa09c511302,14,1
S4,53,ieee_dataport/Datasets/Oregon_LoRa/Diff_Days_Indoor_Setup/Day1/Device14/IQ_1.dat,495,5885952,1856d694306f1bcc785994517f3ae91dc0a050fe18ef53b16002c67837a8d95f,14,1
S4,54,ieee_dataport/Datasets/Oregon_LoRa/Diff_Days_Indoor_Setup/Day1/Device14/IQ_1.dat,496,1386496,ae88b50882b05ded87875f800b19b1c13777e4d4e658e6e8a18b34632aa52449,14,1
S4,55,ieee_dataport/Datasets/Oregon_LoRa/Diff_Days_Indoor_Setup/Day1/Device14/IQ_1.dat,497,19383296,c89bfc5014901eb1849c5541c19abcac6780441499ec66ace9a84fe12f5b50b8,14,1
S4,56,ieee_dataport/Datasets/Oregon_LoRa/Diff_Days_Indoor_Setup/Day1/Device14/IQ_1.dat,498,3841024,b27cc0b5841ae28c8ea6018e54a300518b30840d94a5c8026b3089f8b4b6bd42,14,1
S4,57,ieee_dataport/Datasets/Oregon_LoRa/Diff_Days_Indoor_Setup/Day1/Device14/IQ_1.dat,499,18973696,becaad475f0d11bab21506019d3322a72c39038d9b37b77406382e5cf05feb84,14,1
S4,58,ieee_dataport/Datasets/Oregon_LoRa/Diff_Days_Indoor_Setup/Day1/Device14/IQ_1.dat,500,12429312,9be9a6d0e45f244f21fb30d5ce0f60137aaec2ee0a805601b4b11103f1a8c94d,14,1
S4,59,ieee_dataport/Datasets/Oregon_LoRa/Diff_Days_Indoor_Setup/Day1/Device14/IQ_1.dat,501,18155520,3451d13592897259938f56356e1bcf2212fcdcc8a6282678c58fe7eacd14bdbe,14,1
S4,60,ieee_dataport/Datasets/Oregon_LoRa/Diff_Days_Indoor_Setup/Day1/Device14/IQ_2.dat,539,16477184,91aeafe02f9518599aca59bb67ff839c6aba24151d3c6117413c8aa45e37f225,14,1
S4,61,ieee_dataport/Datasets/Oregon_LoRa/Diff_Days_Indoor_Setup/Day1/Device14/IQ_2.dat,540,18522112,c285b1e05c556e9d38a3503111da4ee5026f43b7a4c5545e7504670818eb2828,14,1
S4,62,ieee_dataport/Datasets/Oregon_LoRa/Diff_Days_Indoor_Setup/Day1/Device14/IQ_2.dat,541,5434368,f380bb6b2e8ff9ffc9c635c7aa42fa57ab4b8800eca46d0afafa0b240520b936,14,1
S4,63,ieee_dataport/Datasets/Oregon_LoRa/Diff_Days_Indoor_Setup/Day1/Device14/IQ_2.dat,542,3389440,70ad346bba4a04c9bdeca0c411003249676682df09c570cbd3667afc96e646d9,14,1
S4,64,ieee_dataport/Datasets/Oregon_LoRa/Diff_Days_Indoor_Setup/Day1/Device14/IQ_2.dat,543,10750976,7e4253af88521f9c8315dc07a432c7a2862bd2ca749c26a0ebbc0105bf15db34,14,1
S4,65,ieee_dataport/Datasets/Oregon_LoRa/Diff_Days_Indoor_Setup/Day1/Device14/IQ_2.dat,544,4207616,61765bbcf6888b92a20cbe05116217f83515d995debe2208ded4e4a9cbc2e430,14,1
S4,66,ieee_dataport/Datasets/Oregon_LoRa/Diff_Days_Indoor_Setup/Day1/Device14/IQ_2.dat,545,7070720,9c145d5b06012f21c8174f5bb30eed3e86670bc38dab5d28436fb45763b75ac7,14,1
S4,67,ieee_dataport/Datasets/Oregon_LoRa/Diff_Days_Indoor_Setup/Day1/Device14/IQ_2.dat,546,17703936,58f924f4f5d1c382f19855e452f0c9ab92aeae0e7793c91ac86edcdab2ea3288,14,1
S4,68,ieee_dataport/Datasets/Oregon_LoRa/Diff_Days_Indoor_Setup/Day1/Device14/IQ_2.dat,547,5842944,71b0d31fd3c119630bed8161bfc0db10adb4a3b9a332234a2f1bc1c00db009ec,14,1
S4,69,ieee_dataport/Datasets/Oregon_LoRa/Diff_Days_Indoor_Setup/Day1/Device14/IQ_2.dat,548,15659008,85bd5089f093af7945e825a34f1deaa040cfec971b0b664a97df8d0301377d0a,14,1
S4,70,ieee_dataport/Datasets/Oregon_LoRa/Diff_Days_Indoor_Setup/Day1/Device14/IQ_2.dat,549,1753088,433838a902ba44a68992f750334af98ff4f110eba4e8c89042c190d46a2ac2cf,14,1
S4,71,ieee_dataport/Datasets/Oregon_LoRa/Diff_Days_Indoor_Setup/Day1/Device14/IQ_2.dat,550,5025792,5a86a74b8f546803d4fe2152d3556fa7977dc2503f6c53433e7f45bf26b73282,14,1
S4,72,ieee_dataport/Datasets/Oregon_LoRa/Diff_Days_Indoor_Setup/Day1/Device15/IQ_1.dat,588,16611328,a9194b3e4b145e2f26a8d2d90d26b3cd4bf35a5659844b01bec105f24b40f5da,15,1
S4,73,ieee_dataport/Datasets/Oregon_LoRa/Diff_Days_Indoor_Setup/Day1/Device15/IQ_1.dat,589,10476544,52338c43d1be4d8097ad4325e85f09146d11c103442d400f89c9d5e16124d9cc,15,1
S4,74,ieee_dataport/Datasets/Oregon_LoRa/Diff_Days_Indoor_Setup/Day1/Device15/IQ_1.dat,590,8840192,66213557df5bd57f27de6a7250daa6dabfac4e0bc591cc6d6ef0f756d0a6f7d7,15,1
S4,75,ieee_dataport/Datasets/Oregon_LoRa/Diff_Days_Indoor_Setup/Day1/Device15/IQ_1.dat,591,3523584,5581e95e72f34c436de23f0a1be422286fdfe0db0cce586cc96380e7632e4e1d,15,1
S4,76,ieee_dataport/Datasets/Oregon_LoRa/Diff_Days_Indoor_Setup/Day1/Device15/IQ_1.dat,592,12521472,1510de4acf0e9647d64122c9ef972743007759f8fad9cbd96a0413a8588c4950,15,1
S4,77,ieee_dataport/Datasets/Oregon_LoRa/Diff_Days_Indoor_Setup/Day1/Device15/IQ_1.dat,593,12930048,f239cb49067b6de4bfaf2659ba88b11ab670aaa939c57b09dd3ae544ed27b63a,15,1
S4,78,ieee_dataport/Datasets/Oregon_LoRa/Diff_Days_Indoor_Setup/Day1/Device15/IQ_1.dat,594,1887232,1f2fa8b29a6162d01d182e496d351f66ea803c15823e5cf74ef962c7584a46e0,15,1
S4,79,ieee_dataport/Datasets/Oregon_LoRa/Diff_Days_Indoor_Setup/Day1/Device15/IQ_1.dat,595,15793152,7473cc695be0f7b1516319579ad9219859dcfde15fc685be98a12a52cb8db446,15,1
S4,80,ieee_dataport/Datasets/Oregon_LoRa/Diff_Days_Indoor_Setup/Day1/Device15/IQ_1.dat,596,7203840,8e0aa47fab9e066a5f96ee36d93bb6e8d5028c220e9c7f5a26c1bfa6d9ed0f60,15,1
S4,81,ieee_dataport/Datasets/Oregon_LoRa/Diff_Days_Indoor_Setup/Day1/Device15/IQ_1.dat,597,19064832,c943910ae619ae69fd6a3059570c369c20d36cf105f3f46a1bf91e4121cc4a10,15,1
S4,82,ieee_dataport/Datasets/Oregon_LoRa/Diff_Days_Indoor_Setup/Day1/Device15/IQ_1.dat,598,6795264,4f38f8d48e8707e8c07caae3455d91b7b99ba6bbbde6cb39379002c8562f28d7,15,1
S4,83,ieee_dataport/Datasets/Oregon_LoRa/Diff_Days_Indoor_Setup/Day1/Device15/IQ_1.dat,599,2705408,f21e76d9934fddcad3ac71ae663c36c278656772942d90c3ac9ea31850ee8a2c,15,1
S4,84,ieee_dataport/Datasets/Oregon_LoRa/Diff_Days_Indoor_Setup/Day1/Device2/IQ_1.dat,686,15227904,437f3cf5e31c66501fa869fbb3f1b24ac0c39a193a6541b0787c6c40bc615367,2,1
S4,85,ieee_dataport/Datasets/Oregon_LoRa/Diff_Days_Indoor_Setup/Day1/Device2/IQ_1.dat,687,1895424,ec7af28d941fe26793e6f623f4341c82d05b76f0bece33517ba7e24a196e3255,2,1
S4,86,ieee_dataport/Datasets/Oregon_LoRa/Diff_Days_Indoor_Setup/Day1/Device2/IQ_1.dat,688,9974784,0affc5edb22c1ca85fed0c5a9a310cee55699a4ec46f0d1c04ca3c55fc93edc6,2,1
S4,87,ieee_dataport/Datasets/Oregon_LoRa/Diff_Days_Indoor_Setup/Day1/Device2/IQ_1.dat,689,3914752,15c65ca42a260524ad9cf6f8f1b2f221a241e87b1a205f3007ab187b2a9e9568,2,1
S4,88,ieee_dataport/Datasets/Oregon_LoRa/Diff_Days_Indoor_Setup/Day1/Device2/IQ_1.dat,690,5530624,0f1adc8c90517a1cb90ae4dcc4c2c395be9aaaacef8747fa07b58c30e40a2fd7,2,1
S4,89,ieee_dataport/Datasets/Oregon_LoRa/Diff_Days_Indoor_Setup/Day1/Device2/IQ_1.dat,691,18460672,804d5f74047707c05ff3c8cc59ec053580911360071e92a8c157bf70d748f7ce,2,1
S4,90,ieee_dataport/Datasets/Oregon_LoRa/Diff_Days_Indoor_Setup/Day1/Device2/IQ_1.dat,692,11590656,36a4560968a1bde5d56f1b49a7f6e6e8950964f12a07c9baf27b5e1cf89d9f82,2,1
S4,91,ieee_dataport/Datasets/Oregon_LoRa/Diff_Days_Indoor_Setup/Day1/Device2/IQ_1.dat,693,10379264,09bf68a92384785024d9f61533da60630d464b5946bdf770d74863aa6aa0b5e1,2,1
S4,92,ieee_dataport/Datasets/Oregon_LoRa/Diff_Days_Indoor_Setup/Day1/Device2/IQ_1.dat,694,19268608,13643e10919d035b77011798b7472304de32b9e09eca01b68c6381df1b09d0e0,2,1
S4,93,ieee_dataport/Datasets/Oregon_LoRa/Diff_Days_Indoor_Setup/Day1/Device2/IQ_1.dat,695,17652736,e85d2c0c00498c009dd6be142ef790549d097a8ff90260d58f0d42bff109efb8,2,1
S4,94,ieee_dataport/Datasets/Oregon_LoRa/Diff_Days_Indoor_Setup/Day1/Device2/IQ_1.dat,696,14824448,536776bf5b174a5023399c9912250d846b505fcf87be68a864da773f0bde4e05,2,1
S4,95,ieee_dataport/Datasets/Oregon_LoRa/Diff_Days_Indoor_Setup/Day1/Device2/IQ_1.dat,697,8763392,44e7dceb8572a95bde0d294ad2086a91c60ba87fb6dbf79abcec81c841de98b0,2,1
S4,96,ieee_dataport/Datasets/Oregon_LoRa/Diff_Days_Indoor_Setup/Day1/Device3/IQ_1.dat,778,15244288,7d9dfd4f371c9dd72f03059d0a7fb869c09b2cab26a347c0c5e4fd53d7541cbe,3,1
S4,97,ieee_dataport/Datasets/Oregon_LoRa/Diff_Days_Indoor_Setup/Day1/Device3/IQ_1.dat,779,3932160,cfdf18a87a06644d69d873412392de863bcaa55d2bc44ca629c667a5d93ef303,3,1
S4,98,ieee_dataport/Datasets/Oregon_LoRa/Diff_Days_Indoor_Setup/Day1/Device3/IQ_1.dat,780,10395648,cfc791da04c6ada7153a750278a0567daa8467a5fb415a25f2a181051a816135,3,1
S4,99,ieee_dataport/Datasets/Oregon_LoRa/Diff_Days_Indoor_Setup/Day1/Device3/IQ_1.dat,781,9184256,a8ae0c6d1bba004ce340be17bf5a9fc186552346a4a89a52acf5950ed5aaeea1,3,1
S4,100,ieee_dataport/Datasets/Oregon_LoRa/Diff_Days_Indoor_Setup/Day1/Device3/IQ_1.dat,782,16455680,e6e866f814d1e3138850d11e426c81fe5b8076ce51fd64732e32e18a6ecf1e4a,3,1
S4,101,ieee_dataport/Datasets/Oregon_LoRa/Diff_Days_Indoor_Setup/Day1/Device3/IQ_1.dat,783,295936,94b8bd27176fea6bb6286494d1f9b25c054aabcf05e4675c91f63b5d529edb0b,3,1
S4,102,ieee_dataport/Datasets/Oregon_LoRa/Diff_Days_Indoor_Setup/Day1/Device3/IQ_1.dat,784,5951488,b2e094d7a1dddf1323c812e0bce1e473596deff0f17289456c4d0f7668a07f7e,3,1
S4,103,ieee_dataport/Datasets/Oregon_LoRa/Diff_Days_Indoor_Setup/Day1/Device3/IQ_1.dat,785,14436352,1f0aaf565a148cd512ad7daa6733ce9ea0f951579fa7d86c34947396eeaa69b6,3,1
S4,104,ieee_dataport/Datasets/Oregon_LoRa/Diff_Days_Indoor_Setup/Day1/Device3/IQ_1.dat,786,18880512,74527749b72863f45bde705bd7a7e991957d4aebf0e9b388d8ff2d50caf8297b,3,1
S4,105,ieee_dataport/Datasets/Oregon_LoRa/Diff_Days_Indoor_Setup/Day1/Device3/IQ_1.dat,787,9587712,23d59dd5003b583f9f14f49862b6c1737318e39add27c88781296cfe063839a9,3,1
S4,106,ieee_dataport/Datasets/Oregon_LoRa/Diff_Days_Indoor_Setup/Day1/Device3/IQ_1.dat,788,6759424,22f5b1133e93814b16bada8202103aa6e2cea55e3f5faf1be98d8584f3a5a798,3,1
S4,107,ieee_dataport/Datasets/Oregon_LoRa/Diff_Days_Indoor_Setup/Day1/Device3/IQ_1.dat,789,10800128,5a5fa7b24958f3e7184c05be00f6b80a357513ec164a3bc88cad23b974b47758,3,1
S4,108,ieee_dataport/Datasets/Oregon_LoRa/Diff_Days_Indoor_Setup/Day1/Device7/IQ_1.dat,1168,10913792,0e69a6bf144bcf568e1792ec01f3df9298aee056bb612dbb58d0d9d4f273608c,7,1
S4,109,ieee_dataport/Datasets/Oregon_LoRa/Diff_Days_Indoor_Setup/Day1/Device7/IQ_1.dat,1169,15821824,41683a6625aa934accbac75c667bb12150469dc0cd3e04953b9ad708b72e015b,7,1
S4,110,ieee_dataport/Datasets/Oregon_LoRa/Diff_Days_Indoor_Setup/Day1/Device7/IQ_1.dat,1170,10505216,446ed0420b8c0868ff831c327703bcacbabdb97a014a91c76c5162a03408a863,7,1
S4,111,ieee_dataport/Datasets/Oregon_LoRa/Diff_Days_Indoor_Setup/Day1/Device7/IQ_1.dat,1171,8460288,e21a749223bcaa803622a8bc552c4f4b860dcc1b5dd3e82fdaaf7b49e5bb9392,7,1
S4,112,ieee_dataport/Datasets/Oregon_LoRa/Diff_Days_Indoor_Setup/Day1/Device7/IQ_1.dat,1172,3960832,e35c71b0f51602d3bb980eb5d7f0c295bb187925e440a3f6fce8e6d576a766a1,7,1
S4,113,ieee_dataport/Datasets/Oregon_LoRa/Diff_Days_Indoor_Setup/Day1/Device7/IQ_1.dat,1173,7642112,4e9d574e43e90a6df871537b5606797e9c9c5db591a22df093edc325ee434629,7,1
S4,114,ieee_dataport/Datasets/Oregon_LoRa/Diff_Days_Indoor_Setup/Day1/Device7/IQ_1.dat,1174,3552256,d894a326faf41e7364c46fa7f08996938a0dc42b237b424c034ce87d22b9c251,7,1
S4,115,ieee_dataport/Datasets/Oregon_LoRa/Diff_Days_Indoor_Setup/Day1/Device7/IQ_1.dat,1175,279552,d6f0f56dc8498f49f1f26f22f4535b6e26780209b56df3e305dc1ec8a5525075,7,1
S4,116,ieee_dataport/Datasets/Oregon_LoRa/Diff_Days_Indoor_Setup/Day1/Device7/IQ_1.dat,1176,17866752,6c0bffafb8f76cd60dbaecc166ba07e1089d0e351fe3f8879b51f60a91fba075,7,1
S4,117,ieee_dataport/Datasets/Oregon_LoRa/Diff_Days_Indoor_Setup/Day1/Device7/IQ_1.dat,1177,4369408,f32dc3b3cc09f7e45daf430ef887a248fa882d3fc8460cd1293905e2ceb9af1d,7,1
S4,118,ieee_dataport/Datasets/Oregon_LoRa/Diff_Days_Indoor_Setup/Day1/Device7/IQ_1.dat,1178,1915904,73ed6ea83c1b889923057d2fabfda991164f15ff46438fa16c1b4076c70a4c8e,7,1
S4,119,ieee_dataport/Datasets/Oregon_LoRa/Diff_Days_Indoor_Setup/Day1/Device7/IQ_1.dat,1179,6415360,97ea3154e2a57c21af3663262a00ef27c594fbaae80586702221c4e8a166d7cb,7,1
S4,120,ieee_dataport/Datasets/Oregon_LoRa/Diff_Days_Indoor_Setup/Day1/Device7/IQ_2.dat,1217,10798080,acaab5b781fe1ed25ac61ec1ba76e99b79be83f7991443c234125a5ba6412714,7,1
S4,121,ieee_dataport/Datasets/Oregon_LoRa/Diff_Days_Indoor_Setup/Day1/Device7/IQ_2.dat,1218,17342464,6de636a2c8eb046f7a86ded8ca4b3b4bed9d197e5747b5491ddf8feb39081e7c,7,1
S4,122,ieee_dataport/Datasets/Oregon_LoRa/Diff_Days_Indoor_Setup/Day1/Device7/IQ_2.dat,1219,9161728,8ae8d0e33b2558b2ec15b249b06522cea7b2163164405319c7fabada1d7b41e4,7,1
S4,123,ieee_dataport/Datasets/Oregon_LoRa/Diff_Days_Indoor_Setup/Day1/Device7/IQ_2.dat,1220,6708224,3c4abd4e3fa22527b3d61525d604003a699d44e48b2c0cba2bf06256734f740b,7,1
S4,124,ieee_dataport/Datasets/Oregon_LoRa/Diff_Days_Indoor_Setup/Day1/Device7/IQ_2.dat,1221,5071872,6dbb01c2650f3c0abf9a30be1fbaa1807e840b9485a1235317f8d0ce2ec13457,7,1
S4,125,ieee_dataport/Datasets/Oregon_LoRa/Diff_Days_Indoor_Setup/Day1/Device7/IQ_2.dat,1222,5480448,d270252367e09acd225a607bae681e458786a3d55d8839e32e74ebafd87ce324,7,1
S4,126,ieee_dataport/Datasets/Oregon_LoRa/Diff_Days_Indoor_Setup/Day1/Device7/IQ_2.dat,1223,16114688,726f6c7ca5660adca9ef6802e21a939b80f10cdc66b2853db722e7b51bf3af24,7,1
S4,127,ieee_dataport/Datasets/Oregon_LoRa/Diff_Days_Indoor_Setup/Day1/Device7/IQ_2.dat,1224,15296512,45b1dfaea6dbfb53c8679f6d160886664a2b3c71d2bfe802f3934f0b87fe6a42,7,1
S4,128,ieee_dataport/Datasets/Oregon_LoRa/Diff_Days_Indoor_Setup/Day1/Device7/IQ_2.dat,1225,5890048,740697f79b8923bb2b11f3117e5df1d2a84389fee10144c8e40c426ac8fb1451,7,1
S4,129,ieee_dataport/Datasets/Oregon_LoRa/Diff_Days_Indoor_Setup/Day1/Device7/IQ_2.dat,1226,17751040,da8b1352c3faf9bc11c8f7b85b7d6bcd65716ad5094aedc98607a8f34bac437b,7,1
S4,130,ieee_dataport/Datasets/Oregon_LoRa/Diff_Days_Indoor_Setup/Day1/Device7/IQ_2.dat,1227,12843008,a0212661d8e1b95e8b16ff3bcf63999f624b7cc3b7d6f928b2585b13155ba7cf,7,1
S4,131,ieee_dataport/Datasets/Oregon_LoRa/Diff_Days_Indoor_Setup/Day1/Device7/IQ_2.dat,1228,16932864,6972e66d3e9df5b81ea6ef5fd8ba3b26a47efcd84d04cbacb8bdea9e339f503a,7,1
S4,132,ieee_dataport/Datasets/Oregon_LoRa/Diff_Days_Indoor_Setup/Day1/Device8/IQ_1.dat,1266,12196864,47eec4f10bb5c370da9e787118a9840064ce4508adf0d262992bc9aceb3faabd,8,1
S4,133,ieee_dataport/Datasets/Oregon_LoRa/Diff_Days_Indoor_Setup/Day1/Device8/IQ_1.dat,1267,8515584,2eace4b8540ffff93b677bd6939178f585050d81d27964bf79d78e1ef48c7454,8,1
S4,134,ieee_dataport/Datasets/Oregon_LoRa/Diff_Days_Indoor_Setup/Day1/Device8/IQ_1.dat,1268,17104896,47d71316b003cf78d23673efbbea609982aa1eba35680714c8924326181711b3,8,1
S4,135,ieee_dataport/Datasets/Oregon_LoRa/Diff_Days_Indoor_Setup/Day1/Device8/IQ_1.dat,1269,14651392,fd8f86b8c6d74826851fe7b406287c1ffe3a53fa318daef379a32789783cc6bc,8,1
S4,136,ieee_dataport/Datasets/Oregon_LoRa/Diff_Days_Indoor_Setup/Day1/Device8/IQ_1.dat,1270,10970112,9a29548d2aaa2b1cf46f3747ff3bc8e4cc0216d957d0c5af4387c366d215bc10,8,1
S4,137,ieee_dataport/Datasets/Oregon_LoRa/Diff_Days_Indoor_Setup/Day1/Device8/IQ_1.dat,1271,5652480,e4232c41ffb7b0ad54b3cbdb8595079c8c63684b6d2f7a0673e4d7c290131a88,8,1
S4,138,ieee_dataport/Datasets/Oregon_LoRa/Diff_Days_Indoor_Setup/Day1/Device8/IQ_1.dat,1272,9333760,657880759a7339340738369fb86b17dbae7207bd6e1072f2f41d389686f645e8,8,1
S4,139,ieee_dataport/Datasets/Oregon_LoRa/Diff_Days_Indoor_Setup/Day1/Device8/IQ_1.dat,1273,19968000,d5d5175043316fd2d5aca98ed5791dc4cf13bddda5cb4b35b48d50d8ca32c554,8,1
S4,140,ieee_dataport/Datasets/Oregon_LoRa/Diff_Days_Indoor_Setup/Day1/Device8/IQ_1.dat,1274,17513472,1ef6198072b89497a597d62b3701bd8a0987a61ce017d1d3b62da5fbfa9159db,8,1
S4,141,ieee_dataport/Datasets/Oregon_LoRa/Diff_Days_Indoor_Setup/Day1/Device8/IQ_1.dat,1275,15468544,e323b8fa822dd75f567cdb48a99165efd953c301f2ea57a21294d0bccabdbb4a,8,1
S4,142,ieee_dataport/Datasets/Oregon_LoRa/Diff_Days_Indoor_Setup/Day1/Device8/IQ_1.dat,1276,4017152,52554a0ddef9b724874a96d3004d1b2caebc5b87040eac47d6ca08d643505ed2,8,1
S4,143,ieee_dataport/Datasets/Oregon_LoRa/Diff_Days_Indoor_Setup/Day1/Device8/IQ_1.dat,1277,8925184,c80c160648f11d1464754d0388a438fc9f26ed6bebf790c3377231a127b76611,8,1
S4,144,ieee_dataport/Datasets/Oregon_LoRa/Diff_Days_Indoor_Setup/Day1/Device9/IQ_1.dat,1364,18938880,85adce7999549fdd95f0cb2e16f2b4224c30cecbbf4b058889ca47ada9e62447,9,1
S4,145,ieee_dataport/Datasets/Oregon_LoRa/Diff_Days_Indoor_Setup/Day1/Device9/IQ_1.dat,1365,10349568,3b1788de5a5277c938021599fd3e80e1b2259956d3a33bffc99723251b099a6a,9,1
S4,146,ieee_dataport/Datasets/Oregon_LoRa/Diff_Days_Indoor_Setup/Day1/Device9/IQ_1.dat,1366,7077888,fee78025c9ed29959df9131a2cfccf7bbea0d760bb6b7a53c4dfd6a8670df549,9,1
S4,147,ieee_dataport/Datasets/Oregon_LoRa/Diff_Days_Indoor_Setup/Day1/Device9/IQ_1.dat,1367,3396608,3a589019784c293907b70178ecd890a8208ef9b20e569b013d44fbf13c71e704,9,1
S4,148,ieee_dataport/Datasets/Oregon_LoRa/Diff_Days_Indoor_Setup/Day1/Device9/IQ_1.dat,1368,13212672,4aad7b98ce5dd130370d92de2dc01049bff5e79480f94c54b9ff4dc2775a6690,9,1
S4,149,ieee_dataport/Datasets/Oregon_LoRa/Diff_Days_Indoor_Setup/Day1/Device9/IQ_1.dat,1369,2988032,b4838668f2309c14653841fd57da4b6b5a066f7e68ded761b94df4889853b687,9,1
S4,150,ieee_dataport/Datasets/Oregon_LoRa/Diff_Days_Indoor_Setup/Day1/Device9/IQ_1.dat,1370,8304640,2fce20aa7d1cd5276f7372a87dedb74eef110833b49162ad3e5902e232bad198,9,1
S4,151,ieee_dataport/Datasets/Oregon_LoRa/Diff_Days_Indoor_Setup/Day1/Device9/IQ_1.dat,1371,15257600,c2cf68acdd614c82320b7eac0beadeeb3e7bb152927eb6f0491fe359efdfbef1,9,1
S4,152,ieee_dataport/Datasets/Oregon_LoRa/Diff_Days_Indoor_Setup/Day1/Device9/IQ_1.dat,1372,11167744,e9babfaf59e5716dcacc499d2e3bddccab10bd799607f0ea3f7a2edbf32a3710,9,1
S4,153,ieee_dataport/Datasets/Oregon_LoRa/Diff_Days_Indoor_Setup/Day1/Device9/IQ_1.dat,1373,4624384,0072b2ef52454aff9b2af48399e0f7bc76e128d2a2df06d4121fb384688d56e4,9,1
S4,154,ieee_dataport/Datasets/Oregon_LoRa/Diff_Days_Indoor_Setup/Day1/Device9/IQ_1.dat,1374,2578432,a523e9e699effddb4f6294ee88d7648f8560991a8917dc8da0b9cf9b0d402ef9,9,1
S4,155,ieee_dataport/Datasets/Oregon_LoRa/Diff_Days_Indoor_Setup/Day1/Device9/IQ_1.dat,1375,3806208,dd330b086c2453f528fa44be7d4e05d9e8070cf9ee9ad08caddbbae4fbec0d36,9,1
S4,156,ieee_dataport/Datasets/Oregon_LoRa/Diff_Days_Indoor_Setup/Day1/Device9/IQ_2.dat,1413,1750016,c574aff9d2b5df385cb491b3176ed9bb35281804a001e0ec2113f5279b634e2f,9,1
S4,157,ieee_dataport/Datasets/Oregon_LoRa/Diff_Days_Indoor_Setup/Day1/Device9/IQ_2.dat,1414,8294400,23715d231da93250ab87de43e5d6d2c341dda988e68bf9eb7f27b73c72b73d18,9,1
S4,158,ieee_dataport/Datasets/Oregon_LoRa/Diff_Days_Indoor_Setup/Day1/Device9/IQ_2.dat,1415,4204544,1c5b7a03bdbc87775e8e801e90d18ef9e36b6332bf8ad6c6eb6adab2b7990982,9,1
S4,159,ieee_dataport/Datasets/Oregon_LoRa/Diff_Days_Indoor_Setup/Day1/Device9/IQ_2.dat,1416,15247360,4467551e302313929d94032d8f2c92cb55b436975d4978e77b5afaa92d3c08e8,9,1
S4,160,ieee_dataport/Datasets/Oregon_LoRa/Diff_Days_Indoor_Setup/Day1/Device9/IQ_2.dat,1417,2159616,c5b6341d76e0b3f7bde9898b272d3e72998e0771ced51ba691d4c573bf338db3,9,1
S4,161,ieee_dataport/Datasets/Oregon_LoRa/Diff_Days_Indoor_Setup/Day1/Device9/IQ_2.dat,1418,15655936,17faa63be799dd91ac366b79a1a2b6f5f7fd3085b0229a471a4a875e0309470a,9,1
S4,162,ieee_dataport/Datasets/Oregon_LoRa/Diff_Days_Indoor_Setup/Day1/Device9/IQ_2.dat,1419,16065536,cc300ecd235b842f2a936dc903c1574789a69bf27249cad4826a60efb34e49ae,9,1
S4,163,ieee_dataport/Datasets/Oregon_LoRa/Diff_Days_Indoor_Setup/Day1/Device9/IQ_2.dat,1420,17700864,661db13f9477b098f2cde09c765f9e0c02096e2b5214d8a83cadf9e34bf03160,9,1
S4,164,ieee_dataport/Datasets/Oregon_LoRa/Diff_Days_Indoor_Setup/Day1/Device9/IQ_2.dat,1421,931840,ec9966a9192a8992f13663c4e3fe7d7499e6b815570645a01799503f3fc7daf6,9,1
S4,165,ieee_dataport/Datasets/Oregon_LoRa/Diff_Days_Indoor_Setup/Day1/Device9/IQ_2.dat,1422,8702976,193f818febcd16c16d671d2ab327d9ee7cb4906411b640f0a22d2ac9c643ced5,9,1
S4,166,ieee_dataport/Datasets/Oregon_LoRa/Diff_Days_Indoor_Setup/Day1/Device9/IQ_2.dat,1423,10339328,4e5fad32df60b10cc38703a8a69db1a66bf4f90eea65dd7316d314025b34e8de,9,1
S4,167,ieee_dataport/Datasets/Oregon_LoRa/Diff_Days_Indoor_Setup/Day1/Device9/IQ_2.dat,1424,19337216,26085489471ab0a2dca21a596ca85319f79ac5464d5f2aea80dcec3fcca15795,9,1
S4,168,ieee_dataport/Datasets/Oregon_LoRa/Diff_Days_Indoor_Setup/Day3/Device10/IQ_1.dat,1560,13931520,308b506c1acb55610f957b2f3ad76bd31c1e651d059c87241b46d9094f26a90f,10,3
S4,169,ieee_dataport/Datasets/Oregon_LoRa/Diff_Days_Indoor_Setup/Day3/Device10/IQ_1.dat,1561,4933632,2fab27bfaa9aada37875e3f478112d13d53ddfde690f26c7e0ca7251661049a3,10,3
S4,170,ieee_dataport/Datasets/Oregon_LoRa/Diff_Days_Indoor_Setup/Day3/Device10/IQ_1.dat,1562,18839552,c9cb2d077a756ed7cc3f75fca6c1894ab03912ed69be9983e750f195f0b9e76e,10,3
S4,171,ieee_dataport/Datasets/Oregon_LoRa/Diff_Days_Indoor_Setup/Day3/Device10/IQ_1.dat,1563,3705856,ac5d77eea4ed53840aaa7d887abdd2ead166aaf39693990e33d0c740b90c1f49,10,3
S4,172,ieee_dataport/Datasets/Oregon_LoRa/Diff_Days_Indoor_Setup/Day3/Device10/IQ_1.dat,1564,25600,c363755d50582b5486077a9289d769d9595169ac355c791813bee1dd018cda97,10,3
S4,173,ieee_dataport/Datasets/Oregon_LoRa/Diff_Days_Indoor_Setup/Day3/Device10/IQ_1.dat,1565,15566848,aea4c7f39a1a3838e29a05020bea81512a0fe558a6ab7b81df2ad199afdc59ef,10,3
S4,174,ieee_dataport/Datasets/Oregon_LoRa/Diff_Days_Indoor_Setup/Day3/Device10/IQ_1.dat,1566,5750784,ffd724ca45c6e665abb6a63f2fe467baa4add6657c9c80ebf7e119913da85e23,10,3
S4,175,ieee_dataport/Datasets/Oregon_LoRa/Diff_Days_Indoor_Setup/Day3/Device10/IQ_1.dat,1567,9432064,7246d0ac00d36e42253ac9c02f4e5edfe6381386c23a06587bb99d0e7a5b3f4e,10,3
S4,176,ieee_dataport/Datasets/Oregon_LoRa/Diff_Days_Indoor_Setup/Day3/Device10/IQ_1.dat,1568,4115456,59df96ada2645c4578b8fe8343ec392dc316b6d9211043423da8a1ec1d2c3f26,10,3
S4,177,ieee_dataport/Datasets/Oregon_LoRa/Diff_Days_Indoor_Setup/Day3/Device10/IQ_1.dat,1569,10658816,a70bc72f87cdfcccbb1f5bd20ed2e3ba2e1a696b905894dd4fa1a4ea635fed0d,10,3
S4,178,ieee_dataport/Datasets/Oregon_LoRa/Diff_Days_Indoor_Setup/Day3/Device10/IQ_1.dat,1570,10250240,6de412c6686575558eb94ea8f61a3d0b6230b387a4478463524435fbc0750f3f,10,3
S4,179,ieee_dataport/Datasets/Oregon_LoRa/Diff_Days_Indoor_Setup/Day3/Device10/IQ_1.dat,1571,6978560,02b49e18c7286e44cb0227f0093d47535ec8a0817067f5e13ebf40f94a95535b,10,3
S4,180,ieee_dataport/Datasets/Oregon_LoRa/Diff_Days_Indoor_Setup/Day3/Device11/IQ_2.dat,1707,17494016,27a97a6490cbf0a39d31ef0a79021427e2323211d7534a7df401dd3d1711c21d,11,3
S4,181,ieee_dataport/Datasets/Oregon_LoRa/Diff_Days_Indoor_Setup/Day3/Device11/IQ_2.dat,1708,10541056,3b3439ab79740a3f8886b1e855a88747dff512cf7d7dab157e9b2848a2ab49a3,11,3
S4,182,ieee_dataport/Datasets/Oregon_LoRa/Diff_Days_Indoor_Setup/Day3/Device11/IQ_2.dat,1709,724992,207ea264ecd5ca1a35b64a557d66a01c7630f60959c631d4235fc0fd9de203c6,11,3
S4,183,ieee_dataport/Datasets/Oregon_LoRa/Diff_Days_Indoor_Setup/Day3/Device11/IQ_2.dat,1710,19129344,6394ef83aabf2d06c26c75fbf98d4ebc9ebc23c7bca6ecdcff59c94844a4483e,11,3
S4,184,ieee_dataport/Datasets/Oregon_LoRa/Diff_Days_Indoor_Setup/Day3/Device11/IQ_2.dat,1711,9722880,b535bd77c032261e08fb0654f9e6f285bcd5562c1ba5bd335e98de578eadd259,11,3
S4,185,ieee_dataport/Datasets/Oregon_LoRa/Diff_Days_Indoor_Setup/Day3/Device11/IQ_2.dat,1712,13812736,4ce1a3e3d3560a66d8cf61575ee6369bbd7acd450ca046b4254a510b6b0bbe08,11,3
S4,186,ieee_dataport/Datasets/Oregon_LoRa/Diff_Days_Indoor_Setup/Day3/Device11/IQ_2.dat,1713,4405248,2d803cd57511a4ff1077de3e970248527c9662850c3991d6b7e3e28c6a9b833b,11,3
S4,187,ieee_dataport/Datasets/Oregon_LoRa/Diff_Days_Indoor_Setup/Day3/Device11/IQ_2.dat,1714,10949632,8f11c71e8653b4ffe27c998c5a186598d8a0948d2ff694f9f404071b833de833,11,3
S4,188,ieee_dataport/Datasets/Oregon_LoRa/Diff_Days_Indoor_Setup/Day3/Device11/IQ_2.dat,1715,15857664,6fbc69e4358438608c3b194c8dd4caf5eec0164b40288f18d261c748e50f3747,11,3
S4,189,ieee_dataport/Datasets/Oregon_LoRa/Diff_Days_Indoor_Setup/Day3/Device11/IQ_2.dat,1716,1951744,e7ebbac153594f31af3eaf8c5aa0ddd5a0c1b9a3c2781ef601601ca2404f9c4a,11,3
S4,190,ieee_dataport/Datasets/Oregon_LoRa/Diff_Days_Indoor_Setup/Day3/Device11/IQ_2.dat,1717,12994560,d679ac59cb68ae22ffbd6bd35804c152b9d2ddfd0879ac39f41028918a62f0e7,11,3
S4,191,ieee_dataport/Datasets/Oregon_LoRa/Diff_Days_Indoor_Setup/Day3/Device11/IQ_2.dat,1718,19538944,c3f97ba4390991b70a1a98a5a85f21a2d9c2286b57098122fca967e14d8a985d,11,3
S4,192,ieee_dataport/Datasets/Oregon_LoRa/Diff_Days_Indoor_Setup/Day3/Device13/IQ_1.dat,1854,11371520,09591e1fde1d5823399f6a7879665bf234e34497a3ea436a1bdcc4e8882b2bd7,13,3
S4,193,ieee_dataport/Datasets/Oregon_LoRa/Diff_Days_Indoor_Setup/Day3/Device13/IQ_1.dat,1855,18324480,b90727a3df81bb30559b070f2e33c326623793f9541ff7b6bfdad61e6e918662,13,3
S4,194,ieee_dataport/Datasets/Oregon_LoRa/Diff_Days_Indoor_Setup/Day3/Device13/IQ_1.dat,1856,13826048,936d14162822cd358f14d4a3fcbced2ddc8befc65ee31fe043abe1ffbc0773da,13,3
S4,195,ieee_dataport/Datasets/Oregon_LoRa/Diff_Days_Indoor_Setup/Day3/Device13/IQ_1.dat,1857,2783232,ececb6cfcd3e1a1aeac7a3eaa2a6d2a143efb10803648b59aa1f8c97440b5104,13,3
S4,196,ieee_dataport/Datasets/Oregon_LoRa/Diff_Days_Indoor_Setup/Day3/Device13/IQ_1.dat,1858,6054912,1be132c9b89b8400a559bd8849a550f31761129612da7ce6d81dc28e698b9e82,13,3
S4,197,ieee_dataport/Datasets/Oregon_LoRa/Diff_Days_Indoor_Setup/Day3/Device13/IQ_1.dat,1859,9326592,e1f1f3c0ee804a465b18383dc81ca3d0dd830fc75c847f55dd917298502076fe,13,3
S4,198,ieee_dataport/Datasets/Oregon_LoRa/Diff_Days_Indoor_Setup/Day3/Device13/IQ_1.dat,1860,10554368,39e526757bfc8e7ef7a02e23de5f9e09d1d31b1fa2b09defa0f4181f22272393,13,3
S4,199,ieee_dataport/Datasets/Oregon_LoRa/Diff_Days_Indoor_Setup/Day3/Device13/IQ_1.dat,1861,10144768,d045d0bd394d03196d8706b1b79a2d5d0983f735ebdee22a6ee52b64d3ab5616,13,3
S4,200,ieee_dataport/Datasets/Oregon_LoRa/Diff_Days_Indoor_Setup/Day3/Device13/IQ_1.dat,1862,13007872,c057a8dc8721cda633ec3fe2646b0fff77d5914fa77f557caae8bc8b46a3aca4,13,3
S4,201,ieee_dataport/Datasets/Oregon_LoRa/Diff_Days_Indoor_Setup/Day3/Device13/IQ_1.dat,1863,14234624,7b9c20354a71b74b0b3f781ca295bf78665b3fb3dc1bd648b62088e0c8aa755b,13,3
S4,202,ieee_dataport/Datasets/Oregon_LoRa/Diff_Days_Indoor_Setup/Day3/Device13/IQ_1.dat,1864,8508416,660494a8385de2a1b0fa6f3843fcfbee3808ed496bd016b6950ed2ae6c4b7cd7,13,3
S4,203,ieee_dataport/Datasets/Oregon_LoRa/Diff_Days_Indoor_Setup/Day3/Device13/IQ_1.dat,1865,1555456,94657ee05152b02bbb375e0a72da9091232eeb8c6cacd6c6f4e454c16f38908a,13,3
S4,204,ieee_dataport/Datasets/Oregon_LoRa/Diff_Days_Indoor_Setup/Day3/Device14/IQ_1.dat,1952,7333888,394559fc458aa48a0cf2ad1019faa044a8c3bbb22e4bd0065eca305c6b535e3a,14,3
S4,205,ieee_dataport/Datasets/Oregon_LoRa/Diff_Days_Indoor_Setup/Day3/Device14/IQ_1.dat,1953,10196992,402d6e63535e1430fab843f221bb57eff4e7bd24717d5c6ed4be7859c99b3c92,14,3
S4,206,ieee_dataport/Datasets/Oregon_LoRa/Diff_Days_Indoor_Setup/Day3/Device14/IQ_1.dat,1954,15105024,13490f14d7485281f81da6a351ec3310db8a4827c369df729e494bfd6cb7818a,14,3
S4,207,ieee_dataport/Datasets/Oregon_LoRa/Diff_Days_Indoor_Setup/Day3/Device14/IQ_1.dat,1955,19194880,4b129d1a5efd4991b9805978fc9eb1db5b7ed2140a5f564da325039d6c41df4d,14,3
S4,208,ieee_dataport/Datasets/Oregon_LoRa/Diff_Days_Indoor_Setup/Day3/Device14/IQ_1.dat,1956,18786304,c4cd4fc63eb2cf1840fc61f2446ee0a7885ffa199b7ae64bb7dc7a78f859ef15,14,3
S4,209,ieee_dataport/Datasets/Oregon_LoRa/Diff_Days_Indoor_Setup/Day3/Device14/IQ_1.dat,1957,6107136,42715ca4cc61d9b716577c1b8fc027bc55b13bb575db8afa7ee9fd16209af20c,14,3
S4,210,ieee_dataport/Datasets/Oregon_LoRa/Diff_Days_Indoor_Setup/Day3/Device14/IQ_1.dat,1958,4062208,10e6d4ca83be7ceb171274a1b87192bd6475c48c5b0fa79a7e32be8a6ebabf09,14,3
S4,211,ieee_dataport/Datasets/Oregon_LoRa/Diff_Days_Indoor_Setup/Day3/Device14/IQ_1.dat,1959,4470784,f710f2e9accf159695c7d32abb59fa07f143477c86e92217d82e1c045050a8dc,14,3
S4,212,ieee_dataport/Datasets/Oregon_LoRa/Diff_Days_Indoor_Setup/Day3/Device14/IQ_1.dat,1960,10606592,229a5e2deae2b933bb1925e97fa08af58673d8986c49a495fcee658ed6362aa4,14,3
S4,213,ieee_dataport/Datasets/Oregon_LoRa/Diff_Days_Indoor_Setup/Day3/Device14/IQ_1.dat,1961,18376704,cb7dba5fdf37f4f5b72ab55cd3f814409bdab6d855ff963241978edb67a2735e,14,3
S4,214,ieee_dataport/Datasets/Oregon_LoRa/Diff_Days_Indoor_Setup/Day3/Device14/IQ_1.dat,1962,11423744,5ea788be58bb383c2855d99674864e0f9748fb5ae0d4b31e08429042216de924,14,3
S4,215,ieee_dataport/Datasets/Oregon_LoRa/Diff_Days_Indoor_Setup/Day3/Device14/IQ_1.dat,1963,13878272,35242f7eaeeda81fc9981acd6e3e15be3528726835f66a4152696cfa1834bcc9,14,3
S4,216,ieee_dataport/Datasets/Oregon_LoRa/Diff_Days_Indoor_Setup/Day3/Device15/IQ_1.dat,2049,4238336,b297ab0df6aa62608384dc732a4aebdeb8f92fc7c49ed75ed7c49dfb548c372b,15,3
S4,217,ieee_dataport/Datasets/Oregon_LoRa/Diff_Days_Indoor_Setup/Day3/Device15/IQ_1.dat,2050,12827648,f82c38ea8e22bd3b5b7e97dcd7f78e93f7faeee9b9a70434ea953b4c39e6c412,15,3
S4,218,ieee_dataport/Datasets/Oregon_LoRa/Diff_Days_Indoor_Setup/Day3/Device15/IQ_1.dat,2051,7101440,2356a3b7188f9c00d964731a015a98e11660e47528bf84e9d2213fbbb5252c98,15,3
S4,219,ieee_dataport/Datasets/Oregon_LoRa/Diff_Days_Indoor_Setup/Day3/Device15/IQ_1.dat,2052,12009472,f3277f97161589befaae3ce7717cae2b835c801f9c12a3dcf8101a3f73860531,15,3
S4,220,ieee_dataport/Datasets/Oregon_LoRa/Diff_Days_Indoor_Setup/Day3/Device15/IQ_1.dat,2053,13236224,5a90912473ade903a6d1cf2e469403ab9626d3f4a2f191de9a908cd5be0e6596,15,3
S4,221,ieee_dataport/Datasets/Oregon_LoRa/Diff_Days_Indoor_Setup/Day3/Device15/IQ_1.dat,2054,5056512,a8e996b8c907775ae7e1523fd698cf2f34b10bcd937beba480cb194d72a8a0c6,15,3
S4,222,ieee_dataport/Datasets/Oregon_LoRa/Diff_Days_Indoor_Setup/Day3/Device15/IQ_1.dat,2055,5874688,0270b35931530ebe7c4342708d9a9fb276fc73c4e1c4cf568d0b7ce8efc07848,15,3
S4,223,ieee_dataport/Datasets/Oregon_LoRa/Diff_Days_Indoor_Setup/Day3/Device15/IQ_1.dat,2056,3829760,cb419738f313478585281c9a4409457e3463e4f02b707f03586b0a3245a59ad9,15,3
S4,224,ieee_dataport/Datasets/Oregon_LoRa/Diff_Days_Indoor_Setup/Day3/Device15/IQ_1.dat,2057,9554944,3b8eda66e9f535182c16a97e7a156fde6ad95099bf058c19dbb0fe47ce6fc45c,15,3
S4,225,ieee_dataport/Datasets/Oregon_LoRa/Diff_Days_Indoor_Setup/Day3/Device15/IQ_1.dat,2058,1784832,69ba1ab8e82e0a1380107b5e0b16db886eecb6dfecb0e1b2470c64ba04af4d47,15,3
S4,226,ieee_dataport/Datasets/Oregon_LoRa/Diff_Days_Indoor_Setup/Day3/Device15/IQ_1.dat,2059,15690752,99d5a64d5fd6a3bbcee9640c0aba5c6c3d50342557bf71ee6a30bcf36a5851b7,15,3
S4,227,ieee_dataport/Datasets/Oregon_LoRa/Diff_Days_Indoor_Setup/Day3/Device15/IQ_1.dat,2060,3011584,4ee6a85e710114556a34c3b8ec495e191cb61f73ff2087dfb3a7451c2b411d18,15,3
S4,228,ieee_dataport/Datasets/Oregon_LoRa/Diff_Days_Indoor_Setup/Day3/Device15/IQ_2.dat,2098,7632896,2c6eb537873f1eae1211b34bbffa082efcb7d790c435d88513b38a1d6e4bcfcc,15,3
S4,229,ieee_dataport/Datasets/Oregon_LoRa/Diff_Days_Indoor_Setup/Day3/Device15/IQ_2.dat,2099,10496000,2f6fe5ab9dfadcb9e6c56944e63183ec8700d4287a1f26cd9fc7462c30d62f79,15,3
S4,230,ieee_dataport/Datasets/Oregon_LoRa/Diff_Days_Indoor_Setup/Day3/Device15/IQ_2.dat,2100,1906688,f056f138185d2e969da6ab1e36c8bdd4a8c99a4f391ba93c4f983082760d108b,15,3
S4,231,ieee_dataport/Datasets/Oregon_LoRa/Diff_Days_Indoor_Setup/Day3/Device15/IQ_2.dat,2101,5996544,cde646c5f805b4e1175b154d0c3a4f2ee5ca9d6769293299288e475923f8540f,15,3
S4,232,ieee_dataport/Datasets/Oregon_LoRa/Diff_Days_Indoor_Setup/Day3/Device15/IQ_2.dat,2102,11722752,f15daf3e35900592d89686ed17680daedd46d7346cdcb81b4bc830431d32e792,15,3
S4,233,ieee_dataport/Datasets/Oregon_LoRa/Diff_Days_Indoor_Setup/Day3/Device15/IQ_2.dat,2103,17039360,7592d23d22a5927ca42de521daa71e8a7afa08936a9aca68cf2222b169feb1ca,15,3
S4,234,ieee_dataport/Datasets/Oregon_LoRa/Diff_Days_Indoor_Setup/Day3/Device15/IQ_2.dat,2104,2315264,663ce483687ed0bb57532a1877d7ed183bd4d3061930fd06aec70ebd9479125c,15,3
S4,235,ieee_dataport/Datasets/Oregon_LoRa/Diff_Days_Indoor_Setup/Day3/Device15/IQ_2.dat,2105,19084288,87a7e0cf9efef2558ea27b7106cae1463f1117fa5f8f0bdc881747ebb41a4329,15,3
S4,236,ieee_dataport/Datasets/Oregon_LoRa/Diff_Days_Indoor_Setup/Day3/Device15/IQ_2.dat,2106,10086400,717d07e67b5ec4c6ef7e59162cd2cb752c10f28310da2683945012169a63441e,15,3
S4,237,ieee_dataport/Datasets/Oregon_LoRa/Diff_Days_Indoor_Setup/Day3/Device15/IQ_2.dat,2107,16630784,d86ab936baf8d7f1bfdbcc7d62aac32d8b1b60936153755b5d46955b3480b779,15,3
S4,238,ieee_dataport/Datasets/Oregon_LoRa/Diff_Days_Indoor_Setup/Day3/Device15/IQ_2.dat,2108,14585856,35e82be5ea4c1a80dcdaa722a4afea849b9ed875325933e5c05984e0f1fb884c,15,3
S4,239,ieee_dataport/Datasets/Oregon_LoRa/Diff_Days_Indoor_Setup/Day3/Device15/IQ_2.dat,2109,12949504,81ffb86d5a1398d9f82ebb0f4039c13aa0e591b23b7c4a16831b761082fd0caf,15,3
S4,240,ieee_dataport/Datasets/Oregon_LoRa/Diff_Days_Indoor_Setup/Day3/Device2/IQ_1.dat,2147,13950976,a87a226d3949fe32fe7dd1131268d76820b61fb98e2e3eaba6a008895b060264,2,3
S4,241,ieee_dataport/Datasets/Oregon_LoRa/Diff_Days_Indoor_Setup/Day3/Device2/IQ_1.dat,2148,5062656,3003ef914709858565bac1b0d6fd343825dc4da67f0ce5fb61fec9a1a02c2370,2,3
S4,242,ieee_dataport/Datasets/Oregon_LoRa/Diff_Days_Indoor_Setup/Day3/Device2/IQ_1.dat,2149,1021952,257896641379a87052b262b35a70542c34df20102b39ff9a7d7f57d93b78039b,2,3
S4,243,ieee_dataport/Datasets/Oregon_LoRa/Diff_Days_Indoor_Setup/Day3/Device2/IQ_1.dat,2150,4254720,f56b0d5f99f9e0bd688d5c39202f4a2f7881dab79ccb4d733736c7bde42eebff,2,3
S4,244,ieee_dataport/Datasets/Oregon_LoRa/Diff_Days_Indoor_Setup/Day3/Device2/IQ_1.dat,2151,13142016,e0c60d64c3d40d61a20cc84ed5b4a67905b79bbeb8c2401c91eb85d7b3acb166,2,3
S4,245,ieee_dataport/Datasets/Oregon_LoRa/Diff_Days_Indoor_Setup/Day3/Device2/IQ_1.dat,2152,9910272,18a2c301603fd53818bd1ce828f995632d91d462d0b603728f1d0e361f846f52,2,3
S4,246,ieee_dataport/Datasets/Oregon_LoRa/Diff_Days_Indoor_Setup/Day3/Device2/IQ_1.dat,2153,618496,67248c5c256454f758c01ee158a56232cfa4d78e91493a29eb8abba055dd644f,2,3
S4,247,ieee_dataport/Datasets/Oregon_LoRa/Diff_Days_Indoor_Setup/Day3/Device2/IQ_1.dat,2154,19205120,36c94a487befd14c964265024c6150071c3e86fa93e10ffe0036207129790305,2,3
S4,248,ieee_dataport/Datasets/Oregon_LoRa/Diff_Days_Indoor_Setup/Day3/Device2/IQ_1.dat,2155,16376832,143b9e11aaf973adae6d305f8be4a6348761d404dfe8a2c7b371ce9d8f4bde09,2,3
S4,249,ieee_dataport/Datasets/Oregon_LoRa/Diff_Days_Indoor_Setup/Day3/Device2/IQ_1.dat,2156,7081984,ab377915bdc7d1c7974f8dac34ac21b328ab0ae969fadf88512a4932e56dbf2a,2,3
S4,250,ieee_dataport/Datasets/Oregon_LoRa/Diff_Days_Indoor_Setup/Day3/Device2/IQ_1.dat,2157,10718208,457dcf9c0210fee9a786172b88a53294460c30907a4b74d05c66a97697cbc26f,2,3
S4,251,ieee_dataport/Datasets/Oregon_LoRa/Diff_Days_Indoor_Setup/Day3/Device2/IQ_1.dat,2158,11122688,245b973cec1daa720874cee1c12fca9929edd1caaa9019043de819beadbaca93,2,3
S4,252,ieee_dataport/Datasets/Oregon_LoRa/Diff_Days_Indoor_Setup/Day3/Device2/IQ_2.dat,2196,7657472,87aa5f637c6518446c1bcda3e8af8074049b210888b194083c11a87e975ec485,2,3
S4,253,ieee_dataport/Datasets/Oregon_LoRa/Diff_Days_Indoor_Setup/Day3/Device2/IQ_2.dat,2197,4425728,f4e618d64f4437ca5f81d4e25e3f0ee42d6db762f613c71424788190ab904670,2,3
S4,254,ieee_dataport/Datasets/Oregon_LoRa/Diff_Days_Indoor_Setup/Day3/Device2/IQ_2.dat,2198,14929920,5d1359d5a2ba37740e32bbf12475275d28395dafb7422182c4171ea2348a1e1f,2,3
S4,255,ieee_dataport/Datasets/Oregon_LoRa/Diff_Days_Indoor_Setup/Day3/Device2/IQ_2.dat,2199,4021248,1eaa4e48e0541e53d221ec157c823b398e5039cae13d1f1e2d0eba8cde6f8dcc,2,3
S4,256,ieee_dataport/Datasets/Oregon_LoRa/Diff_Days_Indoor_Setup/Day3/Device2/IQ_2.dat,2200,9273344,ff7a14e1fa62ba87bc090023c25a8c76ed7ae82721fe17335c3dc94899512d91,2,3
S4,257,ieee_dataport/Datasets/Oregon_LoRa/Diff_Days_Indoor_Setup/Day3/Device2/IQ_2.dat,2201,15333376,97a2e7d8c22a54a5d46788da26a0210c4f510612d7d821bb7b5c3195a599873e,2,3
S4,258,ieee_dataport/Datasets/Oregon_LoRa/Diff_Days_Indoor_Setup/Day3/Device2/IQ_2.dat,2202,18969600,f27e87bc9133d2e87d5aa9f736ad97df53d8955d09687c3611df94b65e933ae6,2,3
S4,259,ieee_dataport/Datasets/Oregon_LoRa/Diff_Days_Indoor_Setup/Day3/Device2/IQ_2.dat,2203,10890240,5c51a8ea8361e15fa43d95e9de1596fd2ff6a4bb1eff3113c20348a121cb1cdd,2,3
S4,260,ieee_dataport/Datasets/Oregon_LoRa/Diff_Days_Indoor_Setup/Day3/Device2/IQ_2.dat,2204,19777536,5729885d9991309c5bc6b28ecbabda2e51f662eaf334db3d1b1218c3979e3b20,2,3
S4,261,ieee_dataport/Datasets/Oregon_LoRa/Diff_Days_Indoor_Setup/Day3/Device2/IQ_2.dat,2205,2001920,c2e6dd08f41f21a661afae350724c6b5c881d43dfaba13fa4a6ce1ace65dcf83,2,3
S4,262,ieee_dataport/Datasets/Oregon_LoRa/Diff_Days_Indoor_Setup/Day3/Device2/IQ_2.dat,2206,4829184,0d84268ed42a27f5ca1986e76d960bb7c2d7050985dec33d23d18a11da2e4eaa,2,3
S4,263,ieee_dataport/Datasets/Oregon_LoRa/Diff_Days_Indoor_Setup/Day3/Device2/IQ_2.dat,2207,17353728,c54a6c2ba1c5b50ffe268ffb594a8b7a2eeac214e0fea3cece6f5d0bdacaa8a4,2,3
S4,264,ieee_dataport/Datasets/Oregon_LoRa/Diff_Days_Indoor_Setup/Day3/Device3/IQ_1.dat,2245,14464000,a7382fe36ec26b41022f8f4dc3cb7834358b69e8781f979f377e4559d3c4b61f,3,3
S4,265,ieee_dataport/Datasets/Oregon_LoRa/Diff_Days_Indoor_Setup/Day3/Device3/IQ_1.dat,2246,2342912,7c76b230bc2041cfa25048111e474257d2baae369917b670368d4702275a1f2f,3,3
S4,266,ieee_dataport/Datasets/Oregon_LoRa/Diff_Days_Indoor_Setup/Day3/Device3/IQ_1.dat,2247,6383616,6fda9cf5d3ddd7f47791fcce4d8e31ad49474089e3b3a3fd29cb22a773a878d4,3,3
S4,267,ieee_dataport/Datasets/Oregon_LoRa/Diff_Days_Indoor_Setup/Day3/Device3/IQ_1.dat,2248,19312640,97f68aaa752779fcfd5e347269c3286c09413d42d4c3e39c274aa6e7761da233,3,3
S4,268,ieee_dataport/Datasets/Oregon_LoRa/Diff_Days_Indoor_Setup/Day3/Device3/IQ_1.dat,2249,7596032,e8964d06088ecd0abd9e0f4dfa708a2f967d51069d54523d85f2cbf7a12bb437,3,3
S4,269,ieee_dataport/Datasets/Oregon_LoRa/Diff_Days_Indoor_Setup/Day3/Device3/IQ_1.dat,2250,12848128,f62b5acc8b52db6f698001740a966e2295a12105e122aeb94ab1a80a2bcd6127,3,3
S4,270,ieee_dataport/Datasets/Oregon_LoRa/Diff_Days_Indoor_Setup/Day3/Device3/IQ_1.dat,2251,14060544,bc17aad857bbd67a9575ceb4f244a83c395e1d391f9f811d79770b26d0e016ac,3,3
S4,271,ieee_dataport/Datasets/Oregon_LoRa/Diff_Days_Indoor_Setup/Day3/Device3/IQ_1.dat,2252,12040192,fda258922bce38a4631c609de362305771f98bbe472953b69b78e09546cf8eac,3,3
S4,272,ieee_dataport/Datasets/Oregon_LoRa/Diff_Days_Indoor_Setup/Day3/Device3/IQ_1.dat,2253,9616384,6552d2863e8f9c61f990f91eb1cbbca82c58667d4d6944363fb757009d5d6b95,3,3
S4,273,ieee_dataport/Datasets/Oregon_LoRa/Diff_Days_Indoor_Setup/Day3/Device3/IQ_1.dat,2254,321536,878d6fb04ec74c25657558694db69e4cf0e462cfe14f3927d434a410b898a53d,3,3
S4,274,ieee_dataport/Datasets/Oregon_LoRa/Diff_Days_Indoor_Setup/Day3/Device3/IQ_1.dat,2255,8403968,590d4a028246f476766b57e73c3d0f86fa2d320ee12ad5246ff18ae958b68d98,3,3
S4,275,ieee_dataport/Datasets/Oregon_LoRa/Diff_Days_Indoor_Setup/Day3/Device3/IQ_1.dat,2256,5980160,75d79fb4c31a7fd46bcabfee7487e9475616813062941eda8a7b0c4c2e1aac3a,3,3
S4,276,ieee_dataport/Datasets/Oregon_LoRa/Diff_Days_Indoor_Setup/Day3/Device3/IQ_2.dat,2294,8327168,00c9c53123c945a95672de8d4ca5df64cad767182348a93d7937ec3d75e2690d,3,3
S4,277,ieee_dataport/Datasets/Oregon_LoRa/Diff_Days_Indoor_Setup/Day3/Device3/IQ_2.dat,2295,6711296,b122cd5ec973f6698ddab58a09c9d33382520d0f0f81b9a30b3b8120e08d80a3,3,3
S4,278,ieee_dataport/Datasets/Oregon_LoRa/Diff_Days_Indoor_Setup/Day3/Device3/IQ_2.dat,2296,1054720,5207c84450285c5ce8b6ca683d1f407a6b50c76f7f5bef5e24719120b2590e07,3,3
S4,279,ieee_dataport/Datasets/Oregon_LoRa/Diff_Days_Indoor_Setup/Day3/Device3/IQ_2.dat,2297,8730624,3df9b6d2e44499aade97e91931da18085f204cb72c01991846088f508aef702b,3,3
S4,280,ieee_dataport/Datasets/Oregon_LoRa/Diff_Days_Indoor_Setup/Day3/Device3/IQ_2.dat,2298,5095424,67a04bd9ae48c512f9e9d2b951fdc2526ada60b9c70fbd0254a1f96d9e0823f5,3,3
S4,281,ieee_dataport/Datasets/Oregon_LoRa/Diff_Days_Indoor_Setup/Day3/Device3/IQ_2.dat,2299,18426880,9d054c78c4e00e1a627e3c783c31f350704351d7a07b7b6f60bb8d31b09f8bc4,3,3
S4,282,ieee_dataport/Datasets/Oregon_LoRa/Diff_Days_Indoor_Setup/Day3/Device3/IQ_2.dat,2300,3883008,42b700c0e4f81a43082e7d171728428a0c110b3fd81c9bbaf2861f6d38852a62,3,3
S4,283,ieee_dataport/Datasets/Oregon_LoRa/Diff_Days_Indoor_Setup/Day3/Device3/IQ_2.dat,2301,7114752,f3305e33f34fb7cd698c2ab4271e75df8f1611bd0bfce4f0b74e3a900a5fd75d,3,3
S4,284,ieee_dataport/Datasets/Oregon_LoRa/Diff_Days_Indoor_Setup/Day3/Device3/IQ_2.dat,2302,4286464,3356bbb6408669dde6c5ae4ffe35badbc6d06df8bb74bc5904883c46973a42d1,3,3
S4,285,ieee_dataport/Datasets/Oregon_LoRa/Diff_Days_Indoor_Setup/Day3/Device3/IQ_2.dat,2303,11963392,cdba125b1acd5c13581a23fb03fd9c00efeea56d08d2eea21fbd61aac8fb5451,3,3
S4,286,ieee_dataport/Datasets/Oregon_LoRa/Diff_Days_Indoor_Setup/Day3/Device3/IQ_2.dat,2304,6306816,82ad37ab940d06d7f9c6b5005797353e78e38938aec56fa3f16bd2b1052a2ace,3,3
S4,287,ieee_dataport/Datasets/Oregon_LoRa/Diff_Days_Indoor_Setup/Day3/Device3/IQ_2.dat,2305,2267136,b238b6d418f8a728086eeb48d5e130c1e0d6597c9c5bb295d3cf52aa9141f442,3,3
S4,288,ieee_dataport/Datasets/Oregon_LoRa/Diff_Days_Indoor_Setup/Day3/Device7/IQ_1.dat,2637,7650304,859e04ad30b391eebedf0438a253dcbcd14881c92766cb86161c6bee84a26ff8,7,3
S4,289,ieee_dataport/Datasets/Oregon_LoRa/Diff_Days_Indoor_Setup/Day3/Device7/IQ_1.dat,2638,12558336,1c648648f7e8ad995aac967e949c353734fb832c49985ab9778a655790d9bdd0,7,3
S4,290,ieee_dataport/Datasets/Oregon_LoRa/Diff_Days_Indoor_Setup/Day3/Device7/IQ_1.dat,2639,11331584,1e8689494a07bb73c4da9755e6a4dcaa9fa11f794fe9c1057629d0a63563bd75,7,3
S4,291,ieee_dataport/Datasets/Oregon_LoRa/Diff_Days_Indoor_Setup/Day3/Device7/IQ_1.dat,2640,16648192,4de8070f7d1810971bde8a88bc669646b67426059f12b292e8ab5eea96fb56ce,7,3
S4,292,ieee_dataport/Datasets/Oregon_LoRa/Diff_Days_Indoor_Setup/Day3/Device7/IQ_1.dat,2641,11740160,1146f02e95a9c4e8aa0e67ef7cf2c81835f7df6af0591481db963e42e50f4925,7,3
S4,293,ieee_dataport/Datasets/Oregon_LoRa/Diff_Days_Indoor_Setup/Day3/Device7/IQ_1.dat,2642,1924096,9ccfad84481fbb5ae268aac1a60f2f27143b403d5516c83147066d4c671b7cba,7,3
S4,294,ieee_dataport/Datasets/Oregon_LoRa/Diff_Days_Indoor_Setup/Day3/Device7/IQ_1.dat,2643,2333696,513bee2f17a2d61548488fa091ee2a1af56919d831aa4fea0f466dbb99af8584,7,3
S4,295,ieee_dataport/Datasets/Oregon_LoRa/Diff_Days_Indoor_Setup/Day3/Device7/IQ_1.dat,2644,13376512,bc02d793fdd19f6f2eccd1e32fdbcfa7e585108d8dfcfe46b7e14d7537a35864,7,3
S4,296,ieee_dataport/Datasets/Oregon_LoRa/Diff_Days_Indoor_Setup/Day3/Device7/IQ_1.dat,2645,12967936,165af077f5a7af78efa22d1ba46c89d6c36aff27b708557b0118d90722b2a41f,7,3
S4,297,ieee_dataport/Datasets/Oregon_LoRa/Diff_Days_Indoor_Setup/Day3/Device7/IQ_1.dat,2646,18693120,d275daffff074f54fc7dd21d15e09e53fb6bd87c6717411b3770d0585e741622,7,3
S4,298,ieee_dataport/Datasets/Oregon_LoRa/Diff_Days_Indoor_Setup/Day3/Device7/IQ_1.dat,2647,10104832,913540aadb87f7cf86097273435201603aac4579f0dbac443f97d90f35d93f9b,7,3
S4,299,ieee_dataport/Datasets/Oregon_LoRa/Diff_Days_Indoor_Setup/Day3/Device7/IQ_1.dat,2648,288768,9d83bed69aa40018c3be60ee81f968c46633053a90ac98a0a1785b7572e5c49b,7,3
S4,300,ieee_dataport/Datasets/Oregon_LoRa/Diff_Days_Indoor_Setup/Day3/Device8/IQ_1.dat,2735,10389504,c13f0abe8e0172dcfdf135e4c47aa5b076302a2c10316fcb3bcad3a2431d2fd2,8,3
S4,301,ieee_dataport/Datasets/Oregon_LoRa/Diff_Days_Indoor_Setup/Day3/Device8/IQ_1.dat,2736,18978816,e0298c1699e15e334a479929a5ecc73d36417b0dfc0a3b91815ab8be27fa65cd,8,3
S4,302,ieee_dataport/Datasets/Oregon_LoRa/Diff_Days_Indoor_Setup/Day3/Device8/IQ_1.dat,2737,19387392,2e96a8fe1b59fc7cb1641e55bfa9c0f9a9606d6b240d5b83dbdc788449211298,8,3
S4,303,ieee_dataport/Datasets/Oregon_LoRa/Diff_Days_Indoor_Setup/Day3/Device8/IQ_1.dat,2738,13661184,bbd2a05121c8b1eeb17d60a59e97d148fca8b9aac9de529e8e5ee2677ace8000,8,3
S4,304,ieee_dataport/Datasets/Oregon_LoRa/Diff_Days_Indoor_Setup/Day3/Device8/IQ_1.dat,2739,16524288,80c0cbc8b9d47eea9fcb3926bc637d0d2fcdd32d42d1a99791e2d06f5734cf18,8,3
S4,305,ieee_dataport/Datasets/Oregon_LoRa/Diff_Days_Indoor_Setup/Day3/Device8/IQ_1.dat,2740,164864,4d414ebaf3d44aa74227a7e3b3f4fa6886dcd016d96c67223c50bee10131ef03,8,3
S4,306,ieee_dataport/Datasets/Oregon_LoRa/Diff_Days_Indoor_Setup/Day3/Device8/IQ_1.dat,2741,12434432,dbfa32bacbdd94d7405ff6e81625a6ad7659a10ab8e0efff637f5ac75f3b84b0,8,3
S4,307,ieee_dataport/Datasets/Oregon_LoRa/Diff_Days_Indoor_Setup/Day3/Device8/IQ_1.dat,2742,15707136,d07dfbbd8a8962130c943811fc7162da059680c13c970343ea7a645f2e1a00c5,8,3
S4,308,ieee_dataport/Datasets/Oregon_LoRa/Diff_Days_Indoor_Setup/Day3/Device8/IQ_1.dat,2743,5891072,14e159a3e330cbe535dd1ae7a6f7f894ed1ae9db64c4c93c4f90c6cf8c27cb5d,8,3
S4,309,ieee_dataport/Datasets/Oregon_LoRa/Diff_Days_Indoor_Setup/Day3/Device8/IQ_1.dat,2744,3436544,04c61b960597ceb7cbb2af98ceb369e6ba1d5d5948090ab49c671a615ac23d4b,8,3
S4,310,ieee_dataport/Datasets/Oregon_LoRa/Diff_Days_Indoor_Setup/Day3/Device8/IQ_1.dat,2745,16933888,da05e21c1c41c48b9aa813f58968cef2114f9ba09b8d89658afd07ebc107ce3c,8,3
S4,311,ieee_dataport/Datasets/Oregon_LoRa/Diff_Days_Indoor_Setup/Day3/Device8/IQ_1.dat,2746,7117824,988943e0adf8ca444517ce8227be6e167163cc641eb8d07089122a7f3d8fe8af,8,3
S4,312,ieee_dataport/Datasets/Oregon_LoRa/Diff_Days_Indoor_Setup/Day3/Device8/IQ_2.dat,2784,12410880,2b55f790464cc66d29591d03f45a0c9783182ab4ff3fa0c1486a3ad5ea437fe5,8,3
S4,313,ieee_dataport/Datasets/Oregon_LoRa/Diff_Days_Indoor_Setup/Day3/Device8/IQ_2.dat,2785,18137088,7507f243776534e4bcba07d93600e1edab4b4cfdd4a9f7b8c44264a78d0fd292,8,3
S4,314,ieee_dataport/Datasets/Oregon_LoRa/Diff_Days_Indoor_Setup/Day3/Device8/IQ_2.dat,2786,4639744,649c235ee63ffe0a98d57287bf70959d9350c2bf656252de2b5b547ce8021eb8,8,3
S4,315,ieee_dataport/Datasets/Oregon_LoRa/Diff_Days_Indoor_Setup/Day3/Device8/IQ_2.dat,2787,12001280,f9dbbe0b15152b2b10223c83adf3bbec43f3540d038f3bd7b7814231207252a4,8,3
S4,316,ieee_dataport/Datasets/Oregon_LoRa/Diff_Days_Indoor_Setup/Day3/Device8/IQ_2.dat,2788,7911424,10f1c13caac9aa6d21200c9c9ec50a66a2da51023d78d126ae1496c9c700a962,8,3
S4,317,ieee_dataport/Datasets/Oregon_LoRa/Diff_Days_Indoor_Setup/Day3/Device8/IQ_2.dat,2789,549888,1408c9f803f6c3754ffe228edf94c1960f2c3362bc05d22b69c9485ee3674f4e,8,3
S4,318,ieee_dataport/Datasets/Oregon_LoRa/Diff_Days_Indoor_Setup/Day3/Device8/IQ_2.dat,2790,16909312,e6fd33084bbafed42444a0b4840c628bcdaccd68d2d7121bb0e7bd9468a189fc,8,3
S4,319,ieee_dataport/Datasets/Oregon_LoRa/Diff_Days_Indoor_Setup/Day3/Device8/IQ_2.dat,2791,3821568,56fbf01cbcf85538598114aef86e83c1f4028407e4b050d0f279df2aab40bf54,8,3
S4,320,ieee_dataport/Datasets/Oregon_LoRa/Diff_Days_Indoor_Setup/Day3/Device8/IQ_2.dat,2792,3412992,5cf97c75cbd8faba252067cf19446c03010cb6aa863f1b57b8be207d9cc6ded7,8,3
S4,321,ieee_dataport/Datasets/Oregon_LoRa/Diff_Days_Indoor_Setup/Day3/Device8/IQ_2.dat,2793,17318912,b524cf437a759241d0fb9a4d40eb27a8b11417ddaac473a4f85882e2cc6565b0,8,3
S4,322,ieee_dataport/Datasets/Oregon_LoRa/Diff_Days_Indoor_Setup/Day3/Device8/IQ_2.dat,2794,5866496,8691b0f75ed3b3039bbeef1437fee6c328dd700d4962b4f647ea9f0fecc1058d,8,3
S4,323,ieee_dataport/Datasets/Oregon_LoRa/Diff_Days_Indoor_Setup/Day3/Device8/IQ_2.dat,2795,14046208,bf176cc3f93aa38302eb4d5a5b9b091f9b63afccac7ed6cef7b50414c23f5d44,8,3
S4,324,ieee_dataport/Datasets/Oregon_LoRa/Diff_Days_Indoor_Setup/Day3/Device9/IQ_2.dat,2881,1281024,f46eea3bebb8b94d4d9b2af43fddf1e0688eb62885e494327cf88f5bd9143bf7,9,3
S4,325,ieee_dataport/Datasets/Oregon_LoRa/Diff_Days_Indoor_Setup/Day3/Device9/IQ_2.dat,2882,7415808,38d8c5444c670bdf2cf9e048f5398fe78c8edfcc268d7dcd5e4e72d8fba2c7ca,9,3
S4,326,ieee_dataport/Datasets/Oregon_LoRa/Diff_Days_Indoor_Setup/Day3/Device9/IQ_2.dat,2883,13142016,262b7e85240dc0de6ec7443efd9f54cd95c08e47595a0538d936e8ed01ff5f4a,9,3
S4,327,ieee_dataport/Datasets/Oregon_LoRa/Diff_Days_Indoor_Setup/Day3/Device9/IQ_2.dat,2884,11097088,2bfd5779565448a579ac14aa207ed091452b6f2f32cb80bed53db72b2f0ddbf8,9,3
S4,328,ieee_dataport/Datasets/Oregon_LoRa/Diff_Days_Indoor_Setup/Day3/Device9/IQ_2.dat,2885,18050048,a146c29998c5e35a7ff55f2b777e68bf6a36843039e28d8f2daf921d46b497f1,9,3
S4,329,ieee_dataport/Datasets/Oregon_LoRa/Diff_Days_Indoor_Setup/Day3/Device9/IQ_2.dat,2886,14777344,ed56c28e0bbccad84c9121c7c1f572df32782a64ea13fbd597193de21e31f2ab,9,3
S4,330,ieee_dataport/Datasets/Oregon_LoRa/Diff_Days_Indoor_Setup/Day3/Device9/IQ_2.dat,2887,3325952,062604d25b9df54123487145114a40df6276f20f670bec544569f6d18de44c60,9,3
S4,331,ieee_dataport/Datasets/Oregon_LoRa/Diff_Days_Indoor_Setup/Day3/Device9/IQ_2.dat,2888,19685376,b0919311c94a2cb7a4b9e49ccede538ea12c9de315cdf9c9acf9e51ee27f268b,9,3
S4,332,ieee_dataport/Datasets/Oregon_LoRa/Diff_Days_Indoor_Setup/Day3/Device9/IQ_2.dat,2889,2916352,087cfb3e1ee3757ad3b62a04e5fcf14d042f040846e93650570cf4610dd67eb6,9,3
S4,333,ieee_dataport/Datasets/Oregon_LoRa/Diff_Days_Indoor_Setup/Day3/Device9/IQ_2.dat,2890,15186944,454cdfb2c97a437fa78a27eb46f40f3b2baaa4ca0400d82327bc242a8b583413,9,3
S4,334,ieee_dataport/Datasets/Oregon_LoRa/Diff_Days_Indoor_Setup/Day3/Device9/IQ_2.dat,2891,17640448,b260fa93ec4268bdabb8482021fc37e9dba74ed43615f85db77d157df4d76840,9,3
S4,335,ieee_dataport/Datasets/Oregon_LoRa/Diff_Days_Indoor_Setup/Day3/Device9/IQ_2.dat,2892,6597632,56b877eefb77357965216724baa7a092535112b8a7635ff4012cceb82a915c65,9,3
S4,336,ieee_dataport/Datasets/Oregon_LoRa/Diff_Days_Indoor_Setup/Day5/Device10/IQ_1.dat,3029,7962624,a9562c8bef5799cf1e16617c7f1696a0f2460398ee66623d85c162e1ebb4d7e6,10,5
S4,337,ieee_dataport/Datasets/Oregon_LoRa/Diff_Days_Indoor_Setup/Day5/Device10/IQ_1.dat,3030,7553024,c8025f1336e8a4dd5beab96398b9b72f8022cfd497f8b96668cb66fb3bed8600,10,5
S4,338,ieee_dataport/Datasets/Oregon_LoRa/Diff_Days_Indoor_Setup/Day5/Device10/IQ_1.dat,3031,15324160,0db348a175550326fb339ab51de64090b523f33fbdc001c4fa15af46f3c19859,10,5
S4,339,ieee_dataport/Datasets/Oregon_LoRa/Diff_Days_Indoor_Setup/Day5/Device10/IQ_1.dat,3032,15733760,62d5ae8623880e28b41079a07180bf849c244479ae5e46603fc78b6270650f4f,10,5
S4,340,ieee_dataport/Datasets/Oregon_LoRa/Diff_Days_Indoor_Setup/Day5/Device10/IQ_1.dat,3033,8371200,7c2fc412120cd4e727697b08bdf280222da610cf4fe4360c14297b4def8ad464,10,5
S4,341,ieee_dataport/Datasets/Oregon_LoRa/Diff_Days_Indoor_Setup/Day5/Device10/IQ_1.dat,3034,16960512,568ba526eb5b64d6cbc4b95e536081993ca40bf450be9c667dcd6ec5ffe1f55f,10,5
S4,342,ieee_dataport/Datasets/Oregon_LoRa/Diff_Days_Indoor_Setup/Day5/Device10/IQ_1.dat,3035,14505984,305e6078a2f4b4d9e74d72c78f99e874b700bac91ca03f8c18125528d91a14a1,10,5
S4,343,ieee_dataport/Datasets/Oregon_LoRa/Diff_Days_Indoor_Setup/Day5/Device10/IQ_1.dat,3036,1009664,8ce419a42be6196c39c49ed0a6b3234ec3f5c44ec85b533c2ee70e1927bd1bad,10,5
S4,344,ieee_dataport/Datasets/Oregon_LoRa/Diff_Days_Indoor_Setup/Day5/Device10/IQ_1.dat,3037,2644992,028cb91474e969f42e84716e468de96675099147f4f1d0172b2d9714cf3617b9,10,5
S4,345,ieee_dataport/Datasets/Oregon_LoRa/Diff_Days_Indoor_Setup/Day5/Device10/IQ_1.dat,3038,600064,844c0544ffb0ce626a213d268e8ae5323b538459173da09842ee576a3ac5e32c,10,5
S4,346,ieee_dataport/Datasets/Oregon_LoRa/Diff_Days_Indoor_Setup/Day5/Device10/IQ_1.dat,3039,9597952,e03009dd3ac1292b550d6503d8f6bcc89c1bddd2572375ab7ccb25e458654625,10,5
S4,347,ieee_dataport/Datasets/Oregon_LoRa/Diff_Days_Indoor_Setup/Day5/Device10/IQ_1.dat,3040,17369088,e5d67c32964dffd3221d5e566288b4cb62b6857778abb91d2258c722e4e6a9ee,10,5
S4,348,ieee_dataport/Datasets/Oregon_LoRa/Diff_Days_Indoor_Setup/Day5/Device10/IQ_2.dat,3078,3347456,4b6d09e10f81919cb6d734510b7018a810631d3edcb8483b1bef4a71467c5ecc,10,5
S4,349,ieee_dataport/Datasets/Oregon_LoRa/Diff_Days_Indoor_Setup/Day5/Device10/IQ_2.dat,3079,75776,edf71de6ac807390e16ee6a44de01b69a4b17853725ce77a5b2ae8aee24b8eb3,10,5
S4,350,ieee_dataport/Datasets/Oregon_LoRa/Diff_Days_Indoor_Setup/Day5/Device10/IQ_2.dat,3080,13981696,e3633149b79cc044489b629e07b582d2795315b9d5cec3257f48d6d7ce5df2cc,10,5
S4,351,ieee_dataport/Datasets/Oregon_LoRa/Diff_Days_Indoor_Setup/Day5/Device10/IQ_2.dat,3081,16844800,ae6cdfb5b5e4f56cb437d6f278cca78b8b551c21a5213551e8aa4a871b0de20a,10,5
S4,352,ieee_dataport/Datasets/Oregon_LoRa/Diff_Days_Indoor_Setup/Day5/Device10/IQ_2.dat,3082,4165632,e454737a9bb4cf9cf86d0b43d9c85ff0b8115598d6114a76ecf4bfa7806be44c,10,5
S4,353,ieee_dataport/Datasets/Oregon_LoRa/Diff_Days_Indoor_Setup/Day5/Device10/IQ_2.dat,3083,484352,ba264eb9b6317075163fb67c30f33fd795247eb44f3f9ebcc6df8c5fe372e389,10,5
S4,354,ieee_dataport/Datasets/Oregon_LoRa/Diff_Days_Indoor_Setup/Day5/Device10/IQ_2.dat,3084,11528192,6f792d834314ab1b3e350b0af201298fe157f5f462b720bf2cdebdf5af49bd53,10,5
S4,355,ieee_dataport/Datasets/Oregon_LoRa/Diff_Days_Indoor_Setup/Day5/Device10/IQ_2.dat,3085,8255488,5527369f8afb1778ced5609140de5f186410a7d6cb4abd2d1206fc7804c26b62,10,5
S4,356,ieee_dataport/Datasets/Oregon_LoRa/Diff_Days_Indoor_Setup/Day5/Device10/IQ_2.dat,3086,7028736,325724d7be52a45b047a814396b8942ff88809f525a90105682ccfccec271d3b,10,5
S4,357,ieee_dataport/Datasets/Oregon_LoRa/Diff_Days_Indoor_Setup/Day5/Device10/IQ_2.dat,3087,1712128,8725a2d4e64ed34330c783ec36e99750dbd0234dda67b323a7885e2804fe19ea,10,5
S4,358,ieee_dataport/Datasets/Oregon_LoRa/Diff_Days_Indoor_Setup/Day5/Device10/IQ_2.dat,3088,5801984,f681519355480bb78d83f626e927f29a32b3eca96dbaec233284a9ffe04c439b,10,5
S4,359,ieee_dataport/Datasets/Oregon_LoRa/Diff_Days_Indoor_Setup/Day5/Device10/IQ_2.dat,3089,10300416,d9a02a2ea93a3be356e5b7e40c69b08d06f2101c0556afb113442dcaa1a20b9f,10,5
S4,360,ieee_dataport/Datasets/Oregon_LoRa/Diff_Days_Indoor_Setup/Day5/Device11/IQ_1.dat,3127,17804288,ba1c5eaefd537a905142e68cf7f850e13d6c7b989df431e9b88108ea54d2c95b,11,5
S4,361,ieee_dataport/Datasets/Oregon_LoRa/Diff_Days_Indoor_Setup/Day5/Device11/IQ_1.dat,3128,2670592,5a5dbb67c0e9624a720e1e17419b6ccf5472785c7a999ebb3805ecf22a40c205,11,5
S4,362,ieee_dataport/Datasets/Oregon_LoRa/Diff_Days_Indoor_Setup/Day5/Device11/IQ_1.dat,3129,3488768,b08cf85ce5147074f7cd243c49d7010bda100f49aa066ea78002bba7ab1ed486,11,5
S4,363,ieee_dataport/Datasets/Oregon_LoRa/Diff_Days_Indoor_Setup/Day5/Device11/IQ_1.dat,3130,5533696,73486bdd4128e562bd4812d52bb31b03879cd6f0c765581b87fd0047e2162fce,11,5
S4,364,ieee_dataport/Datasets/Oregon_LoRa/Diff_Days_Indoor_Setup/Day5/Device11/IQ_1.dat,3131,6760448,65ef2d329f00907e106eef368f50238d14b7d6f24a587e906cb0e5516baf1cbc,11,5
S4,365,ieee_dataport/Datasets/Oregon_LoRa/Diff_Days_Indoor_Setup/Day5/Device11/IQ_1.dat,3132,15349760,930d71c83d25e229762e773e7727e9a131e2301c430a89be202706515eccd548,11,5
S4,366,ieee_dataport/Datasets/Oregon_LoRa/Diff_Days_Indoor_Setup/Day5/Device11/IQ_1.dat,3133,19849216,ec8122d88648801fb53cdee35744f1bdbce2f363353fe3bf123237325b0ed66e,11,5
S4,367,ieee_dataport/Datasets/Oregon_LoRa/Diff_Days_Indoor_Setup/Day5/Device11/IQ_1.dat,3134,12896256,36dd63a07b397fe0d1abbfec4d3c0c2d54c3d10c4c30652f143f712e3c698d98,11,5
S4,368,ieee_dataport/Datasets/Oregon_LoRa/Diff_Days_Indoor_Setup/Day5/Device11/IQ_1.dat,3135,16986112,d943fd219e174098af9c32b3e4b3049355591b9a003f8b2f15a2894fe400e688,11,5
S4,369,ieee_dataport/Datasets/Oregon_LoRa/Diff_Days_Indoor_Setup/Day5/Device11/IQ_1.dat,3136,9214976,0663411c81b62fce3a5b09ca22937427f98dc55ab65a5d52699f294f31a4ce8d,11,5
S4,370,ieee_dataport/Datasets/Oregon_LoRa/Diff_Days_Indoor_Setup/Day5/Device11/IQ_1.dat,3137,4306944,a7f0fa2f225c1f6caed3e38c69287045b5692c729aea48e0febed7cfc5904c96,11,5
S4,371,ieee_dataport/Datasets/Oregon_LoRa/Diff_Days_Indoor_Setup/Day5/Device11/IQ_1.dat,3138,2262016,febaef813c06f4cab8a49a0f4f21cbb9667c175996b9aa353bd75f73f9bdf519,11,5
S4,372,ieee_dataport/Datasets/Oregon_LoRa/Diff_Days_Indoor_Setup/Day5/Device11/IQ_2.dat,3176,1263616,5899a24f6079b930b3ef6704184e403cc97ade300974e9ef0a660fa9ccd6b36d,11,5
S4,373,ieee_dataport/Datasets/Oregon_LoRa/Diff_Days_Indoor_Setup/Day5/Device11/IQ_2.dat,3177,11897856,6392f8ea7e1f7642004c508fd0111966c1eacf37b64a7fea7513a33849c6d2b4,11,5
S4,374,ieee_dataport/Datasets/Oregon_LoRa/Diff_Days_Indoor_Setup/Day5/Device11/IQ_2.dat,3178,855040,757754bfb93bc1053ca7a4725edaeb8e1da6712239aca6fee1071768673e2fe9,11,5
S4,375,ieee_dataport/Datasets/Oregon_LoRa/Diff_Days_Indoor_Setup/Day5/Device11/IQ_2.dat,3179,7398400,2b8cc8845b26d30369e37249549ea0dde6a8820dcefe937284d6ef5b4deb12ec,11,5
S4,376,ieee_dataport/Datasets/Oregon_LoRa/Diff_Days_Indoor_Setup/Day5/Device11/IQ_2.dat,3180,13533184,539de97915508cac2822409aee16288d74a775c4fa56415d43f3669c801ebea5,11,5
S4,377,ieee_dataport/Datasets/Oregon_LoRa/Diff_Days_Indoor_Setup/Day5/Device11/IQ_2.dat,3181,445440,56b77b4fc2088bed4b021d37e6dc097be0e59bc3135f37a7a7250c9062365b10,11,5
S4,378,ieee_dataport/Datasets/Oregon_LoRa/Diff_Days_Indoor_Setup/Day5/Device11/IQ_2.dat,3182,6580224,fe333726bf994e39fdd07ab87893c5f6fbbce1afe7debe49b82a4694a8f80bd5,11,5
S4,379,ieee_dataport/Datasets/Oregon_LoRa/Diff_Days_Indoor_Setup/Day5/Device11/IQ_2.dat,3183,19668992,07af57fdb3f33e765bcb8fd2c2d82fad8616efa0c1a27ada5f5e5b439029c648,11,5
S4,380,ieee_dataport/Datasets/Oregon_LoRa/Diff_Days_Indoor_Setup/Day5/Device11/IQ_2.dat,3184,3308544,52e088114814d23969b7435e9f715520331e41766466adf5e5b3f11acf6f9b2e,11,5
S4,381,ieee_dataport/Datasets/Oregon_LoRa/Diff_Days_Indoor_Setup/Day5/Device11/IQ_2.dat,3185,4944896,9885840c81c9033c29a95d0e8c51d3e492e765038ba626b55af28c8fa2bc8403,11,5
S4,382,ieee_dataport/Datasets/Oregon_LoRa/Diff_Days_Indoor_Setup/Day5/Device11/IQ_2.dat,3186,16805888,1fbb77b3e4f82041988f06a35b9b0d42e00b3a5140f755af6b9f6f3e97700c23,11,5
S4,383,ieee_dataport/Datasets/Oregon_LoRa/Diff_Days_Indoor_Setup/Day5/Device11/IQ_2.dat,3187,4535296,951e90f164c08f5eed7c5f4f93488cecddf205fc96cef51063408c2370140e08,11,5
S4,384,ieee_dataport/Datasets/Oregon_LoRa/Diff_Days_Indoor_Setup/Day5/Device13/IQ_2.dat,3372,19701760,f11d46f276b6f45ce7c72dc065a8744302101445980184b604091443fb64d6bd,13,5
S4,385,ieee_dataport/Datasets/Oregon_LoRa/Diff_Days_Indoor_Setup/Day5/Device13/IQ_2.dat,3373,8657920,4605263ba4cf83ef384a94fb761b91b7926824579c8ec17b1041f8e73e416640,13,5
S4,386,ieee_dataport/Datasets/Oregon_LoRa/Diff_Days_Indoor_Setup/Day5/Device13/IQ_2.dat,3374,6612992,287b92659c636fcbd334db48608612132d6beb4cf3bed385a42f7749f41972bb,13,5
S4,387,ieee_dataport/Datasets/Oregon_LoRa/Diff_Days_Indoor_Setup/Day5/Device13/IQ_2.dat,3375,1296384,f5971ddb3d9b3f89a1afdaf987be527f91be3a0390251e6f2d0321a394023a1e,13,5
S4,388,ieee_dataport/Datasets/Oregon_LoRa/Diff_Days_Indoor_Setup/Day5/Device13/IQ_2.dat,3376,478208,0088a7dbfec41099edcd18da435f34cc8bff27a1f530f31fb6fb377f82e047f4,13,5
S4,389,ieee_dataport/Datasets/Oregon_LoRa/Diff_Days_Indoor_Setup/Day5/Device13/IQ_2.dat,3377,11930624,8efb4f519e5efb5c4fc61f973c02f39497374e6a6435e1fed3fe3039b7bf23fa,13,5
S4,390,ieee_dataport/Datasets/Oregon_LoRa/Diff_Days_Indoor_Setup/Day5/Device13/IQ_2.dat,3378,13157376,45f5a159f063a7ccef7f570fd06a97a774a92f14f5e61490bba041c5bb9b6ae0,13,5
S4,391,ieee_dataport/Datasets/Oregon_LoRa/Diff_Days_Indoor_Setup/Day5/Device13/IQ_2.dat,3379,4159488,f31c1e8af0301c2e44d208b857b287b0c4c000542d87b3797ce7bedc7c1fb0ac,13,5
S4,392,ieee_dataport/Datasets/Oregon_LoRa/Diff_Days_Indoor_Setup/Day5/Device13/IQ_2.dat,3380,9885696,3571630d1804d5117ea659a8a6d17c2ce974871194991504854efdf9d3638c6c,13,5
S4,393,ieee_dataport/Datasets/Oregon_LoRa/Diff_Days_Indoor_Setup/Day5/Device13/IQ_2.dat,3381,14384128,5568809e09c0f45303976dbf8d19cdfab2eb5599945ac3c9aaaa55596e7ebcf9,13,5
S4,394,ieee_dataport/Datasets/Oregon_LoRa/Diff_Days_Indoor_Setup/Day5/Device13/IQ_2.dat,3382,17247232,cfeb189ceb8becc6ef817e75188dbd67fe8a3b30165a549fc3b4fafe709e51b6,13,5
S4,395,ieee_dataport/Datasets/Oregon_LoRa/Diff_Days_Indoor_Setup/Day5/Device13/IQ_2.dat,3383,18473984,8dd22395e7a10a51d6142cd19496ac71d9122d78700f478520d6f1dd75d5c634,13,5
S4,396,ieee_dataport/Datasets/Oregon_LoRa/Diff_Days_Indoor_Setup/Day5/Device14/IQ_1.dat,3421,2252800,ad9b833771ee981828fc36f04f4594958f80908b607b05769b7e11c9178b69b4,14,5
S4,397,ieee_dataport/Datasets/Oregon_LoRa/Diff_Days_Indoor_Setup/Day5/Device14/IQ_1.dat,3422,6342656,8291820788413f9d9f18fe327746d070dd4f2e189b95c7854de357b6f3261a54,14,5
S4,398,ieee_dataport/Datasets/Oregon_LoRa/Diff_Days_Indoor_Setup/Day5/Device14/IQ_1.dat,3423,8387584,ad736932eae6fb6721fbff6d210239e4b585c8f380f5e297b3ae428e7d55c0a1,14,5
S4,399,ieee_dataport/Datasets/Oregon_LoRa/Diff_Days_Indoor_Setup/Day5/Device14/IQ_1.dat,3424,12068864,ed2fe3fd98dd979492a82c57c554fabd9e82b595bfbe4406b2dc9a63e55dc3bc,14,5
S4,400,ieee_dataport/Datasets/Oregon_LoRa/Diff_Days_Indoor_Setup/Day5/Device14/IQ_1.dat,3425,15750144,29004c4a02cd055ca7359b28e31a0c0acb58248a6d3471c8fd3681ff2aee3cea,14,5
S4,401,ieee_dataport/Datasets/Oregon_LoRa/Diff_Days_Indoor_Setup/Day5/Device14/IQ_1.dat,3426,19430400,f71eb8ad2f343823b1989a8b6e3d037ce4eae2e3ba91c5d49d55f9c8b7fbb6ff,14,5
S4,402,ieee_dataport/Datasets/Oregon_LoRa/Diff_Days_Indoor_Setup/Day5/Device14/IQ_1.dat,3427,14931968,d44a33162fd81513db4d98f3369b3ef41f5ba735ddc8c49c1c01a76b03f594fc,14,5
S4,403,ieee_dataport/Datasets/Oregon_LoRa/Diff_Days_Indoor_Setup/Day5/Device14/IQ_1.dat,3428,6751232,a6bed031c6247e131f84e9638c5b3804242e7dbc52d8336897824d26b9d7800d,14,5
S4,404,ieee_dataport/Datasets/Oregon_LoRa/Diff_Days_Indoor_Setup/Day5/Device14/IQ_1.dat,3429,7160832,e64d9e489f13b04f95a5180aaeeb69a17a83017c33f0ac24b42794245919b640,14,5
S4,405,ieee_dataport/Datasets/Oregon_LoRa/Diff_Days_Indoor_Setup/Day5/Device14/IQ_1.dat,3430,12477440,1068d07eb445b8cd7c2219ace10ec2414473a9237a9b210ec6bb42ecf3c28cd6,14,5
S4,406,ieee_dataport/Datasets/Oregon_LoRa/Diff_Days_Indoor_Setup/Day5/Device14/IQ_1.dat,3431,16567296,7c7785e9a7815e7b57ffce540052422307394ba734ddd71934f10588424aa510,14,5
S4,407,ieee_dataport/Datasets/Oregon_LoRa/Diff_Days_Indoor_Setup/Day5/Device14/IQ_1.dat,3432,1434624,27afe165a8ba958a0425b72d61e2fc45ad7746a7b0793860283c288c60f0a857,14,5
S4,408,ieee_dataport/Datasets/Oregon_LoRa/Diff_Days_Indoor_Setup/Day5/Device15/IQ_2.dat,3568,17269760,9038e741193b3b08ccefdb73d2819136863e336bc635ac684afa59779f66b0c0,15,5
S4,409,ieee_dataport/Datasets/Oregon_LoRa/Diff_Days_Indoor_Setup/Day5/Device15/IQ_2.dat,3569,14815232,b6de13f8f5135b23a781c41ba654f303c5b645ad7c888db17fd203ce9cb33641,15,5
S4,410,ieee_dataport/Datasets/Oregon_LoRa/Diff_Days_Indoor_Setup/Day5/Device15/IQ_2.dat,3570,13179904,8a6042a7021fc524a14447dc0b594fd488ecff2d90816e91ab4e2b378095aafe,15,5
S4,411,ieee_dataport/Datasets/Oregon_LoRa/Diff_Days_Indoor_Setup/Day5/Device15/IQ_2.dat,3571,18905088,9185d909c31d2c4fbf9a3cbb81aa0e918b0e38dfab5c71ec9cdb31f11f93f850,15,5
S4,412,ieee_dataport/Datasets/Oregon_LoRa/Diff_Days_Indoor_Setup/Day5/Device15/IQ_2.dat,3572,7862272,f3c56cbc997c4a6900c872916dbba3089e1e3b7e99c9fa4fe217b78c989e1354,15,5
S4,413,ieee_dataport/Datasets/Oregon_LoRa/Diff_Days_Indoor_Setup/Day5/Device15/IQ_2.dat,3573,16860160,91004893038c0cac6a7fb30b2201161a588e32071255f606471ade0cf21a9229,15,5
S4,414,ieee_dataport/Datasets/Oregon_LoRa/Diff_Days_Indoor_Setup/Day5/Device15/IQ_2.dat,3574,5817344,d7aca1b8b53d859c64b31b1c518faf826b98de22ee6d1d1b929c687bfb4cc011,15,5
S4,415,ieee_dataport/Datasets/Oregon_LoRa/Diff_Days_Indoor_Setup/Day5/Device15/IQ_2.dat,3575,10725376,bc607faea32c3972c5c7143315c84e367b0f910ff3715cc0b31c972f11f106dd,15,5
S4,416,ieee_dataport/Datasets/Oregon_LoRa/Diff_Days_Indoor_Setup/Day5/Device15/IQ_2.dat,3576,9089024,820a85b59c5676d52509c51c570b39aedb3e61acd7cee8f6ce7e349a53ad0ef9,15,5
S4,417,ieee_dataport/Datasets/Oregon_LoRa/Diff_Days_Indoor_Setup/Day5/Device15/IQ_2.dat,3577,4180992,3b5a391919ea7765ae2962e50e82db867e27db64c7795a330879530c6a55ec8b,15,5
S4,418,ieee_dataport/Datasets/Oregon_LoRa/Diff_Days_Indoor_Setup/Day5/Device15/IQ_2.dat,3578,13997056,6274fec146bd6ffc008b045c9f8c28b4159b454360731e741c3f6eaef0aa5a54,15,5
S4,419,ieee_dataport/Datasets/Oregon_LoRa/Diff_Days_Indoor_Setup/Day5/Device15/IQ_2.dat,3579,1727488,a199df314d0f12d2deb6f5b583be4a51c00b743f46ef93966831dce4840bf12e,15,5
S4,420,ieee_dataport/Datasets/Oregon_LoRa/Diff_Days_Indoor_Setup/Day5/Device2/IQ_2.dat,3667,750592,c570930cf03a69fe702555f39c1a8df0f235d0ec8f60e615f2b7058a18c8d1a8,2,5
S4,421,ieee_dataport/Datasets/Oregon_LoRa/Diff_Days_Indoor_Setup/Day5/Device2/IQ_2.dat,3668,12870656,542d2f78fa7e05ba784fc25bb2ca27c2c7a1719f6078bc3837c762c6e3bcb8f2,2,5
S4,422,ieee_dataport/Datasets/Oregon_LoRa/Diff_Days_Indoor_Setup/Day5/Device2/IQ_2.dat,3669,10043392,32209df7e1ac4b45a4b4dd6f18a5320c831f5ef4bda82f2e220e9cb6536b4424,2,5
S4,423,ieee_dataport/Datasets/Oregon_LoRa/Diff_Days_Indoor_Setup/Day5/Device2/IQ_2.dat,3670,17719296,2306b66904c4c66b52332d2ed107f7d13bd0ecda27496d60148cebbc55093c2c,2,5
S4,424,ieee_dataport/Datasets/Oregon_LoRa/Diff_Days_Indoor_Setup/Day5/Device2/IQ_2.dat,3671,12062720,8eb9468204a1af7cdd3e8feb9f5c6a9a819de9eb30f8e41c7427794ad69e5d8a,2,5
S4,425,ieee_dataport/Datasets/Oregon_LoRa/Diff_Days_Indoor_Setup/Day5/Device2/IQ_2.dat,3672,15295488,c7872378af39d0b64c4949e5befbb4a92ef386281691226bd30da47bbcde0457,2,5
S4,426,ieee_dataport/Datasets/Oregon_LoRa/Diff_Days_Indoor_Setup/Day5/Device2/IQ_2.dat,3673,1558528,d1c1164c006285d374dc99397911556a8ec6159a930095d0e6074c852d8f7d77,2,5
S4,427,ieee_dataport/Datasets/Oregon_LoRa/Diff_Days_Indoor_Setup/Day5/Device2/IQ_2.dat,3674,16911360,b006ed489335c9ec557364208de41e8f4772f4a7d24ed413b38ecab57fc29cc5,2,5
S4,428,ieee_dataport/Datasets/Oregon_LoRa/Diff_Days_Indoor_Setup/Day5/Device2/IQ_2.dat,3675,2770944,658178df9ad8ed963be25ca712ab9fa84fefedeb2556f4b92a03d9c2938facca,2,5
S4,429,ieee_dataport/Datasets/Oregon_LoRa/Diff_Days_Indoor_Setup/Day5/Device2/IQ_2.dat,3676,14487552,109271ee5727c8d9765af0722d4de23efe95f5e4933d82877f48edb05434f6af,2,5
S4,430,ieee_dataport/Datasets/Oregon_LoRa/Diff_Days_Indoor_Setup/Day5/Device2/IQ_2.dat,3677,5194752,8020bfe214a30fce02b5455f5085430e6ab04628ee4de06f6580e06af90da9cd,2,5
S4,431,ieee_dataport/Datasets/Oregon_LoRa/Diff_Days_Indoor_Setup/Day5/Device2/IQ_2.dat,3678,13679616,d6107d17038f290bc95b8ba795650237524d75e4a1be2c8d980e7d50cc85029d,2,5
S4,432,ieee_dataport/Datasets/Oregon_LoRa/Diff_Days_Indoor_Setup/Day5/Device3/IQ_1.dat,3716,1762304,4ab393b29a86fd2b014a9091e4fd04cb55c9824f84de08048ef17b40deacf5c8,3,5
S4,433,ieee_dataport/Datasets/Oregon_LoRa/Diff_Days_Indoor_Setup/Day5/Device3/IQ_1.dat,3717,7418880,dee8da94305602dfeb1a385a77db32d5ec0b5986ae60d60c93ae15f8ee10bd3d,3,5
S4,434,ieee_dataport/Datasets/Oregon_LoRa/Diff_Days_Indoor_Setup/Day5/Device3/IQ_1.dat,3718,7822336,d41f4defe6ba4a25c1b6202712ebe6ca86135501729ec0e8cb49dfa25ac73ffa,3,5
S4,435,ieee_dataport/Datasets/Oregon_LoRa/Diff_Days_Indoor_Setup/Day5/Device3/IQ_1.dat,3719,5398528,7b463ac727a6b3d1115c80793b5805f9376cede90b8005a31fa9866db1023699,3,5
S4,436,ieee_dataport/Datasets/Oregon_LoRa/Diff_Days_Indoor_Setup/Day5/Device3/IQ_1.dat,3720,1358848,6b857b0e5f60633155fe1013e878d7d451b4eaf8d0d1b3ed88a88c387d39f349,3,5
S4,437,ieee_dataport/Datasets/Oregon_LoRa/Diff_Days_Indoor_Setup/Day5/Device3/IQ_1.dat,3721,5801984,be38f45173e7ed549deadd124bb19e76b8e8e2c56e02651e104706d3ffd916a3,3,5
S4,438,ieee_dataport/Datasets/Oregon_LoRa/Diff_Days_Indoor_Setup/Day5/Device3/IQ_1.dat,3722,15498240,0dd673ce5ca2439b8f1fba459f193b3798ff709d98654460aca8ff48960efea7,3,5
S4,439,ieee_dataport/Datasets/Oregon_LoRa/Diff_Days_Indoor_Setup/Day5/Device3/IQ_1.dat,3723,9034752,741a4134daf95dc6e13c528e97440e7bab1e8b65c812b086e16d698c8da81fb4,3,5
S4,440,ieee_dataport/Datasets/Oregon_LoRa/Diff_Days_Indoor_Setup/Day5/Device3/IQ_1.dat,3724,11862016,e76b8f9eeb74d5229dd135c7d2c0cb70c331e8b1638622bdfde8e32eddcbcf39,3,5
S4,441,ieee_dataport/Datasets/Oregon_LoRa/Diff_Days_Indoor_Setup/Day5/Device3/IQ_1.dat,3725,3378176,f26ebe68e92a95564358583cc01c5012aaa8e700c248dff34e1dff39594f1244,3,5
S4,442,ieee_dataport/Datasets/Oregon_LoRa/Diff_Days_Indoor_Setup/Day5/Device3/IQ_1.dat,3726,8226816,54b757037aeddeb4596f8adf150ceb8f0ebd483e463e83800f963c16740b13c0,3,5
S4,443,ieee_dataport/Datasets/Oregon_LoRa/Diff_Days_Indoor_Setup/Day5/Device3/IQ_1.dat,3727,15094784,459b7831cd9299f3863ac26f1923a8da5963772ad0cf56032555f6dbee2f6a45,3,5
S4,444,ieee_dataport/Datasets/Oregon_LoRa/Diff_Days_Indoor_Setup/Day5/Device7/IQ_1.dat,4106,3709952,c95b0172e7c05a3d1c83cf8e3bd078d1e76f9e6c38acacd66292a6ff9c6d3d1b,7,5
S4,445,ieee_dataport/Datasets/Oregon_LoRa/Diff_Days_Indoor_Setup/Day5/Device7/IQ_1.dat,4107,4118528,932a130e20dafa932b00249f29f8165bc2fe27663989316a0546893332eaec55,7,5
S4,446,ieee_dataport/Datasets/Oregon_LoRa/Diff_Days_Indoor_Setup/Day5/Device7/IQ_1.dat,4108,13934592,e4d5d6031726a0599ae56b28961b851d887673b1ae1abf6d804ac0f42103544c,7,5
S4,447,ieee_dataport/Datasets/Oregon_LoRa/Diff_Days_Indoor_Setup/Day5/Device7/IQ_1.dat,4109,437248,c006bfe16c888e47891fc3f52fa77572410dd0a799618ad35bc007e7e56f3cb3,7,5
S4,448,ieee_dataport/Datasets/Oregon_LoRa/Diff_Days_Indoor_Setup/Day5/Device7/IQ_1.dat,4110,11481088,b634f60570966fccb5cd46dba90c8fb3647bf7f9e4b6a970e19d6f0666efe9ad,7,5
S4,449,ieee_dataport/Datasets/Oregon_LoRa/Diff_Days_Indoor_Setup/Day5/Device7/IQ_1.dat,4111,17615872,7b001b89ebd819c5b8e1d1a4de40e2f93147dff8d111d85e6a360417917ef5f3,7,5
S4,450,ieee_dataport/Datasets/Oregon_LoRa/Diff_Days_Indoor_Setup/Day5/Device7/IQ_1.dat,4112,4936704,5e972c7efd36db314ea3ae174f03da87eeb7d8052db9911233f1fb0511de03d5,7,5
S4,451,ieee_dataport/Datasets/Oregon_LoRa/Diff_Days_Indoor_Setup/Day5/Device7/IQ_1.dat,4113,10662912,afa5eea083479a5b04d0d5cb6df4893e9ecd84a16b14f3d8778cf6d485efe00d,7,5
S4,452,ieee_dataport/Datasets/Oregon_LoRa/Diff_Days_Indoor_Setup/Day5/Device7/IQ_1.dat,4114,9026560,ed1fb806764f15ef79599907c2e019d7deff0180c0639d628828480cb96e93ed,7,5
S4,453,ieee_dataport/Datasets/Oregon_LoRa/Diff_Days_Indoor_Setup/Day5/Device7/IQ_1.dat,4115,12707840,284dd926cd154ea580f7a19209f3a08a5ea260f73ae5c9278aff4f855069fe5a,7,5
S4,454,ieee_dataport/Datasets/Oregon_LoRa/Diff_Days_Indoor_Setup/Day5/Device7/IQ_1.dat,4116,18842624,4360e1794469247406aeb13321878bf950ad4340c5666de1c63d012225b33b85,7,5
S4,455,ieee_dataport/Datasets/Oregon_LoRa/Diff_Days_Indoor_Setup/Day5/Device7/IQ_1.dat,4117,7799808,867ec0c1feca864f9d6af2d5b1fbe3982906919232bb5a844416b3c504d0a4e9,7,5
S4,456,ieee_dataport/Datasets/Oregon_LoRa/Diff_Days_Indoor_Setup/Day5/Device8/IQ_1.dat,4203,14331904,74db8ae4b1047acab40870190861e9f32f870220e65afc4478689ba6e1285c5a,8,5
S4,457,ieee_dataport/Datasets/Oregon_LoRa/Diff_Days_Indoor_Setup/Day5/Device8/IQ_1.dat,4204,18013184,12ca0aa581eb4783e87993c0f751519ffb69faa85156732fd8a183f0d47fd3bb,8,5
S4,458,ieee_dataport/Datasets/Oregon_LoRa/Diff_Days_Indoor_Setup/Day5/Device8/IQ_1.dat,4205,9423872,00e4b41a24e28c7add3caab5734e53083a94924d669c3caa5690dacb7450aab1,8,5
S4,459,ieee_dataport/Datasets/Oregon_LoRa/Diff_Days_Indoor_Setup/Day5/Device8/IQ_1.dat,4206,13105152,60984c64fe58a75ad2e5f222c0149397ef4d1ba6b1360ea8604853e72b5e02d0,8,5
S4,460,ieee_dataport/Datasets/Oregon_LoRa/Diff_Days_Indoor_Setup/Day5/Device8/IQ_1.dat,4207,13513728,accf9cd3bfd9d71031bfcf22751545fa10fc008ce04030f30b98000d08e21557,8,5
S4,461,ieee_dataport/Datasets/Oregon_LoRa/Diff_Days_Indoor_Setup/Day5/Device8/IQ_1.dat,4208,6970368,3ffa6846a87eb2a36d9829787889da3bc2e3074cc1ec607b2c5f944787ceaf68,8,5
S4,462,ieee_dataport/Datasets/Oregon_LoRa/Diff_Days_Indoor_Setup/Day5/Device8/IQ_1.dat,4209,19649536,b652ce2c451ceb8639b3be12447fdb14c495babb447c730858995d655d25e9d4,8,5
S4,463,ieee_dataport/Datasets/Oregon_LoRa/Diff_Days_Indoor_Setup/Day5/Device8/IQ_1.dat,4210,7378944,44e678048286d6e05587a8eadf72460914382c12c8fda2b9e1ea87a4a948a6d5,8,5
S4,464,ieee_dataport/Datasets/Oregon_LoRa/Diff_Days_Indoor_Setup/Day5/Device8/IQ_1.dat,4211,1652736,7271ab2872b32ab9ca227f0ce5d1f8260d863d6b41f52e47d83f460e90660c09,8,5
S4,465,ieee_dataport/Datasets/Oregon_LoRa/Diff_Days_Indoor_Setup/Day5/Device8/IQ_1.dat,4212,4925440,b56528a30c822ee76bb528d43ec6aef4cb497edaec3642c2c27bb80193825270,8,5
S4,466,ieee_dataport/Datasets/Oregon_LoRa/Diff_Days_Indoor_Setup/Day5/Device8/IQ_1.dat,4213,11060224,e9f1298512dddedb4b661a720c5cec4fb258f8cde7bdc15c170bd82dfa2d1c62,8,5
S4,467,ieee_dataport/Datasets/Oregon_LoRa/Diff_Days_Indoor_Setup/Day5/Device8/IQ_1.dat,4214,17195008,5fc574be2699e4253857ed98b352f7bf8dc372681f83e1d3e8f2ade542ce6fa7,8,5
S4,468,ieee_dataport/Datasets/Oregon_LoRa/Diff_Days_Indoor_Setup/Day5/Device9/IQ_1.dat,4301,957440,cbbc121ab3b3fc48160e75daa010b9ef5000064a5f4dde6bafa97f09847ef2a0,9,5
S4,469,ieee_dataport/Datasets/Oregon_LoRa/Diff_Days_Indoor_Setup/Day5/Device9/IQ_1.dat,4302,16499712,7c7e90622905fea9f013eef557bd5ad206114d402f4ff7881166a0cbfc064583,9,5
S4,470,ieee_dataport/Datasets/Oregon_LoRa/Diff_Days_Indoor_Setup/Day5/Device9/IQ_1.dat,4303,14863360,d1dbe9c7ed460f4f4f1c6a3f68f943ecfbfb094205448b6718af503418ab9f45,9,5
S4,471,ieee_dataport/Datasets/Oregon_LoRa/Diff_Days_Indoor_Setup/Day5/Device9/IQ_1.dat,4304,1367040,77a8aa65054bd8e6ce4ba1bc73883cfebd44592ee6efd25f4f8a77eed8a1e11e,9,5
S4,472,ieee_dataport/Datasets/Oregon_LoRa/Diff_Days_Indoor_Setup/Day5/Device9/IQ_1.dat,4305,548864,64caee70cb3ddb976831c9bb868cdd019b663db3616e058469045ae60ae574cc,9,5
S4,473,ieee_dataport/Datasets/Oregon_LoRa/Diff_Days_Indoor_Setup/Day5/Device9/IQ_1.dat,4306,18953216,9abcfa58803f2da8c64b1584139886f63e80125e7aece2d9fd25629f51ce73da,9,5
S4,474,ieee_dataport/Datasets/Oregon_LoRa/Diff_Days_Indoor_Setup/Day5/Device9/IQ_1.dat,4307,7092224,36c0d00615f74d83b6c03bf6aa449890206b056f2e81d75135517859176bc1c9,9,5
S4,475,ieee_dataport/Datasets/Oregon_LoRa/Diff_Days_Indoor_Setup/Day5/Device9/IQ_1.dat,4308,3411968,aa3bffdc8a923a9673693e6c8cf15edadab38cff67c38c9754489f1a3865a38a,9,5
S4,476,ieee_dataport/Datasets/Oregon_LoRa/Diff_Days_Indoor_Setup/Day5/Device9/IQ_1.dat,4309,11183104,6c0d8c784618c29b5dd7c639f1e475331762229363a8f105bd5d6e944ea884d9,9,5
S4,477,ieee_dataport/Datasets/Oregon_LoRa/Diff_Days_Indoor_Setup/Day5/Device9/IQ_1.dat,4310,139264,a248894bcf2abc3bd9be642ea38c0ebe86cf60697359ec0bb8e0e702528f6c65,9,5
S4,478,ieee_dataport/Datasets/Oregon_LoRa/Diff_Days_Indoor_Setup/Day5/Device9/IQ_1.dat,4311,13636608,eb1962b96fb7ee5e6d17248f57141147b2bf7c1503cc2af43ed21256343e79a5,9,5
S4,479,ieee_dataport/Datasets/Oregon_LoRa/Diff_Days_Indoor_Setup/Day5/Device9/IQ_1.dat,4312,3820544,b3ae0247c1883becbeea529b34dcf60f225193004b62e3fe9eb9aa4a44658d74,9,5
