source,flag,rows,s_min,s_q25,s_median,s_q75,s_max,tau_over_delta_01_median
S1,coordinate,5200,0.0446925876150162,0.12177583850757517,0.1222727263237397,0.12277977132358715,0.1581117264408181,1.7291974787536646
S1,dct,5200,0.0008403673026054,0.001634868172162625,0.00170283664349395,0.0017706735857853499,0.0052480823873786,0.024081746757350503
S1,dft,5200,0.0001400102350311,0.00034600720153685,0.00243567457666865,0.003198881362812425,0.0575222267815262,0.034445640198522
S1,permuted_polynomial,5200,0.0001454943237878,0.000369506223348625,0.00231670128520485,0.0032163998992088003,0.0685856348319575,0.03276310377503899
S1,polynomial,5200,4.078533924946855e-06,1.109105698180961e-05,1.4104015459478479e-05,1.87077173653518e-05,0.0012011352368636,0.00019946089946714269
S1,random_orthogonal,5200,0.0018116920000906,0.00368380427342335,0.00379014147461975,0.0038919971571621,0.0162965706861641,0.053600694767200495
S4,coordinate,480,0.0983980704201462,0.12316614209471745,0.12464054145560045,0.12526047666957207,0.1294120573082268,1.762683441480362
S4,dct,480,0.0002921632554947,0.007142695327407975,0.01761928612674915,0.060127686673647575,0.6982003483082814,0.24917433399780747
S4,dft,480,3.477101389181688e-06,0.00583893418546755,0.0140831779656416,0.0276607467739917,0.8343373599599202,0.199166212803243
S4,permuted_polynomial,480,8.310090635550699e-05,0.039005362732799004,0.060882771650150255,0.24528486692081014,0.4160493607848409,0.8610124138250669
S4,polynomial,480,1.8573044536921677e-07,0.002098278131883475,0.016617140201375648,0.19781189368047794,0.5410163464849859,0.235001850406406
S4,random_orthogonal,480,0.0002399280957689,0.08342264006239253,0.15147216293031857,0.25135246170910663,0.4027719761159372,2.1421398713804365
