source,flag,delta,denominator,applicable,outer_bound_available,fraction
S1,coordinate,1e-06,5200,0,5200,0.0
S1,coordinate,3.162277660168379e-06,5200,0,5200,0.0
S1,coordinate,1e-05,5200,0,5200,0.0
S1,coordinate,3.1622776601683795e-05,5200,0,5200,0.0
S1,coordinate,0.0001,5200,0,5200,0.0
S1,coordinate,0.0003162277660168,5200,0,5200,0.0
S1,coordinate,0.001,5200,0,5200,0.0
S1,coordinate,0.0031622776601683,5200,0,5200,0.0
S1,coordinate,0.01,5200,0,5200,0.0
S1,coordinate,0.0316227766016837,5200,0,5194,0.0
S1,coordinate,0.1,5200,0,56,0.0
S1,coordinate,0.25,5200,0,0,0.0
S1,dct,1e-06,5200,0,5200,0.0
S1,dct,3.162277660168379e-06,5200,0,5200,0.0
S1,dct,1e-05,5200,0,5200,0.0
S1,dct,3.1622776601683795e-05,5200,0,5200,0.0
S1,dct,0.0001,5200,0,5200,0.0
S1,dct,0.0003162277660168,5200,0,5200,0.0
S1,dct,0.001,5200,0,5200,0.0
S1,dct,0.0031622776601683,5200,5,5200,0.0009615384615384616
S1,dct,0.01,5200,5194,5200,0.9988461538461538
S1,dct,0.0316227766016837,5200,5200,5200,1.0
S1,dct,0.1,5200,5200,5200,1.0
S1,dct,0.25,5200,0,0,0.0
S1,dft,1e-06,5200,0,5200,0.0
S1,dft,3.162277660168379e-06,5200,0,5200,0.0
S1,dft,1e-05,5200,0,5200,0.0
S1,dft,3.1622776601683795e-05,5200,0,5200,0.0
S1,dft,0.0001,5200,0,5200,0.0
S1,dft,0.0003162277660168,5200,0,5200,0.0
S1,dft,0.001,5200,1320,5200,0.25384615384615383
S1,dft,0.0031622776601683,5200,1818,5200,0.3496153846153846
S1,dft,0.01,5200,4407,5200,0.8475
S1,dft,0.0316227766016837,5200,5192,5200,0.9984615384615385
S1,dft,0.1,5200,5199,5200,0.9998076923076923
S1,dft,0.25,5200,0,0,0.0
S1,permuted_polynomial,1e-06,5200,0,5200,0.0
S1,permuted_polynomial,3.162277660168379e-06,5200,0,5200,0.0
S1,permuted_polynomial,1e-05,5200,0,5200,0.0
S1,permuted_polynomial,3.1622776601683795e-05,5200,0,5200,0.0
S1,permuted_polynomial,0.0001,5200,0,5200,0.0
S1,permuted_polynomial,0.0003162277660168,5200,0,5200,0.0
S1,permuted_polynomial,0.001,5200,1174,5200,0.22576923076923078
S1,permuted_polynomial,0.0031622776601683,5200,1852,5200,0.35615384615384615
S1,permuted_polynomial,0.01,5200,4290,5200,0.825
S1,permuted_polynomial,0.0316227766016837,5200,5188,5200,0.9976923076923077
S1,permuted_polynomial,0.1,5200,5196,5200,0.9992307692307693
S1,permuted_polynomial,0.25,5200,0,0,0.0
S1,polynomial,1e-06,5200,0,5200,0.0
S1,polynomial,3.162277660168379e-06,5200,0,5200,0.0
S1,polynomial,1e-05,5200,0,5200,0.0
S1,polynomial,3.1622776601683795e-05,5200,1275,5200,0.24519230769230768
S1,polynomial,0.0001,5200,4895,5200,0.9413461538461538
S1,polynomial,0.0003162277660168,5200,5178,5200,0.9957692307692307
S1,polynomial,0.001,5200,5196,5200,0.9992307692307693
S1,polynomial,0.0031622776601683,5200,5199,5200,0.9998076923076923
S1,polynomial,0.01,5200,5200,5200,1.0
S1,polynomial,0.0316227766016837,5200,5200,5200,1.0
S1,polynomial,0.1,5200,5200,5200,1.0
S1,polynomial,0.25,5200,0,0,0.0
S1,random_orthogonal,1e-06,5200,0,5200,0.0
S1,random_orthogonal,3.162277660168379e-06,5200,0,5200,0.0
S1,random_orthogonal,1e-05,5200,0,5200,0.0
S1,random_orthogonal,3.1622776601683795e-05,5200,0,5200,0.0
S1,random_orthogonal,0.0001,5200,0,5200,0.0
S1,random_orthogonal,0.0003162277660168,5200,0,5200,0.0
S1,random_orthogonal,0.001,5200,0,5200,0.0
S1,random_orthogonal,0.0031622776601683,5200,0,5200,0.0
S1,random_orthogonal,0.01,5200,443,5200,0.08519230769230769
S1,random_orthogonal,0.0316227766016837,5200,5196,5200,0.9992307692307693
S1,random_orthogonal,0.1,5200,5200,5200,1.0
S1,random_orthogonal,0.25,5200,0,0,0.0
S4,coordinate,1e-06,480,0,480,0.0
S4,coordinate,3.162277660168379e-06,480,0,480,0.0
S4,coordinate,1e-05,480,0,480,0.0
S4,coordinate,3.1622776601683795e-05,480,0,480,0.0
S4,coordinate,0.0001,480,0,480,0.0
S4,coordinate,0.0003162277660168,480,0,480,0.0
S4,coordinate,0.001,480,0,480,0.0
S4,coordinate,0.0031622776601683,480,0,480,0.0
S4,coordinate,0.01,480,0,480,0.0
S4,coordinate,0.0316227766016837,480,0,480,0.0
S4,coordinate,0.1,480,0,1,0.0
S4,coordinate,0.25,480,0,0,0.0
S4,dct,1e-06,480,0,420,0.0
S4,dct,3.162277660168379e-06,480,0,420,0.0
S4,dct,1e-05,480,0,420,0.0
S4,dct,3.1622776601683795e-05,480,0,420,0.0
S4,dct,0.0001,480,0,420,0.0
S4,dct,0.0003162277660168,480,0,420,0.0
S4,dct,0.001,480,1,420,0.0020833333333333333
S4,dct,0.0031622776601683,480,22,420,0.04583333333333333
S4,dct,0.01,480,50,420,0.10416666666666667
S4,dct,0.0316227766016837,480,148,419,0.30833333333333335
S4,dct,0.1,480,316,403,0.6583333333333333
S4,dct,0.25,480,0,0,0.0
S4,dft,1e-06,480,0,459,0.0
S4,dft,3.162277660168379e-06,480,0,459,0.0
S4,dft,1e-05,480,1,459,0.0020833333333333333
S4,dft,3.1622776601683795e-05,480,2,459,0.004166666666666667
S4,dft,0.0001,480,11,459,0.022916666666666665
S4,dft,0.0003162277660168,480,19,459,0.03958333333333333
S4,dft,0.001,480,28,459,0.058333333333333334
S4,dft,0.0031622776601683,480,44,459,0.09166666666666666
S4,dft,0.01,480,78,458,0.1625
S4,dft,0.0316227766016837,480,198,457,0.4125
S4,dft,0.1,480,372,447,0.775
S4,dft,0.25,480,0,0,0.0
S4,permuted_polynomial,1e-06,480,0,314,0.0
S4,permuted_polynomial,3.162277660168379e-06,480,0,314,0.0
S4,permuted_polynomial,1e-05,480,0,314,0.0
S4,permuted_polynomial,3.1622776601683795e-05,480,0,314,0.0
S4,permuted_polynomial,0.0001,480,0,314,0.0
S4,permuted_polynomial,0.0003162277660168,480,2,314,0.004166666666666667
S4,permuted_polynomial,0.001,480,2,314,0.004166666666666667
S4,permuted_polynomial,0.0031622776601683,480,3,313,0.00625
S4,permuted_polynomial,0.01,480,5,312,0.010416666666666666
S4,permuted_polynomial,0.0316227766016837,480,32,303,0.06666666666666667
S4,permuted_polynomial,0.1,480,94,282,0.19583333333333333
S4,permuted_polynomial,0.25,480,0,0,0.0
S4,polynomial,1e-06,480,3,326,0.00625
S4,polynomial,3.162277660168379e-06,480,14,326,0.029166666666666667
S4,polynomial,1e-05,480,24,326,0.05
S4,polynomial,3.1622776601683795e-05,480,32,326,0.06666666666666667
S4,polynomial,0.0001,480,37,326,0.07708333333333334
S4,polynomial,0.0003162277660168,480,52,326,0.10833333333333334
S4,polynomial,0.001,480,82,326,0.17083333333333334
S4,polynomial,0.0031622776601683,480,112,326,0.23333333333333334
S4,polynomial,0.01,480,141,325,0.29375
S4,polynomial,0.0316227766016837,480,196,325,0.4083333333333333
S4,polynomial,0.1,480,268,306,0.5583333333333333
S4,polynomial,0.25,480,0,0,0.0
S4,random_orthogonal,1e-06,480,0,269,0.0
S4,random_orthogonal,3.162277660168379e-06,480,0,269,0.0
S4,random_orthogonal,1e-05,480,0,269,0.0
S4,random_orthogonal,3.1622776601683795e-05,480,0,268,0.0
S4,random_orthogonal,0.0001,480,0,268,0.0
S4,random_orthogonal,0.0003162277660168,480,0,268,0.0
S4,random_orthogonal,0.001,480,1,267,0.0020833333333333333
S4,random_orthogonal,0.0031622776601683,480,1,267,0.0020833333333333333
S4,random_orthogonal,0.01,480,22,259,0.04583333333333333
S4,random_orthogonal,0.0316227766016837,480,35,245,0.07291666666666667
S4,random_orthogonal,0.1,480,53,168,0.11041666666666666
S4,random_orthogonal,0.25,480,0,0,0.0
