order,perturbation,epsilon,window_cells,grid_cells
mixed,cross,0.0,12,12
mixed,cross,1e-08,12,12
mixed,cross,1e-07,12,12
mixed,cross,1e-06,10,12
mixed,cross,1e-05,8,12
mixed,cross,0.0001,6,12
mixed,cross,0.001,4,12
mixed,cross,0.01,2,12
mixed,cross,0.1,0,12
mixed,preserving,0.0,12,12
mixed,preserving,1e-08,12,12
mixed,preserving,1e-07,12,12
mixed,preserving,1e-06,12,12
mixed,preserving,1e-05,12,12
mixed,preserving,0.0001,12,12
mixed,preserving,0.001,12,12
mixed,preserving,0.01,12,12
mixed,preserving,0.1,12,12
mixed,residual,0.0,12,12
mixed,residual,1e-08,12,12
mixed,residual,1e-07,12,12
mixed,residual,1e-06,12,12
mixed,residual,1e-05,12,12
mixed,residual,0.0001,12,12
mixed,residual,0.001,9,12
mixed,residual,0.01,5,12
mixed,residual,0.1,0,12
mixed,tangent,0.0,12,12
mixed,tangent,1e-08,12,12
mixed,tangent,1e-07,12,12
mixed,tangent,1e-06,12,12
mixed,tangent,1e-05,12,12
mixed,tangent,0.0001,12,12
mixed,tangent,0.001,8,12
mixed,tangent,0.01,4,12
mixed,tangent,0.1,0,12
quadratic,cross,0.0,12,12
quadratic,cross,1e-08,9,12
quadratic,cross,1e-07,7,12
quadratic,cross,1e-06,6,12
quadratic,cross,1e-05,5,12
quadratic,cross,0.0001,3,12
quadratic,cross,0.001,2,12
quadratic,cross,0.01,0,12
quadratic,cross,0.1,0,12
quadratic,mixed,0.0,12,12
quadratic,mixed,1e-08,12,12
quadratic,mixed,1e-07,12,12
quadratic,mixed,1e-06,12,12
quadratic,mixed,1e-05,12,12
quadratic,mixed,0.0001,11,12
quadratic,mixed,0.001,7,12
quadratic,mixed,0.01,3,12
quadratic,mixed,0.1,0,12
quadratic,preserving,0.0,12,12
quadratic,preserving,1e-08,12,12
quadratic,preserving,1e-07,12,12
quadratic,preserving,1e-06,12,12
quadratic,preserving,1e-05,12,12
quadratic,preserving,0.0001,12,12
quadratic,preserving,0.001,12,12
quadratic,preserving,0.01,12,12
quadratic,preserving,0.1,12,12
quadratic,residual,0.0,12,12
quadratic,residual,1e-08,12,12
quadratic,residual,1e-07,12,12
quadratic,residual,1e-06,10,12
quadratic,residual,1e-05,8,12
quadratic,residual,0.0001,6,12
quadratic,residual,0.001,4,12
quadratic,residual,0.01,2,12
quadratic,residual,0.1,0,12
quadratic,tangent,0.0,12,12
quadratic,tangent,1e-08,12,12
quadratic,tangent,1e-07,11,12
quadratic,tangent,1e-06,9,12
quadratic,tangent,1e-05,7,12
quadratic,tangent,0.0001,5,12
quadratic,tangent,0.001,3,12
quadratic,tangent,0.01,1,12
quadratic,tangent,0.1,0,12
