source,method,k,pair_alpha_upper_mean,pair_alpha_upper_std,pair_alpha_upper_median,pair_alpha_upper_min,pair_alpha_upper_max,pair_radius_lower_mean,pair_radius_lower_std,pair_radius_lower_median,pair_radius_lower_min,pair_radius_lower_max,multiclass_radius_lower_mean,multiclass_radius_lower_std,multiclass_radius_lower_median,multiclass_radius_lower_min,multiclass_radius_lower_max,pair_radius_lower_ratio_mean,pair_radius_lower_ratio_std,pair_radius_lower_ratio_median,pair_radius_lower_ratio_min,pair_radius_lower_ratio_max,multiclass_radius_lower_ratio_mean,multiclass_radius_lower_ratio_std,multiclass_radius_lower_ratio_median,multiclass_radius_lower_ratio_min,multiclass_radius_lower_ratio_max,pair_radius_lower_vs_raw_mean,pair_radius_lower_vs_raw_std,pair_radius_lower_vs_raw_median,pair_radius_lower_vs_raw_min,pair_radius_lower_vs_raw_max,multiclass_radius_lower_vs_raw_mean,multiclass_radius_lower_vs_raw_std,multiclass_radius_lower_vs_raw_median,multiclass_radius_lower_vs_raw_min,multiclass_radius_lower_vs_raw_max
S1,difference,1,997.4700788748781,123.78793672507662,1048.2310655702481,619.3383720396381,1242.1315122848252,8.632043134650866e-05,3.861600379407536e-05,9.109745815924478e-05,1.585163663600213e-07,0.0001878467731431,8.309112364871442e-05,3.5674632649989746e-05,8.870945057389935e-05,1.585163663600213e-07,0.0001527844169405,1.3349551877728842,0.0998329025839628,1.3139645008092895,1.2077615479249768,1.8391490062007383,1.3225403060266763,0.10266167611293467,1.3114634822171316,1.1528558190916924,1.8391490062007383,1.0515687731248997,0.02452969687153132,1.048552000909454,1.0158406999517429,1.1794597951611845,1.0407220970981952,0.027133947217979678,1.0465315374925475,0.9551124398705441,1.1056874746793377
S1,difference,2,566.8899291661427,67.97963434720648,587.5046930366557,344.5061326701948,722.2765355054113,0.00011829264145621127,4.881184838114396e-05,0.00012541062593345,4.543323870798228e-07,0.0002360457418138,0.00011415795732959572,4.6000978443736e-05,0.0001236980879812,4.543323870798228e-07,0.0001919606377528,1.9525363800906708,0.5077179323420927,1.8133988805709278,1.5176570017359723,5.271285087906256,1.9251279505979428,0.4940393995752893,1.8109802931189984,1.4490168390097369,5.271285087906256,1.0656345277520967,0.03196789703551823,1.0649466599273092,1.0165304171420595,1.2908710068056766,1.0513160758598248,0.03690135634928171,1.0579899580763343,0.938658650889739,1.2908710068056766
S1,random_17,1,1126.9884389130036,145.33330869038016,1206.7772485017326,654.1537628776177,1395.4316716091432,7.854202411967931e-05,3.560368110698234e-05,8.200110861407298e-05,1.208276092222616e-07,0.0001752668031382,7.654568370263046e-05,3.370719772842576e-05,8.142165294246394e-05,1.208276092222616e-07,0.0001515427655988,1.2098280949771278,0.07963507858326369,1.1859494511617446,1.1268785825604697,1.5099197036894825,1.2106287674575327,0.07386331181980829,1.1870954859436016,1.1347786591639066,1.5099197036894825,0.9537130344843938,0.02978827307558372,0.9514538846505506,0.8117960749666172,1.0548815413063064,0.9536931619911975,0.02707582704254174,0.9517796646414719,0.8117960749666172,1.0344762166796195
S1,random_17,2,684.0904761278335,65.87312623830503,708.6824958756198,407.3061415893801,812.058008334647,0.00010811064475445082,4.5524803666368134e-05,0.00011373615741515,2.942690991068627e-07,0.0002191548651883,0.0001055283931621389,4.351514333393444e-05,0.00011373615741515,2.942690991068627e-07,0.0001840746633384,1.7546635971275582,0.3589663218328695,1.6745820754981,1.4090570457309626,3.4179380837510456,1.7531127984218702,0.34686014377999547,1.679125016945226,1.3894894804208333,3.4179380837510456,0.9644001547103848,0.035009877787858475,0.9701506549962482,0.8360915026934589,1.060680844790458,0.9638556772057459,0.03170882967670075,0.9700319834849098,0.8360915026934589,1.0227730711792462
S1,random_29,1,1143.1489644420437,166.71907181556494,1230.6543661607288,697.7273334161919,1417.4096297133235,7.782889434770089e-05,3.570366833473768e-05,8.103266706152897e-05,1.2077014063338402e-07,0.0001776534374322,7.534809411700737e-05,3.3176970516593166e-05,8.036132927404028e-05,1.2077014063338402e-07,0.0001477876860992,1.1958567684046757,0.07298785267741192,1.165612036528338,1.1284477709081897,1.4500105129058434,1.1915444247225033,0.07025455437875155,1.1643934764035226,1.1155768612927648,1.4500105129058434,0.9430007452052491,0.030936633915313122,0.943016499403319,0.8114099647457416,1.0602781220617847,0.9387583309442881,0.026906701304138313,0.9380720868704204,0.8114099647457416,1.008512582849406
S1,random_29,2,714.9640580793363,110.68470108166579,769.848860643305,467.394540374863,924.6912454996452,0.00010600981731759356,4.5340500550231245e-05,0.00011163803002905,2.9324967425099004e-07,0.0002239569852512,0.00010256660562363419,4.2042321815496115e-05,0.00011068323040935,2.9324967425099004e-07,0.0001825244284368,1.7092980573382868,0.32191309777857846,1.6079600820763322,1.4291832196087926,3.402360648000701,1.7023776497017862,0.32105015723239083,1.6089357058862084,1.3777875163977102,3.402360648000701,0.9421942837030987,0.04267242602034222,0.9412246701629983,0.7672406520198645,1.005160610894737,0.9374956581937752,0.04020631573278723,0.9394076350664853,0.7672406520198645,1.018129407191861
S1,random_43,1,1060.4427392231198,123.16860610006057,1114.6214142947158,670.4979134849409,1281.5045370955686,8.255171858616886e-05,3.7324789883189086e-05,8.661283605626859e-05,1.4680096832012505e-07,0.0001804753782831,8.067276270371007e-05,3.548975329884448e-05,8.598821533167762e-05,1.4680096832012505e-07,0.0001556454670687,1.2671517998155752,0.07319532449583904,1.2580806642203064,1.1603671364186494,1.7032238449250545,1.2718958991994203,0.06892629819010955,1.2607941993370504,1.174891401374249,1.7032238449250545,0.9991315407352711,0.02277851587629808,0.9996773574712661,0.9060625036376366,1.0690312014838455,1.002141117169625,0.021394667753753847,1.0041964209696357,0.9060625036376366,1.0690312014838455
S1,random_43,2,693.9156670877554,103.82618307179828,753.4077161819868,459.3338660051078,840.5031409119077,0.00010769027870833876,4.5707874720236485e-05,0.00011417474463935,3.4073253709335896e-07,0.0002239151597909,0.00010425395118989958,4.24746885381472e-05,0.0001126072349184,3.4073253709335896e-07,0.0001816798574204,1.736930523824476,0.33028747099428457,1.6403147267123483,1.416654468012189,3.953269440659813,1.729057878631328,0.32764661567811343,1.6456399374773683,1.371412263435282,3.953269440659813,0.9578235842829125,0.048473925993231665,0.9595940287675788,0.7262656985126149,1.0147732193269368,0.9526853134886047,0.045663428015652645,0.9503704925013038,0.7262656985126149,1.0193437804047651
S1,raw_scores,1,1062.2497629049346,140.5852056122217,1115.693378102561,678.9562594590321,1334.489740593161,8.245543970150754e-05,3.727875665839261e-05,8.725533178749872e-05,1.4883985393404406e-07,0.0001830956259884,8.020024969339369e-05,3.491116844607876e-05,8.581539600954362e-05,1.4883985393404406e-07,0.0001535971380908,1.269022903925217,0.0819367548737979,1.2486706281958084,1.1772140290830724,1.726879537625451,1.2700775683607783,0.0806588324486315,1.2506785044843678,1.1594295691176233,1.726879537625451,1.0,0.0,1.0,1.0,1.0,1.0,0.0,1.0,1.0,1.0
S1,raw_scores,2,643.464557300978,78.03615526820316,666.0842607894717,366.0823908128028,797.3554471547401,0.00011151215967598458,4.6766292957000034e-05,0.0001175612422863,3.5195800717849457e-07,0.0002279560084817,0.00010890153342334683,4.4746475985075595e-05,0.0001160090747957,3.5195800717849457e-07,0.0001932682577714,1.828629606880656,0.4423966015006773,1.7047101731190903,1.465644030269945,4.0835103276122915,1.8279633178990706,0.43265425970799515,1.7089731869983527,1.4588874221050985,4.0835103276122915,1.0,0.0,1.0,1.0,1.0,1.0,0.0,1.0,1.0,1.0
S4,difference,1,27.262395881855824,7.790575965847155,26.068115265864982,12.138408910316144,46.61977354892356,0.0007563722078153541,0.000813991476668375,0.00058282906603535,5.721619905445459e-07,0.0041268010692119,0.0007004692198448175,0.0006840598065763119,0.00058282906603535,5.721619905445459e-07,0.0032890266864802,1.5675861088946175,0.16764019880804107,1.5381035238772964,1.2099261196615907,1.876353160351422,1.557664868468495,0.1704468484286783,1.5381035238772964,1.2086330372449459,1.876353160351422,1.0805655895284074,0.06680935871999187,1.057083799053368,1.0056835620631637,1.3094016840982174,1.0699923476994146,0.06996620042932235,1.053033272648948,0.9710155215565172,1.3094016840982174
S4,difference,2,14.900918004399797,4.1791235586182784,14.498024804368821,7.053005744906653,24.297111613371246,0.0011225980937101703,0.0010379600641938803,0.00092642001926195,1.5684207311293195e-06,0.0052213477407869,0.0010569799272368502,0.0009089223077716631,0.00092642001926195,1.5684207311293195e-06,0.0043856088246208,2.8689743172040325,1.0002215984268286,2.4087388494253923,1.5308334241128219,4.98974151981726,2.8484643896237016,0.9936129541233673,2.4589270297327865,1.6115988768525866,4.98974151981726,1.1280340706664183,0.11766001853580473,1.0760083849893953,1.024281625927946,1.588122671563658,1.11172433873,0.1197827605967695,1.0760083849893953,0.9032831213420045,1.588122671563658
S4,random_17,1,30.424630511579586,8.248261984907984,28.92023875082096,14.373834762402716,49.44933018870425,0.0006825219752031784,0.0007711052778268623,0.0005165688162753999,5.123594079972534e-07,0.0039994517483562,0.0006380285241808016,0.0006571062225344978,0.0005165688162753999,5.123594079972534e-07,0.0032980869586126,1.3822526764279164,0.12917539738035544,1.3618870653084576,1.1725889020345968,1.6746387231659545,1.3835429152845289,0.12789534961178275,1.3717007617502917,1.179267243154329,1.6746387231659545,0.954702616708812,0.0670240726355767,0.9587293053300999,0.8295103469573716,1.109684167319773,0.9524342110423664,0.06694991425577689,0.9548039479740573,0.8295103469573716,1.109684167319773
S4,random_17,2,19.20551912637897,5.181545473707382,19.555499633446722,8.344481687519293,31.46520450105363,0.0009723688559525692,0.0009743805414442574,0.00079114259595345,1.3126817999863825e-06,0.0050161510238004,0.0009300283581379226,0.0008677806062564495,0.00079114259595345,1.3126817999863825e-06,0.0043538974452043,2.2956946891363854,0.6428629834759481,2.093993536294743,1.4706723299900593,4.176138933705826,2.3136954518628037,0.6305496995197778,2.1389296670931826,1.5765003398199537,4.176138933705826,0.9198135541658427,0.08097576947585712,0.925529810503957,0.7544968596309035,1.1105897618698188,0.9210129627119559,0.08140661491653423,0.925529810503957,0.7544968596309035,1.1105897618698188
S4,random_29,1,31.10154568136255,8.649383119946409,29.468606790140328,13.622048071229663,52.011667859937184,0.0006723241868714731,0.0007735616473981196,0.0005221847363721,5.381985648513802e-07,0.0040218923810823,0.0006332789306455231,0.0006660314395522049,0.0005221847363721,5.381985648513802e-07,0.0033512565643126,1.3483989982936733,0.1269736345194788,1.3403678448632612,1.1791682130364296,1.7122138668821072,1.3556625046508686,0.12443605604915266,1.3471576807304986,1.1804435660252908,1.7122138668821072,0.9324300979371645,0.07866390966736038,0.9318213213886635,0.7482728483514813,1.0845673878135216,0.9345872209701571,0.0805819288809177,0.9331793138886251,0.7482728483514813,1.0845673878135216
S4,random_29,2,18.91932379091541,4.895922963868225,18.500334120625404,9.566356444824628,29.957348945785903,0.0009751929136356111,0.0009625420325760424,0.0008099899998860499,1.3204409182843884e-06,0.0049147077887753,0.000935881223246411,0.0008641515839317128,0.0008099899998860499,1.3204409182843884e-06,0.0042977957084125,2.328471173768165,0.7066777304336627,2.1062481543423437,1.4409304505872615,4.408846216321416,2.3491327046351365,0.6932149928003243,2.1578448262508747,1.5559534665363182,4.408846216321416,0.9292934693610175,0.08598634837335133,0.9223955795697762,0.7270664582343023,1.1431032560820462,0.9318435330590809,0.08710188019154533,0.9223955795697762,0.7270664582343023,1.1431032560820462
S4,random_43,1,30.486919995564385,8.149476631071991,30.70827231932994,13.806065422536896,50.056511551809656,0.0006801538295769633,0.0007731090799942438,0.00050421638470065,5.224912662047221e-07,0.0040136586539855,0.0006389468690537866,0.0006660073996740873,0.00050421638470065,5.224912662047221e-07,0.0033437503333662,1.3794501774872658,0.14288128384338178,1.3432933212880311,1.1745108810335347,1.6703503378626512,1.3831441197923742,0.1401884320060205,1.355371350248376,1.1745108810335347,1.6703503378626512,0.9522565488909261,0.07375811449183964,0.9409890548226694,0.8133483714460971,1.21681373635671,0.9518290183582668,0.07458763140473024,0.9409890548226694,0.8133483714460971,1.21681373635671
S4,random_43,2,19.060774710910106,5.49779350104354,17.87952966111517,8.78506291790231,32.865538936786386,0.0009832516447187906,0.000977129260771559,0.0008125777036977,1.2099420711026967e-06,0.0049727749901087,0.000949704134786044,0.0009147961637042996,0.0008125777036977,1.2099420711026967e-06,0.0046094057997108,2.285882864297185,0.5937132175490234,2.094300357542907,1.4579550229886509,3.9313360018140706,2.3024247450751374,0.5745367430532927,2.128128767949862,1.660756270464125,3.9313360018140706,0.9212041754406003,0.09308201477409989,0.9381341036241229,0.6939588719719738,1.194840442068763,0.9223445015533731,0.09054529361294454,0.9381341036241229,0.6939588719719738,1.1590248937569685
S4,raw_scores,1,29.05222672373342,7.755410375497215,28.637783483463664,13.707074963104844,47.463457409293824,0.00071222421152832,0.0007803982120213036,0.0005249161570172,5.285679418518285e-07,0.0039713762260339,0.00067309951729456,0.0006879071321543446,0.0005249161570172,5.285679418518285e-07,0.0033872029987821,1.4523103132873705,0.14540378682098526,1.4492425585111488,1.1643575123428762,1.7309652496424965,1.4565928556895726,0.13939372999138805,1.4492425585111488,1.2447103165843663,1.7309652496424965,1.0,0.0,1.0,1.0,1.0,1.0,0.0,1.0,1.0,1.0
S4,raw_scores,2,17.107381269247107,4.497801190542616,16.79009732900699,8.654661240527691,28.302276757933814,0.0010455838542823433,0.001007767274773492,0.00086290248762695,1.2947066621668294e-06,0.0050756876647522,0.0010031044210168402,0.0009194008156572786,0.00086290248762695,1.2947066621668294e-06,0.0045392883684019,2.5090048984372046,0.7050283503727557,2.2099430705428684,1.4881277235882426,4.230523479214129,2.524664538945786,0.6906348121328812,2.2459451436936684,1.6680721716805296,4.230523479214129,1.0,0.0,1.0,1.0,1.0,1.0,0.0,1.0,1.0,1.0
