kind,d,seed,rows,finite_ordered_bounds,saved_success,non_success,fully_resolved_no_solver,solver_success,solver_calls
multi,2,17,9,9,9,0,3,6,6
multi,2,29,9,9,9,0,3,6,6
multi,2,43,9,9,9,0,3,6,6
multi,3,17,12,12,11,1,3,8,9
multi,3,29,12,12,12,0,3,9,9
multi,3,43,12,12,11,1,3,8,9
multi,4,17,15,15,14,1,3,11,12
multi,4,29,15,15,13,2,3,10,12
multi,4,43,15,15,15,0,3,12,12
single,2,17,27,27,27,0,9,18,18
single,2,29,27,27,27,0,9,18,18
single,2,43,27,27,21,6,9,12,18
single,3,17,36,36,34,2,9,25,27
single,3,29,36,36,35,1,9,26,27
single,3,43,36,36,25,11,9,16,27
single,4,17,45,45,41,4,9,32,36
single,4,29,45,45,37,8,9,28,36
single,4,43,45,45,41,4,9,32,36
