kind,d,seed,k,rows,finite_ordered_bounds,saved_success,non_success,fully_resolved_no_solver,solver_success,solver_calls
multi,2,17,0,3,3,3,0,0,3,3
multi,2,17,1,3,3,3,0,0,3,3
multi,2,17,2,3,3,3,0,3,0,0
multi,2,29,0,3,3,3,0,0,3,3
multi,2,29,1,3,3,3,0,0,3,3
multi,2,29,2,3,3,3,0,3,0,0
multi,2,43,0,3,3,3,0,0,3,3
multi,2,43,1,3,3,3,0,0,3,3
multi,2,43,2,3,3,3,0,3,0,0
multi,3,17,0,3,3,2,1,0,2,3
multi,3,17,1,3,3,3,0,0,3,3
multi,3,17,2,3,3,3,0,0,3,3
multi,3,17,3,3,3,3,0,3,0,0
multi,3,29,0,3,3,3,0,0,3,3
multi,3,29,1,3,3,3,0,0,3,3
multi,3,29,2,3,3,3,0,0,3,3
multi,3,29,3,3,3,3,0,3,0,0
multi,3,43,0,3,3,2,1,0,2,3
multi,3,43,1,3,3,3,0,0,3,3
multi,3,43,2,3,3,3,0,0,3,3
multi,3,43,3,3,3,3,0,3,0,0
multi,4,17,0,3,3,2,1,0,2,3
multi,4,17,1,3,3,3,0,0,3,3
multi,4,17,2,3,3,3,0,0,3,3
multi,4,17,3,3,3,3,0,0,3,3
multi,4,17,4,3,3,3,0,3,0,0
multi,4,29,0,3,3,1,2,0,1,3
multi,4,29,1,3,3,3,0,0,3,3
multi,4,29,2,3,3,3,0,0,3,3
multi,4,29,3,3,3,3,0,0,3,3
multi,4,29,4,3,3,3,0,3,0,0
multi,4,43,0,3,3,3,0,0,3,3
multi,4,43,1,3,3,3,0,0,3,3
multi,4,43,2,3,3,3,0,0,3,3
multi,4,43,3,3,3,3,0,0,3,3
multi,4,43,4,3,3,3,0,3,0,0
single,2,17,0,9,9,9,0,0,9,9
single,2,17,1,9,9,9,0,0,9,9
single,2,17,2,9,9,9,0,9,0,0
single,2,29,0,9,9,9,0,0,9,9
single,2,29,1,9,9,9,0,0,9,9
single,2,29,2,9,9,9,0,9,0,0
single,2,43,0,9,9,3,6,0,3,9
single,2,43,1,9,9,9,0,0,9,9
single,2,43,2,9,9,9,0,9,0,0
single,3,17,0,9,9,9,0,0,9,9
single,3,17,1,9,9,7,2,0,7,9
single,3,17,2,9,9,9,0,0,9,9
single,3,17,3,9,9,9,0,9,0,0
single,3,29,0,9,9,9,0,0,9,9
single,3,29,1,9,9,8,1,0,8,9
single,3,29,2,9,9,9,0,0,9,9
single,3,29,3,9,9,9,0,9,0,0
single,3,43,0,9,9,1,8,0,1,9
single,3,43,1,9,9,6,3,0,6,9
single,3,43,2,9,9,9,0,0,9,9
single,3,43,3,9,9,9,0,9,0,0
single,4,17,0,9,9,6,3,0,6,9
single,4,17,1,9,9,9,0,0,9,9
single,4,17,2,9,9,8,1,0,8,9
single,4,17,3,9,9,9,0,0,9,9
single,4,17,4,9,9,9,0,9,0,0
single,4,29,0,9,9,2,7,0,2,9
single,4,29,1,9,9,9,0,0,9,9
single,4,29,2,9,9,8,1,0,8,9
single,4,29,3,9,9,9,0,0,9,9
single,4,29,4,9,9,9,0,9,0,0
single,4,43,0,9,9,9,0,0,9,9
single,4,43,1,9,9,9,0,0,9,9
single,4,43,2,9,9,5,4,0,5,9
single,4,43,3,9,9,9,0,0,9,9
single,4,43,4,9,9,9,0,9,0,0
