task,grid_index,delta,evidence,raw_lower,lower_norm_error,lower_observation_squared,analytic_lower,raw_upper,upper_norm_error,upper_observation_squared,analytic_upper,probe_raw_score,probe_norm_error,probe_budget_error,max_endpoint_error,downward_loss,upper_increment,lower_interval_width,upper_interval_width,interval_pass
active_half,0,0.01,binary64 raw complex matrix; separate outward certificate,-0.16758362463994478,0.0,0.00010000000000000042,-0.16758362463994475,0.16758362463994478,0.0,0.00010000000000000042,0.16758362463994475,0.07651522347546406,0.0,8.673617379884035e-19,2.7755575615628914e-17,0.16758362463994478,0.16758362463994478,0.0000000000000000000000000000000831950953065120794168818472911262382355583954306127137971721791234346142519811288176726102985098664508487300751100982833,0.0000000000000000000000000000000831950953065120794168818472911262382355583954306127137971721791234346142519811288176726102985098664508487300751100982833,True
active_half,1,0.0031622776601683794,binary64 raw complex matrix; separate outward certificate,-0.09446836459894475,0.0,1.0000000000000346e-05,-0.09446836459894475,0.09446836459894475,0.0,1.0000000000000346e-05,0.09446836459894475,0.04308858096301393,0.0,8.131516293641283e-20,0.0,0.09446836459894475,0.09446836459894475,0.0000000000000000000000000000000471283267567999296451131619668154282107939564112418002380331231514116560755120270804902777224286873924951874288402900557,0.0000000000000000000000000000000471283267567999296451131619668154282107939564112418002380331231514116560755120270804902777224286873924951874288402900557,True
active_half,2,0.001,binary64 raw complex matrix; separate outward certificate,-0.05316415262887381,0.0,9.999999999998786e-07,-0.05316415262887381,0.05316415262887381,0.0,9.999999999998786e-07,0.05316415262887381,0.024241232277027156,0.0,2.752857078576476e-21,0.0,0.05316415262887381,0.05316415262887381,0.0000000000000000000000000000000265632666475739579633453781430649631314094473753739604365114153273276978471806496722725536829885490585886533304380196033,0.0000000000000000000000000000000265632666475739579633453781430649631314094473753739604365114153273276978471806496722725536829885490585886533304380196033,True
active_half,3,0.00031622776601683794,binary64 raw complex matrix; separate outward certificate,-0.02990363173596003,0.0,1.0000000000001838e-07,-0.02990363173596003,0.02990363173596003,0.0,1.0000000000001838e-07,0.02990363173596003,0.013633752030207336,0.0,1.4690727678941772e-21,0.0,0.02990363173596003,0.02990363173596003,0.0000000000000000000000000000000149484717925552315062220474952396014043251981333019672179909633424788290071921533664790900645044414957070231958207184564,0.0000000000000000000000000000000149484717925552315062220474952396014043251981333019672179909633424788290071921533664790900645044414957070231958207184564,True
active_half,4,0.0001,binary64 raw complex matrix; separate outward certificate,-0.01681733369100521,0.0,9.999999999990938e-09,-0.01681733369100521,0.01681733369100521,0.0,9.999999999990938e-09,0.01681733369100521,0.007667160728120749,0.0,4.9465400630671055e-22,0.0,0.01681733369100521,0.01681733369100521,0.00000000000000000000000000000000840807222092157964363922002427810191775985442667367582880262066731577896016956108352337739431164429954170397421579939056,0.00000000000000000000000000000000840807222092157964363922002427810191775985442667367582880262066731577896016956108352337739431164429954170397421579939056,True
active_half,5,3.1622776601683795e-05,binary64 raw complex matrix; separate outward certificate,-0.00945731035231432,0.0,1.0000000000006802e-09,-0.00945731035231432,0.00945731035231432,0.0,1.0000000000006802e-09,0.00945731035231432,0.004311621511171734,2.220446049250313e-16,2.9544823528862766e-21,0.0,0.00945731035231432,0.00945731035231432,0.00000000000000000000000000000000472854943784861858741108331665041765919898394664676389033996748158597170957238601760601143079097494862424148239148693206,0.00000000000000000000000000000000472854943784861858741108331665041765919898394664676389033996748158597170957238601760601143079097494862424148239148693206,True
active_half,6,1e-05,binary64 raw complex matrix; separate outward certificate,-0.005318277093896284,0.0,9.999999999959534e-11,-0.005318277093896284,0.005318277093896284,0.0,9.999999999959534e-11,0.005318277093896284,0.002424613656334483,0.0,1.0235196857607315e-21,0.0,0.005318277093896284,0.005318277093896284,0.00000000000000000000000000000000265911974386619737546529458499079542281919466446166137772523707737388265767434686925699271229169838364879354869618941288,0.00000000000000000000000000000000265911974386619737546529458499079542281919466446166137772523707737388265767434686925699271229169838364879354869618941288,True
active_half,7,3.162277660168379e-06,binary64 raw complex matrix; separate outward certificate,-0.0029906942187390467,0.0,1.0000000000255054e-11,-0.0029906942187390467,0.0029906942187390467,0.0,1.0000000000255054e-11,0.0029906942187390467,0.0013634623596467058,1.1102230246251565e-16,1.3604374578369688e-22,0.0,0.0029906942187390467,0.0029906942187390467,0.00000000000000000000000000000000149534376566426024649104242728110665198749759278995673593373080259941197962258734560270570171446440330927203096610135933,0.00000000000000000000000000000000149534376566426024649104242728110665198749759278995673593373080259941197962258734560270570171446440330927203096610135933,True
active_half,8,1e-06,binary64 raw complex matrix; separate outward certificate,-0.0016817922359037665,0.0,1.000000000074458e-12,-0.0016817922359037665,0.0016817922359037665,0.0,1.000000000074458e-12,0.0016817922359037665,0.0007667315685869251,1.1102230246251565e-16,8.927673917373164e-23,0.0,0.0016817922359037665,0.0016817922359037665,0.000000000000000000000000000000000840895523348115510730489050203371147289490573117172602308346654549655696837024687739280041658881888466361153304582636745,0.000000000000000000000000000000000840895523348115510730489050203371147289490573117172602308346654549655696837024687739280041658881888466361153304582636745,True
tangent_linear,0,0.01,binary64 raw complex matrix; separate outward certificate,-0.01414178206592083,2.220446049250313e-16,0.0001,-0.01414178206592083,0.01414178206592083,2.220446049250313e-16,0.0001,0.01414178206592083,0.0,0.0,8.673617379884035e-19,0.0,0.01414178206592083,0.01414178206592083,0.0000000000000000000000000000000141410749414613103255333952447622687667353542785758166240914525489847760251577910727308507817023263609794149056877954457,0.0000000000000000000000000000000141410749414613103255333952447622687667353542785758166240914525489847760251577910727308507817023263609794149056877954457,True
tangent_linear,1,0.0031622776601683794,binary64 raw complex matrix; separate outward certificate,-0.0044721247746457166,0.0,1e-05,-0.0044721247746457166,0.0044721247746457166,0.0,1e-05,0.0044721247746457166,0.0,0.0,8.131516293641283e-20,0.0,0.0044721247746457166,0.0044721247746457166,0.00000000000000000000000000000000447210241391003952710511508154124771319025376989601256877003912028174660712897758574916321161244498691110392643371698054,0.00000000000000000000000000000000447210241391003952710511508154124771319025376989601256877003912028174660712897758574916321161244498691110392643371698054,True
tangent_linear,2,0.001,binary64 raw complex matrix; separate outward certificate,-0.0014142132088196602,0.0,1e-06,-0.0014142132088196602,0.0014142132088196602,0.0,1e-06,0.0014142132088196602,0.0,0.0,2.752857078576476e-21,0.0,0.0014142132088196602,0.0014142132088196602,0.00000000000000000000000000000000141421250171270229803394149157545926011558502006000032567040515207228653190818023473907176075205808088851381514907131547,0.00000000000000000000000000000000141421250171270229803394149157545926011558502006000032567040515207228653190818023473907176075205808088851381514907131547,True
tangent_linear,3,0.00031622776601683794,binary64 raw complex matrix; separate outward certificate,-0.00044721358431961793,0.0,1.0000000000000001e-07,-0.00044721358431961793,0.00044721358431961793,0.0,1.0000000000000001e-07,0.00044721358431961793,0.0,0.0,1.4690727678941772e-21,0.0,0.00044721358431961793,0.00044721358431961793,0.000000000000000000000000000000000447213561958937578013721861929883537233485035795543969033468702834968484702750072766654847774368654914618013959955627286,0.000000000000000000000000000000000447213561958937578013721861929883537233485035795543969033468702834968484702750072766654847774368654914618013959955627286,True
tangent_linear,4,0.0001,binary64 raw complex matrix; separate outward certificate,-0.0001414213558837561,0.0,1e-08,-0.0001414213558837561,0.0001414213558837561,0.0,1e-08,0.0001414213558837561,0.0,0.0,4.9465400630671055e-22,0.0,0.0001414213558837561,0.0001414213558837561,0.000000000000000000000000000000000141421355176649330890638886877761800646223506035010880703099470000161793801203069194556746778178669213988075374823256741,0.000000000000000000000000000000000141421355176649330890638886877761800646223506035010880703099470000161793801203069194556746778178669213988075374823256741,True
tangent_linear,5,3.1622776601683795e-05,binary64 raw complex matrix; separate outward certificate,-4.472135953881546e-05,0.0,1e-09,-4.4721359538815455e-05,4.472135953881546e-05,0.0,1e-09,4.4721359538815455e-05,0.0,2.220446049250313e-16,2.9544823528862766e-21,6.776263578034403e-21,4.472135953881546e-05,4.472135953881546e-05,0.0000000000000000000000000000000000447213595164547742586989154963553775252250549242198725806666863865903288442630806002963253672211127392422887584535215845,0.0000000000000000000000000000000000447213595164547742586989154963553775252250549242198725806666863865903288442630806002963253672211127392422887584535215845,True
tangent_linear,6,1e-05,binary64 raw complex matrix; separate outward certificate,-1.41421356233774e-05,0.0,1.0000000000000002e-10,-1.4142135623377398e-05,1.41421356233774e-05,0.0,1.0000000000000002e-10,1.4142135623377398e-05,0.0,0.0,1.0235196857607315e-21,1.6940658945086007e-21,1.41421356233774e-05,1.41421356233774e-05,0.0000000000000000000000000000000000141421356226702903162149688685828612343610256083149894434661702591119084588971133940886097102516840352203057522854358995,0.0000000000000000000000000000000000141421356226702903162149688685828612343610256083149894434661702591119084588971133940886097102516840352203057522854358995,True
tangent_linear,7,3.162277660168379e-06,binary64 raw complex matrix; separate outward certificate,-4.472135954988398e-06,0.0,1e-11,-4.472135954988399e-06,4.472135954988398e-06,0.0,1e-11,4.472135954988399e-06,0.0,1.1102230246251565e-16,1.3604374578369688e-22,8.470329472543003e-22,4.472135954988398e-06,4.472135954988398e-06,0.00000000000000000000000000000000000447213595496603837315578061489211775285235329001181185218267298553718473339783150205013499172370830821665747826583272597,0.00000000000000000000000000000000000447213595496603837315578061489211775285235329001181185218267298553718473339783150205013499172370830821665747826583272597,True
tangent_linear,8,1e-06,binary64 raw complex matrix; separate outward certificate,-1.4142135623727413e-06,1.1102230246251565e-16,1e-12,-1.4142135623727415e-06,1.4142135623727413e-06,1.1102230246251565e-16,1e-12,1.4142135623727415e-06,0.0,1.1102230246251565e-16,8.927673917373164e-23,2.117582368135751e-22,1.4142135623727413e-06,1.4142135623727413e-06,0.00000000000000000000000000000000000141421356237203438862990868195222769115307448302201973225823811258323431513994371869146494636426699311245014039760274817,0.00000000000000000000000000000000000141421356237203438862990868195222769115307448302201973225823811258323431513994371869146494636426699311245014039760274817,True
mixed_three_half,0,0.01,binary64 raw complex matrix; separate outward certificate,-0.000737787946466881,2.220446049250313e-16,0.00010000000000000098,-0.000737787946466881,0.000737787946466881,2.220446049250313e-16,0.00010000000000000098,0.000737787946466881,0.0005902303571735048,0.0,8.673617379884035e-19,0.0,0.000737787946466881,0.000737787946466881,0.00000000000000000000000000000000110668191970032159240879027344005497807399310213180727794846007565115342826440337451933534800869652093228899831438685834,0.00000000000000000000000000000000110668191970032159240879027344005497807399310213180727794846007565115342826440337451933534800869652093228899831438685834,True
mixed_three_half,1,0.0031622776601683794,binary64 raw complex matrix; separate outward certificate,-0.00013119931141769534,0.0,1.0000000000000082e-05,-0.00013119931141769537,0.00013119931141769534,0.0,1.0000000000000082e-05,0.00013119931141769537,0.00010495944913415628,0.0,8.131516293641283e-20,2.710505431213761e-20,0.00013119931141769534,0.00013119931141769534,0.000000000000000000000000000000000196798967126543041853922720428103146035528173232616479600508962867453791119857893637877144572962631180152487444162532431,0.000000000000000000000000000000000196798967126543041853922720428103146035528173232616479600508962867453791119857893637877144572962631180152487444162532431,True
mixed_three_half,2,0.001,binary64 raw complex matrix; separate outward certificate,-2.333090341053722e-05,0.0,1.0000000000000027e-06,-2.3330903410537224e-05,2.333090341053722e-05,0.0,1.0000000000000027e-06,2.3330903410537224e-05,1.866472272842978e-05,0.0,2.752857078576476e-21,3.3881317890172014e-21,2.333090341053722e-05,2.333090341053722e-05,0.0000000000000000000000000000000000349963551158058322886433636486848342206392737468011573358413603561727487927876885746977822460642430643713057775958423931,0.0000000000000000000000000000000000349963551158058322886433636486848342206392737468011573358413603561727487927876885746977822460642430643713057775958423931,True
mixed_three_half,3,0.00031622776601683794,binary64 raw complex matrix; separate outward certificate,-4.148886515256523e-06,0.0,1.0000000000000148e-07,-4.148886515256523e-06,4.148886515256523e-06,0.0,1.0000000000000148e-07,4.148886515256523e-06,3.3191092122052175e-06,0.0,1.4690727678941772e-21,0.0,4.148886515256523e-06,4.148886515256523e-06,0.00000000000000000000000000000000000622332977288478332905944329720015358313778184995305246137502418870180964394183372033663813543826562011551075577952176168,0.00000000000000000000000000000000000622332977288478332905944329720015358313778184995305246137502418870180964394183372033663813543826562011551075577952176168,True
mixed_three_half,4,0.0001,binary64 raw complex matrix; separate outward certificate,-7.377879464668811e-07,0.0,9.999999999999506e-09,-7.377879464668811e-07,7.377879464668811e-07,0.0,9.999999999999506e-09,7.377879464668811e-07,5.902303571735049e-07,0.0,4.9465400630671055e-22,0.0,7.377879464668811e-07,7.377879464668811e-07,0.00000000000000000000000000000000000110668191970032159240879027344005497807399310213180727794846007565115341196833947484014091276893893811058857430501183678,0.00000000000000000000000000000000000110668191970032159240879027344005497807399310213180727794846007565115341196833947484014091276893893811058857430501183678,True
mixed_three_half,5,3.1622776601683795e-05,binary64 raw complex matrix; separate outward certificate,-1.3119931141769537e-07,0.0,9.999999999999122e-10,-1.3119931141769537e-07,1.3119931141769537e-07,0.0,9.999999999999122e-10,1.3119931141769537e-07,1.049594491341563e-07,2.220446049250313e-16,2.9544823528862766e-21,0.0,1.3119931141769537e-07,1.3119931141769537e-07,0.000000000000000000000000000000000000196798967126543041853922720428103146035528173232616479600508962867453792400652213512328881121906789027342988996738830112,0.000000000000000000000000000000000000196798967126543041853922720428103146035528173232616479600508962867453792400652213512328881121906789027342988996738830112,True
mixed_three_half,6,1e-05,binary64 raw complex matrix; separate outward certificate,-2.3330903410537223e-08,1.1102230246251565e-16,9.999999999988302e-11,-2.3330903410537223e-08,2.3330903410537223e-08,1.1102230246251565e-16,9.999999999988302e-11,2.3330903410537223e-08,1.866472272842978e-08,0.0,1.0235196857607315e-21,0.0,2.3330903410537223e-08,2.3330903410537223e-08,0.0000000000000000000000000000000000000349963551158058322886433636486848342206392737468011573358413603561727491538626830073889632944367982021430961089072454626,0.0000000000000000000000000000000000000349963551158058322886433636486848342206392737468011573358413603561727491538626830073889632944367982021430961089072454626,True
mixed_three_half,7,3.162277660168379e-06,binary64 raw complex matrix; separate outward certificate,-4.1488865152565215e-09,0.0,1.000000000013604e-11,-4.1488865152565215e-09,4.1488865152565215e-09,0.0,1.000000000013604e-11,4.1488865152565215e-09,3.3191092122052177e-09,1.1102230246251565e-16,1.3604374578369688e-22,0.0,4.1488865152565215e-09,4.1488865152565215e-09,0.00000000000000000000000000000000000000622332977288478332905944329720015358313778184995305246137502418870180967715392047240021375073668460684451977210297628931,0.00000000000000000000000000000000000000622332977288478332905944329720015358313778184995305246137502418870180967715392047240021375073668460684451977210297628931,True
mixed_three_half,8,1e-06,binary64 raw complex matrix; separate outward certificate,-7.377879464668811e-10,0.0,9.999999999986273e-13,-7.37787946466881e-10,7.377879464668811e-10,0.0,9.999999999986273e-13,7.37787946466881e-10,5.902303571735048e-10,1.1102230246251565e-16,8.927673917373164e-23,1.0339757656912846e-25,7.377879464668811e-10,7.377879464668811e-10,0.00000000000000000000000000000000000000110668191970032159240879027344005497807399310213180727794846007565115342644540293086785336046312157335143865834344073344,0.00000000000000000000000000000000000000110668191970032159240879027344005497807399310213180727794846007565115342644540293086785336046312157335143865834344073344,True
tangent_quadratic,0,0.01,binary64 raw complex matrix; separate outward certificate,0.0,0.0,7.099748146989106e-34,0.0,4.9999999999999996e-05,2.220446049250313e-16,0.0001,5e-05,3.3333333333333335e-05,0.0,8.673617379884035e-19,6.776263578034403e-21,0.0,4.9999999999999996e-05,0.0,0.0000000000000000000000000000000000999999999999999999999999999999500000000000000000000000000000000000000042034513847253696979770409594957841386969989398025,True
tangent_quadratic,1,0.0031622776601683794,binary64 raw complex matrix; separate outward certificate,0.0,0.0,7.099748146989106e-34,0.0,5e-06,0.0,1e-05,5e-06,3.3333333333333333e-06,0.0,8.131516293641283e-20,0.0,0.0,5e-06,0.0,0.00000000000000000000000000000000000999999999999999999999999999999500000000000000000000000000000000000000057295041913842909159928042113988196299085792093794,True
tangent_quadratic,2,0.001,binary64 raw complex matrix; separate outward certificate,0.0,0.0,7.099748146989106e-34,0.0,5e-07,0.0,1e-06,5e-07,3.3333333333333335e-07,0.0,2.752857078576476e-21,0.0,0.0,5e-07,0.0,0.000000000000000000000000000000000000999999999999999999999999999999500000000000000000000000000000000000000047757211872224651547329521789594224479013415408938,True
tangent_quadratic,3,0.00031622776601683794,binary64 raw complex matrix; separate outward certificate,0.0,0.0,7.099748146989106e-34,0.0,5.0000000000000004e-08,0.0,1.0000000000000001e-07,5.0000000000000004e-08,3.3333333333333334e-08,0.0,1.4690727678941772e-21,0.0,0.0,5.0000000000000004e-08,0.0,0.0000000000000000000000000000000000000999999999999999999999999999999500000000000000000000000000000000000000062234275328252363995023704424835074563051844305595,True
tangent_quadratic,4,0.0001,binary64 raw complex matrix; separate outward certificate,0.0,0.0,7.099748146989106e-34,0.0,5e-09,0.0,1e-08,5e-09,3.3333333333333334e-09,0.0,4.9465400630671055e-22,0.0,0.0,5e-09,0.0,0.00000000000000000000000000000000000000999999999999999999999999999999500000000000000000000000000000000000000028170596608187158235743274694856603777079070431109,True
tangent_quadratic,5,3.1622776601683795e-05,binary64 raw complex matrix; separate outward certificate,0.0,0.0,7.099748146989106e-34,0.0,5.000000000000001e-10,0.0,1e-09,5e-10,3.333333333333334e-10,2.220446049250313e-16,2.9544823528862766e-21,1.0339757656912846e-25,0.0,5.000000000000001e-10,0.0,9.99999999999999999999999999999500000000000000000000000000000000000000068088970108263571234900028284675124229390914815272e-40,True
tangent_quadratic,6,1e-05,binary64 raw complex matrix; separate outward certificate,0.0,0.0,7.099748146989106e-34,0.0,5.000000000000001e-11,0.0,1.0000000000000002e-10,5.000000000000001e-11,3.3333333333333335e-11,0.0,1.0235196857607315e-21,0.0,0.0,5.000000000000001e-11,0.0,9.9999999999999999999999999999950000000000000000000000000000000000000004480325223321899698539192202394765396554233892451e-41,True
tangent_quadratic,7,3.162277660168379e-06,binary64 raw complex matrix; separate outward certificate,0.0,0.0,7.099748146989106e-34,0.0,5e-12,0.0,1e-11,5e-12,3.333333333333333e-12,1.1102230246251565e-16,1.3604374578369688e-22,0.0,0.0,5e-12,0.0,9.99999999999999999999999999999500000000000000000000000000000000000000055198661998863896203922326604629560333331881732886e-42,True
tangent_quadratic,8,1e-06,binary64 raw complex matrix; separate outward certificate,0.0,0.0,7.099748146989106e-34,0.0,4.999999999999999e-13,1.1102230246251565e-16,1e-12,5e-13,3.3333333333333334e-13,1.1102230246251565e-16,8.927673917373164e-23,1.0097419586828951e-28,0.0,4.999999999999999e-13,0.0,9.99999999999999999999999999999500000000000000000000000000000000000000050000957116041446594657124314288607149437110328698e-43,True
constant,0,0.01,binary64 raw complex matrix; separate outward certificate,1.0,0.0,7.099748146989106e-34,1.0,1.0,0.0,7.099748146989106e-34,1.0,1.0,0.0,8.673617379884035e-19,0.0,0.0,0.0,1.42873423910284372776972943538167619931488749352849832651890730403454079488342274459431002732521503706147881794171753529e-101,2.14310135865426559165459415307251429897233124029274748977836095605181119232513411689146504098782255559221822691257630294e-101,True
constant,1,0.0031622776601683794,binary64 raw complex matrix; separate outward certificate,1.0,0.0,7.099748146989106e-34,1.0,1.0,0.0,7.099748146989106e-34,1.0,1.0,0.0,8.131516293641283e-20,0.0,0.0,0.0,1.42873423910284372776972943538167619931488749352849832651890730403454079488342274459431002732521503706147881794171753529e-101,2.14310135865426559165459415307251429897233124029274748977836095605181119232513411689146504098782255559221822691257630294e-101,True
constant,2,0.001,binary64 raw complex matrix; separate outward certificate,1.0,0.0,7.099748146989106e-34,1.0,1.0,0.0,7.099748146989106e-34,1.0,1.0,0.0,2.752857078576476e-21,0.0,0.0,0.0,1.42873423910284372776972943538167619931488749352849832651890730403454079488342274459431002732521503706147881794171753529e-101,2.14310135865426559165459415307251429897233124029274748977836095605181119232513411689146504098782255559221822691257630294e-101,True
constant,3,0.00031622776601683794,binary64 raw complex matrix; separate outward certificate,1.0,0.0,7.099748146989106e-34,1.0,1.0,0.0,7.099748146989106e-34,1.0,1.0,0.0,1.4690727678941772e-21,0.0,0.0,0.0,1.42873423910284372776972943538167619931488749352849832651890730403454079488342274459431002732521503706147881794171753529e-101,2.14310135865426559165459415307251429897233124029274748977836095605181119232513411689146504098782255559221822691257630294e-101,True
constant,4,0.0001,binary64 raw complex matrix; separate outward certificate,1.0,0.0,7.099748146989106e-34,1.0,1.0,0.0,7.099748146989106e-34,1.0,1.0,0.0,4.9465400630671055e-22,0.0,0.0,0.0,1.42873423910284372776972943538167619931488749352849832651890730403454079488342274459431002732521503706147881794171753529e-101,2.14310135865426559165459415307251429897233124029274748977836095605181119232513411689146504098782255559221822691257630294e-101,True
constant,5,3.1622776601683795e-05,binary64 raw complex matrix; separate outward certificate,1.0,0.0,7.099748146989106e-34,1.0,1.0,0.0,7.099748146989106e-34,1.0,1.0000000000000002,2.220446049250313e-16,2.9544823528862766e-21,0.0,0.0,0.0,1.42873423910284372776972943538167619931488749352849832651890730403454079488342274459431002732521503706147881794171753529e-101,2.14310135865426559165459415307251429897233124029274748977836095605181119232513411689146504098782255559221822691257630294e-101,True
constant,6,1e-05,binary64 raw complex matrix; separate outward certificate,1.0,0.0,7.099748146989106e-34,1.0,1.0,0.0,7.099748146989106e-34,1.0,1.0000000000000002,0.0,1.0235196857607315e-21,0.0,0.0,0.0,1.42873423910284372776972943538167619931488749352849832651890730403454079488342274459431002732521503706147881794171753529e-101,2.14310135865426559165459415307251429897233124029274748977836095605181119232513411689146504098782255559221822691257630294e-101,True
constant,7,3.162277660168379e-06,binary64 raw complex matrix; separate outward certificate,1.0,0.0,7.099748146989106e-34,1.0,1.0,0.0,7.099748146989106e-34,1.0,1.0,1.1102230246251565e-16,1.3604374578369688e-22,0.0,0.0,0.0,1.42873423910284372776972943538167619931488749352849832651890730403454079488342274459431002732521503706147881794171753529e-101,2.14310135865426559165459415307251429897233124029274748977836095605181119232513411689146504098782255559221822691257630294e-101,True
constant,8,1e-06,binary64 raw complex matrix; separate outward certificate,1.0,0.0,7.099748146989106e-34,1.0,1.0,0.0,7.099748146989106e-34,1.0,0.9999999999999999,1.1102230246251565e-16,8.927673917373164e-23,0.0,0.0,0.0,1.42873423910284372776972943538167619931488749352849832651890730403454079488342274459431002732521503706147881794171753529e-101,2.14310135865426559165459415307251429897233124029274748977836095605181119232513411689146504098782255559221822691257630294e-101,True
negative_quadratic,0,0.01,binary64 raw complex matrix; separate outward certificate,-4.9999999999999996e-05,2.220446049250313e-16,0.0001,-5e-05,0.0,0.0,7.099748146989106e-34,0.0,-3.3333333333333335e-05,0.0,8.673617379884035e-19,6.776263578034403e-21,4.9999999999999996e-05,0.0,0.0000000000000000000000000000000000999999999999999999999999999999500000000000000000000000000000000000000042034513847253696979770409594957841386969989398025,0.0,True
negative_quadratic,1,0.0031622776601683794,binary64 raw complex matrix; separate outward certificate,-5e-06,0.0,1e-05,-5e-06,0.0,0.0,7.099748146989106e-34,0.0,-3.3333333333333333e-06,0.0,8.131516293641283e-20,0.0,5e-06,0.0,0.00000000000000000000000000000000000999999999999999999999999999999500000000000000000000000000000000000000057295041913842909159928042113988196299085792093794,0.0,True
negative_quadratic,2,0.001,binary64 raw complex matrix; separate outward certificate,-5e-07,0.0,1e-06,-5e-07,0.0,0.0,7.099748146989106e-34,0.0,-3.3333333333333335e-07,0.0,2.752857078576476e-21,0.0,5e-07,0.0,0.000000000000000000000000000000000000999999999999999999999999999999500000000000000000000000000000000000000047757211872224651547329521789594224479013415408938,0.0,True
negative_quadratic,3,0.00031622776601683794,binary64 raw complex matrix; separate outward certificate,-5.0000000000000004e-08,0.0,1.0000000000000001e-07,-5.0000000000000004e-08,0.0,0.0,7.099748146989106e-34,0.0,-3.3333333333333334e-08,0.0,1.4690727678941772e-21,0.0,5.0000000000000004e-08,0.0,0.0000000000000000000000000000000000000999999999999999999999999999999500000000000000000000000000000000000000062234275328252363995023704424835074563051844305595,0.0,True
negative_quadratic,4,0.0001,binary64 raw complex matrix; separate outward certificate,-5e-09,0.0,1e-08,-5e-09,0.0,0.0,7.099748146989106e-34,0.0,-3.3333333333333334e-09,0.0,4.9465400630671055e-22,0.0,5e-09,0.0,0.00000000000000000000000000000000000000999999999999999999999999999999500000000000000000000000000000000000000028170596608187158235743274694856603777079070431109,0.0,True
negative_quadratic,5,3.1622776601683795e-05,binary64 raw complex matrix; separate outward certificate,-5.000000000000001e-10,0.0,1e-09,-5e-10,0.0,0.0,7.099748146989106e-34,0.0,-3.333333333333334e-10,2.220446049250313e-16,2.9544823528862766e-21,1.0339757656912846e-25,5.000000000000001e-10,0.0,9.99999999999999999999999999999500000000000000000000000000000000000000068088970108263571234900028284675124229390914815272e-40,0.0,True
negative_quadratic,6,1e-05,binary64 raw complex matrix; separate outward certificate,-5.000000000000001e-11,0.0,1.0000000000000002e-10,-5.000000000000001e-11,0.0,0.0,7.099748146989106e-34,0.0,-3.3333333333333335e-11,0.0,1.0235196857607315e-21,0.0,5.000000000000001e-11,0.0,9.9999999999999999999999999999950000000000000000000000000000000000000004480325223321899698539192202394765396554233892451e-41,0.0,True
negative_quadratic,7,3.162277660168379e-06,binary64 raw complex matrix; separate outward certificate,-5e-12,0.0,1e-11,-5e-12,0.0,0.0,7.099748146989106e-34,0.0,-3.333333333333333e-12,1.1102230246251565e-16,1.3604374578369688e-22,0.0,5e-12,0.0,9.99999999999999999999999999999500000000000000000000000000000000000000055198661998863896203922326604629560333331881732886e-42,0.0,True
negative_quadratic,8,1e-06,binary64 raw complex matrix; separate outward certificate,-4.999999999999999e-13,1.1102230246251565e-16,1e-12,-5e-13,0.0,0.0,7.099748146989106e-34,0.0,-3.3333333333333334e-13,1.1102230246251565e-16,8.927673917373164e-23,1.0097419586828951e-28,4.999999999999999e-13,0.0,9.99999999999999999999999999999500000000000000000000000000000000000000050000957116041446594657124314288607149437110328698e-43,0.0,True
linear_up_quadratic_down,0,0.01,binary64 raw complex matrix; separate outward certificate,-4.9999999999999996e-05,2.220446049250313e-16,0.0001,-5e-05,0.007071067811865475,0.0,0.00010000000000000042,0.007071067811865475,0.004049149571305297,0.0,8.673617379884035e-19,6.776263578034403e-21,4.9999999999999996e-05,0.007071067811865475,0.0000000000000000000000000000000000999999999999999999999999999999500000000000000000000000000000000000000042034513847253696979770409594957841386969989398025,0.00000000000000000000000000000000707106781186547524400844362104849039284835937688474036588339868995366300599837055344187962355455867370672122264579743903,True
linear_up_quadratic_down,1,0.0031622776601683794,binary64 raw complex matrix; separate outward certificate,-5e-06,0.0,1e-05,-5e-06,0.0022360679774997894,0.0,1.0000000000000346e-05,0.00223606797749979,0.0012876611154024724,0.0,8.131516293641283e-20,4.336808689942018e-19,5e-06,0.0022360679774997894,0.00000000000000000000000000000000000999999999999999999999999999999500000000000000000000000000000000000000057295041913842909159928042113988196299085792093794,0.00000000000000000000000000000000223606797749978969640917366873127623544061835961152572427089724541052115303548935011070387471633043060946291708376890814,True
linear_up_quadratic_down,2,0.001,binary64 raw complex matrix; separate outward certificate,-5e-07,0.0,1e-06,-5e-07,0.0007071067811865475,0.0,9.999999999998786e-07,0.0007071067811865475,0.00040791495713052967,0.0,2.752857078576476e-21,0.0,5e-07,0.0007071067811865475,0.000000000000000000000000000000000000999999999999999999999999999999500000000000000000000000000000000000000047757211872224651547329521789594224479013415408938,0.000000000000000000000000000000000707106781186547524400844362104849039284835937688474036588339868995366289437850812353221339154444653451326815117021200711,True
linear_up_quadratic_down,3,0.00031622776601683794,binary64 raw complex matrix; separate outward certificate,-5.0000000000000004e-08,0.0,1.0000000000000001e-07,-5.0000000000000004e-08,0.00022360679774997898,0.0,1.0000000000001838e-07,0.00022360679774997898,0.00012906611154024723,0.0,1.4690727678941772e-21,0.0,5.0000000000000004e-08,0.00022360679774997898,0.0000000000000000000000000000000000000999999999999999999999999999999500000000000000000000000000000000000000062234275328252363995023704424835074563051844305595,0.000000000000000000000000000000000223606797749978969640917366873127623544061835961152572427089724541052114605924794824134973521569842190987210011654481865,True
linear_up_quadratic_down,4,0.0001,binary64 raw complex matrix; separate outward certificate,-5e-09,0.0,1e-08,-5e-09,7.071067811865475e-05,0.0,9.999999999990938e-09,7.071067811865475e-05,4.082149571305297e-05,0.0,4.9465400630671055e-22,0.0,5e-09,7.071067811865475e-05,0.00000000000000000000000000000000000000999999999999999999999999999999500000000000000000000000000000000000000028170596608187158235743274694856603777079070431109,0.0000000000000000000000000000000000707106781186547524400844362104849039284835937688474036588339868995366294670031863755236943779918659976019927842439267832,True
linear_up_quadratic_down,5,3.1622776601683795e-05,binary64 raw complex matrix; separate outward certificate,-5.000000000000001e-10,0.0,1e-09,-5e-10,2.2360679774997898e-05,0.0,1.0000000000006802e-09,2.2360679774997898e-05,1.2909611154024723e-05,2.220446049250313e-16,2.9544823528862766e-21,1.0339757656912846e-25,5.000000000000001e-10,2.2360679774997898e-05,9.99999999999999999999999999999500000000000000000000000000000000000000068088970108263571234900028284675124229390914815272e-40,0.0000000000000000000000000000000000223606797749978969640917366873127623544061835961152572427089724541052115477954970057804240959148843278436062132557493051,True
linear_up_quadratic_down,6,1e-05,binary64 raw complex matrix; separate outward certificate,-5.000000000000001e-11,0.0,1.0000000000000002e-10,-5.000000000000001e-11,7.0710678118654756e-06,0.0,9.999999999959534e-11,7.0710678118654756e-06,4.082449571305297e-06,0.0,1.0235196857607315e-21,0.0,5.000000000000001e-11,7.0710678118654756e-06,9.9999999999999999999999999999950000000000000000000000000000000000000004480325223321899698539192202394765396554233892451e-41,0.00000000000000000000000000000000000707106781186547524400844362104849039284835937688474036588339868995366294670031863755236943779918659976019927842439267832,True
linear_up_quadratic_down,7,3.162277660168379e-06,binary64 raw complex matrix; separate outward certificate,-5e-12,0.0,1e-11,-5e-12,2.2360679774997895e-06,0.0,1.0000000000255054e-11,2.2360679774997895e-06,1.2909911154024722e-06,1.1102230246251565e-16,1.3604374578369688e-22,0.0,5e-12,2.2360679774997895e-06,9.99999999999999999999999999999500000000000000000000000000000000000000055198661998863896203922326604629560333331881732886e-42,0.00000000000000000000000000000000000223606797749978969640917366873127623544061835961152572427089724541052110572785234368414611622766962161536268952478055125,True
linear_up_quadratic_down,8,1e-06,binary64 raw complex matrix; separate outward certificate,-4.999999999999999e-13,1.1102230246251565e-16,1e-12,-5e-13,7.071067811865475e-07,0.0,1.000000000074458e-12,7.071067811865475e-07,4.082479571305296e-07,1.1102230246251565e-16,8.927673917373164e-23,1.0097419586828951e-28,4.999999999999999e-13,7.071067811865475e-07,9.99999999999999999999999999999500000000000000000000000000000000000000050000957116041446594657124314288607149437110328698e-43,0.00000000000000000000000000000000000070710678118654752440084436210484903928483593768847403658833986899536630012022045896566986526478741677257525359808308775,True
