task,margin_exponent,margin,intercept,head_matrix_sha256,status,interval_pass,root_lower,root_upper,root_midpoint,root_width,closed_root,binary64_margin_at_root_lower,binary64_margin_at_root_upper
active_half,2,0.01,0.01,ebc6427c696e62ff99f0b2519a7c1fd279dc8d472156cfe9cb57ae5a1e866d75,certified_first_failure,True,0.00003535622298700079555783496222047131373202912373908089719834607885426456024130239344901147782306247440997776708069485091532127563063,0.00003535622298700079555783496222047131373202912374442642661853047014654563317560535720664187158327257180590164206501564819729553634797,3.53562229870008e-05,5.34552942018439129228107293430296375763039376021009739592387498432079728197426071734099650711868889629840850830078125e-51,3.53562229870008e-05,0.0,0.0
active_half,3,0.001,0.001,ebc6427c696e62ff99f0b2519a7c1fd279dc8d472156cfe9cb57ae5a1e866d75,certified_first_failure,True,0.0000003535534789816656047203082683533098974874261570730599387965645531746905927044427232573113920025321416603919303869563411490267723636,0.0000003535534789816656047203082683533098974874261624185893589809558454557635270074064808877051522126295375842669147077536231232874897046,3.535534789816656e-07,5.34552942018439129228107293430296375763039376021009739592387498432079728197426071734099650711868889629840850830078125e-51,3.535534789816656e-07,0.0,0.0
active_half,4,0.0001,0.0001,ebc6427c696e62ff99f0b2519a7c1fd279dc8d472156cfe9cb57ae5a1e866d75,certified_first_failure,True,0.00000000353553391477157243103023996590760833227780736129484301693550027404015015718627735303034297424167596796241469242499553746195140036,0.000000003535533914771572431030239965907608332277812706824263201326792555113084460150034983424103184339071891837399013222277511722668741356,3.5355339147715723e-09,5.34552942018439129228107293430296375763039376021009739592387498432079728197426071734099650711868889629840850830078125e-51,3.5355339147715723e-09,1.3552527156068805e-20,1.3552527156068805e-20
active_half,5,1e-05,1e-05,ebc6427c696e62ff99f0b2519a7c1fd279dc8d472156cfe9cb57ae5a1e866d75,certified_first_failure,True,0.00000000003535533906021125969656959668457042877301142320561075596505538356268530915022799888421952320325660722268514258201615833854258852398,0.00000000003535533906021125969656959668457042877301676873503094035634766463561961211398562927797973330065253109766946337929813259925992952049,3.535533906021126e-11,5.34552942018439129228107293430296375763039376021009739592387498432079728197426071734099650711868889629840850830078125e-51,3.535533906021126e-11,0.0,0.0
active_half,6,1e-06,1e-06,ebc6427c696e62ff99f0b2519a7c1fd279dc8d472156cfe9cb57ae5a1e866d75,certified_first_failure,True,0.0000000000003535533905933621505480705436871484493721965124722634209900389876521219470289388857360320682572515901209366542779985453925917227025,0.0000000000003535533905933621505480705436871484493775420418924478122823200605864249107865692794962421656531754651052574515599728061099327192096,3.5355339059336214e-13,5.34552942018439129228107293430296375763039376021009739592387498432079728197426071734099650711868889629840850830078125e-51,3.5355339059336214e-13,-2.117582368135751e-22,-2.117582368135751e-22
tangent_linear,2,0.01,0.01,77db2bdbd87ff57b75522a29f666a6f4beab09625e5f2714cc33861b63bcda31,certified_first_failure,True,0.007071156204080341663701957349734191921265022262165234095058455577629790678283413108899812203407194070069285546049156075172235566551,0.007071156204080341663701957349734191921265022262170579624478639968922071751217716072657442597167404167465209421033476872454209827268,0.0070711562040803415,5.34552942018439129228107293430296375763039376021009739592387498432079728197426071734099650711868889629840850830078125e-51,0.0070711562040803415,0.0,0.0
tangent_linear,3,0.001,0.001,77db2bdbd87ff57b75522a29f666a6f4beab09625e5f2714cc33861b63bcda31,certified_first_failure,True,0.000707106869574933842644168687835346700773678180600512242859016987371553453699244210502491790394656528893381055383694389369691676861,0.0007071068695749338426441686878353467007736781806058577722792013786638345266335471742601221841548666262893049303680151866516659375783,0.0007071068695749339,5.34552942018439129228107293430296375763039376021009739592387498432079728197426071734099650711868889629840850830078125e-51,0.0007071068695749339,0.0,0.0
tangent_linear,4,0.0001,0.0001,77db2bdbd87ff57b75522a29f666a6f4beab09625e5f2714cc33861b63bcda31,certified_first_failure,True,0.0000707106782070431004751019000007457298356296957666702572797936769383300883654541971166172090667350317307237420665682699129784422043,0.00007071067820704310047510190000074572983562969577201578669997806823061116129975716087424760282694512912664761705088906719495270292164,7.07106782070431e-05,5.34552942018439129228107293430296375763039376021009739592387498432079728197426071734099650711868889629840850830078125e-51,7.07106782070431e-05,0.0,0.0
tangent_linear,5,1e-05,1e-05,77db2bdbd87ff57b75522a29f666a6f4beab09625e5f2714cc33861b63bcda31,certified_first_failure,True,0.000007071067811953863591660629051808437746094328869892758127420783366096809311337969257307316934950785108814633872967151707877864197371,0.000007071067811953863591660629051808437746094328875238287547605174658377882245640933014937710695160882504738508857287948989852124914712,7.0710678119538635e-06,5.34552942018439129228107293430296375763039376021009739592387498432079728197426071734099650711868889629840850830078125e-51,7.0710678119538635e-06,0.0,0.0
tangent_linear,6,1e-06,1e-06,77db2bdbd87ff57b75522a29f666a6f4beab09625e5f2714cc33861b63bcda31,certified_first_failure,True,0.0000007071067811866359127484927192153012409922044039855095288087141767236257759173764088916864032883062328569408432094739198198185547994,0.0000007071067811866359127484927192153012409922044093310389489931054690046987102203401665220801634984036287808158275302712017940792721404,7.071067811866359e-07,5.34552942018439129228107293430296375763039376021009739592387498432079728197426071734099650711868889629840850830078125e-51,7.071067811866359e-07,0.0,0.0
mixed_three_half,2,0.01,0.01,f0c59d4c3b1a4530ec6f45cb8886d785d0b72c948c9fc003bef1bef80d73077b,certified_first_failure,True,0.0568476211907571870619760493933537082558790538399134901447549964470410251023832991356511497342523697725086835079374034538821601481,0.05684762119075718706197604939335370825587905383991883567417518083833330617531760209940878012801257986990460738292172425116413440882,0.05684762119075719,5.34552942018439129228107293430296375763039376021009739592387498432079728197426071734099650711868889629840850830078125e-51,0.05684762119075719,-1.734723475976807e-18,-1.734723475976807e-18
mixed_three_half,3,0.001,0.001,f0c59d4c3b1a4530ec6f45cb8886d785d0b72c948c9fc003bef1bef80d73077b,certified_first_failure,True,0.01224744871391589049098642037352945695982973740328143414887138632360779091086016395163802156316592225470178134581983661063149179671,0.01224744871391589049098642037352945695982973740328677967829157071490007198379446691539565195692613235209770522080415740791346605743,0.012247448713915891,5.34552942018439129228107293430296375763039376021009739592387498432079728197426071734099650711868889629840850830078125e-51,0.012247448713915891,0.0,0.0
mixed_three_half,4,0.0001,0.0001,f0c59d4c3b1a4530ec6f45cb8886d785d0b72c948c9fc003bef1bef80d73077b,certified_first_failure,True,0.002638632837364677446307798845628781272329966672272263047391110349524569767673146719770442462638034059587742714489781754595145932263,0.00263863283736467744630779884562878127232996667227760857681129474081685084060744968352807285639824415698366658947410255187712019298,0.0026386328373646773,5.34552942018439129228107293430296375763039376021009739592387498432079728197426071734099650711868889629840850830078125e-51,0.0026386328373646773,1.3552527156068805e-20,1.3552527156068805e-20
mixed_three_half,5,1e-05,1e-05,f0c59d4c3b1a4530ec6f45cb8886d785d0b72c948c9fc003bef1bef80d73077b,certified_first_failure,True,0.0005684762119075718706197604939335370825587905383956068520302282662175047428871930352764754374607850334437770775897223083327185894076,0.0005684762119075718706197604939335370825587905384009523814504126575097858158214959990341058312209951308397009525740431056146928501249,0.0005684762119075718,5.34552942018439129228107293430296375763039376021009739592387498432079728197426071734099650711868889629840850830078125e-51,0.0005684762119075718,1.6940658945086007e-21,1.6940658945086007e-21
mixed_three_half,6,1e-06,1e-06,f0c59d4c3b1a4530ec6f45cb8886d785d0b72c948c9fc003bef1bef80d73077b,certified_first_failure,True,0.000122474487139158904909864203735294569598297374031852146193080672803467315980427106040006744754821405015751515961020622595559551038,0.0001224744871391589049098642037352945695982973740371976756132650640957483889147300697976371385150315024116753909453414198775338117553,0.0001224744871391589,5.34552942018439129228107293430296375763039376021009739592387498432079728197426071734099650711868889629840850830078125e-51,0.0001224744871391589,0.0,0.0
tangent_quadratic,2,0.01,0.01,5261df4870b6c2c76f3e705d27fe3739aac1799d8689b16288771f91369aa9ec,no_failure_global,True,,,,,,,
tangent_quadratic,3,0.001,0.001,5261df4870b6c2c76f3e705d27fe3739aac1799d8689b16288771f91369aa9ec,no_failure_global,True,,,,,,,
tangent_quadratic,4,0.0001,0.0001,5261df4870b6c2c76f3e705d27fe3739aac1799d8689b16288771f91369aa9ec,no_failure_global,True,,,,,,,
tangent_quadratic,5,1e-05,1e-05,5261df4870b6c2c76f3e705d27fe3739aac1799d8689b16288771f91369aa9ec,no_failure_global,True,,,,,,,
tangent_quadratic,6,1e-06,1e-06,5261df4870b6c2c76f3e705d27fe3739aac1799d8689b16288771f91369aa9ec,no_failure_global,True,,,,,,,
constant,2,0.01,-0.99,54fce513c0749c2eede2d8bdb6bb9a51a66b94493221c104b69ac6583daed1ac,no_failure_global,True,,,,,,,
constant,3,0.001,-0.999,54fce513c0749c2eede2d8bdb6bb9a51a66b94493221c104b69ac6583daed1ac,no_failure_global,True,,,,,,,
constant,4,0.0001,-0.9999,54fce513c0749c2eede2d8bdb6bb9a51a66b94493221c104b69ac6583daed1ac,no_failure_global,True,,,,,,,
constant,5,1e-05,-0.99999,54fce513c0749c2eede2d8bdb6bb9a51a66b94493221c104b69ac6583daed1ac,no_failure_global,True,,,,,,,
constant,6,1e-06,-0.999999,54fce513c0749c2eede2d8bdb6bb9a51a66b94493221c104b69ac6583daed1ac,no_failure_global,True,,,,,,,
negative_quadratic,2,0.01,0.01,d221990bd432f0e204a77b324aec62b56043fafe70051bcce1a99fda21acb3e8,certified_first_failure,True,0.1414213562373095048801688724209698078569671875376941481942126529611538568883137060422336104666462094164738706364143665602942437354,0.1414213562373095048801688724209698078569671875376994937236328373524461379612480090059912408604064195138697945113986873575762179961,0.1414213562373095,5.34552942018439129228107293430296375763039376021009739592387498432079728197426071734099650711868889629840850830078125e-51,0.1414213562373095,0.0,0.0
negative_quadratic,3,0.001,0.001,d221990bd432f0e204a77b324aec62b56043fafe70051bcce1a99fda21acb3e8,certified_first_failure,True,0.0447213595499957939281834733746255247088123671922260633104431466087020321905502328940242485262243506087399213238316799985813069368,0.04472135954999579392818347337462552470881236719223140883986333099999431326348453585778187891998456070613584519881600079586328119752,0.044721359549995794,5.34552942018439129228107293430296375763039376021009739592387498432079728197426071734099650711868889629840850830078125e-51,0.044721359549995794,0.0,0.0
negative_quadratic,4,0.0001,0.0001,d221990bd432f0e204a77b324aec62b56043fafe70051bcce1a99fda21acb3e8,certified_first_failure,True,0.01414213562373095048801688724209698078569671875376834571353722841785692947424451001147183496791257892216820228864457249657302952139,0.01414213562373095048801688724209698078569671875377369124295741280914921054717881297522946536167278901956412616362889329385500378211,0.01414213562373095,5.34552942018439129228107293430296375763039376021009739592387498432079728197426071734099650711868889629840850830078125e-51,0.01414213562373095,0.0,0.0
negative_quadratic,5,1e-05,1e-05,d221990bd432f0e204a77b324aec62b56043fafe70051bcce1a99fda21acb3e8,certified_first_failure,True,0.004472135954999579392818347337462552470881236719222071778102296221740975111761592993026661813246414051134399744884735920129933267608,0.004472135954999579392818347337462552470881236719227417307522480613033256184695895956784292207006624148530323619869056717411907528326,0.00447213595499958,5.34552942018439129228107293430296375763039376021009739592387498432079728197426071734099650711868889629840850830078125e-51,0.00447213595499958,0.0,0.0
negative_quadratic,6,1e-06,1e-06,d221990bd432f0e204a77b324aec62b56043fafe70051bcce1a99fda21acb3e8,certified_first_failure,True,0.001414213562373095048801688724209698078569671875376300018411704402656464840131020704771420457415236882477227841366025169929105526068,0.001414213562373095048801688724209698078569671875381645547831888793948745913065323668529050851175446979873151716350345967211079786785,0.001414213562373095,5.34552942018439129228107293430296375763039376021009739592387498432079728197426071734099650711868889629840850830078125e-51,0.001414213562373095,0.0,0.0
linear_up_quadratic_down,2,0.01,0.01,affe17b4ea4a54566d033b8c979aa79930d130d1ceb09aabfd3bfd7f2e6d7fd4,certified_first_failure,True,0.1414213562373095048801688724209698078569671875376941481942126529611538568883137060422336104666462094164738706364143665602942437354,0.1414213562373095048801688724209698078569671875376994937236328373524461379612480090059912408604064195138697945113986873575762179961,0.1414213562373095,5.34552942018439129228107293430296375763039376021009739592387498432079728197426071734099650711868889629840850830078125e-51,0.1414213562373095,0.0,0.0
linear_up_quadratic_down,3,0.001,0.001,affe17b4ea4a54566d033b8c979aa79930d130d1ceb09aabfd3bfd7f2e6d7fd4,certified_first_failure,True,0.0447213595499957939281834733746255247088123671922260633104431466087020321905502328940242485262243506087399213238316799985813069368,0.04472135954999579392818347337462552470881236719223140883986333099999431326348453585778187891998456070613584519881600079586328119752,0.044721359549995794,5.34552942018439129228107293430296375763039376021009739592387498432079728197426071734099650711868889629840850830078125e-51,0.044721359549995794,0.0,0.0
linear_up_quadratic_down,4,0.0001,0.0001,affe17b4ea4a54566d033b8c979aa79930d130d1ceb09aabfd3bfd7f2e6d7fd4,certified_first_failure,True,0.01414213562373095048801688724209698078569671875376834571353722841785692947424451001147183496791257892216820228864457249657302952139,0.01414213562373095048801688724209698078569671875377369124295741280914921054717881297522946536167278901956412616362889329385500378211,0.01414213562373095,5.34552942018439129228107293430296375763039376021009739592387498432079728197426071734099650711868889629840850830078125e-51,0.01414213562373095,0.0,0.0
linear_up_quadratic_down,5,1e-05,1e-05,affe17b4ea4a54566d033b8c979aa79930d130d1ceb09aabfd3bfd7f2e6d7fd4,certified_first_failure,True,0.004472135954999579392818347337462552470881236719222071778102296221740975111761592993026661813246414051134399744884735920129933267608,0.004472135954999579392818347337462552470881236719227417307522480613033256184695895956784292207006624148530323619869056717411907528326,0.00447213595499958,5.34552942018439129228107293430296375763039376021009739592387498432079728197426071734099650711868889629840850830078125e-51,0.00447213595499958,0.0,0.0
linear_up_quadratic_down,6,1e-06,1e-06,affe17b4ea4a54566d033b8c979aa79930d130d1ceb09aabfd3bfd7f2e6d7fd4,certified_first_failure,True,0.001414213562373095048801688724209698078569671875376300018411704402656464840131020704771420457415236882477227841366025169929105526068,0.001414213562373095048801688724209698078569671875381645547831888793948745913065323668529050851175446979873151716350345967211079786785,0.001414213562373095,5.34552942018439129228107293430296375763039376021009739592387498432079728197426071734099650711868889629840850830078125e-51,0.001414213562373095,0.0,0.0
